NR_solar_pv,NER_solar_pv,ER_solar_pv,WR_solar_pv,SR_solar_pv,NR_onshore_wind,NER_onshore_wind,ER_onshore_wind,WR_onshore_wind,SR_onshore_wind
0,0,0,0,0,0.244582877,0.569944978,0.305529714,0.694188416,0.617810786
0,0,0,0,0,0.293396771,0.623258889,0.445487559,0.647399664,0.652051687
0,0,0,0,0,0.37860319,0.694188416,0.304045409,0.381773531,0.569944978
0,0,0,0,0,0.329338044,0.647399664,0.617810786,0.244582877,0.623258889
0,0,0,0,0,1.52E-05,0.381773531,0.652051687,0.293396771,0.694188416
0,0.037532443,0.003868023,0,0,4.55E-05,0.244582877,0.569944978,0.37860319,0.647399664
0.028168545,0.140088176,0.101290592,0.025073524,0.041892604,0.00057204,0.293396771,0.623258889,0.329338044,0.381773531
0.160302325,0.26583767,0.294546236,0.167213774,0.197856604,0.086801805,0.37860319,0.694188416,1.52E-05,0.244582877
0.362082816,0.377160786,0.469067997,0.390428629,0.408958317,0.341097623,0.329338044,0.647399664,4.55E-05,0.293396771
0.530113946,0.447654768,0.578649811,0.568145263,0.567525801,0.326572925,1.52E-05,0.381773531,0.00057204,0.37860319
0.648287274,0.48532939,0.644331343,0.68711925,0.67165112,0.38522929,4.55E-05,0.244582877,0.086801805,0.329338044
0.725233531,0.506184212,0.685036796,0.758916818,0.73352516,0.25948137,0.00057204,0.293396771,0.341097623,1.52E-05
0.756899066,0.498039613,0.683616935,0.783747726,0.745181335,0.818314612,0.086801805,0.37860319,0.326572925,4.55E-05
0.74096579,0.446905322,0.634604094,0.762441927,0.702036772,0.947374165,0.341097623,0.329338044,0.38522929,0.00057204
0.67887097,0.35310421,0.539979251,0.698253468,0.612361932,0.884191096,0.326572925,1.52E-05,0.25948137,0.086801805
0.570235264,0.230271213,0.40483065,0.596198017,0.487108263,0.863175511,0.38522929,4.55E-05,0.818314612,0.341097623
0.416920384,0.103127727,0.236368341,0.450350691,0.326528888,0.935150564,0.25948137,0.00057204,0.947374165,0.326572925
0.221637744,0.022464273,0.074067777,0.250833166,0.143563538,0.973402262,0.818314612,0.086801805,0.884191096,0.38522929
0.057293657,0,0.000948928,0.068891904,0.025041943,0.746089995,0.947374165,0.341097623,0.863175511,0.25948137
3.41114E-05,0,0,0.000116228,0,0.433065981,0.884191096,0.326572925,0.935150564,0.818314612
0,0,0,0,0,0.503579199,0.863175511,0.38522929,0.973402262,0.947374165
0,0,0,0,0,0.820716262,0.935150564,0.25948137,0.746089995,0.884191096
0,0,0,0,0,0.861984015,0.973402262,0.818314612,0.433065981,0.863175511
0,0,0,0,0,0.635637224,0.746089995,0.947374165,0.503579199,0.935150564
0,0,0,0,0,0.684829473,0.433065981,0.884191096,0.820716262,0.973402262
0,0,0,0,0,0.745589137,0.503579199,0.863175511,0.861984015,0.746089995
0,0,0,0,0,0.27747938,0.820716262,0.935150564,0.635637224,0.433065981
0,0,0,0,0,0.655076563,0.861984015,0.973402262,0.684829473,0.503579199
0,1.48304E-05,0,0,0,0.843971074,0.635637224,0.746089995,0.745589137,0.820716262
0,0.041901765,0.031332117,4.61733E-05,0,0.989659667,0.684829473,0.433065981,0.27747938,0.861984015
0.028168545,0.137421175,0.139127236,0.051132897,0.047171215,0.995543838,0.745589137,0.503579199,0.655076563,0.635637224
0.160302325,0.242002969,0.297028066,0.201223075,0.187775675,1,0.27747938,0.820716262,0.843971074,0.684829473
0.362082816,0.338567293,0.445079902,0.390759057,0.367188644,1,0.655076563,0.861984015,0.989659667,0.745589137
0.530113946,0.401563541,0.543373462,0.542294478,0.510468614,0.998463929,0.843971074,0.635637224,0.995543838,0.27747938
0.648287274,0.436941314,0.603885151,0.648332113,0.608344035,0.957467973,0.989659667,0.684829473,1,0.655076563
0.725233531,0.462796942,0.640312384,0.716780582,0.666862404,0.884891868,0.995543838,0.745589137,1,0.843971074
0.756899066,0.459183438,0.637826805,0.738765045,0.676640003,0.697858751,1,0.27747938,0.998463929,0.989659667
0.74096579,0.413408086,0.591346389,0.712781336,0.63468312,0.532083452,1,0.655076563,0.957467973,0.995543838
0.67887097,0.329442766,0.502125418,0.645864238,0.547155048,0.179168805,0.998463929,0.843971074,0.884891868,1
0.570235264,0.222679736,0.380468501,0.546613672,0.426888148,0.460624933,0.957467973,0.989659667,0.697858751,1
0.416920384,0.114757868,0.228503579,0.412264722,0.281131836,0.575961411,0.884891868,0.995543838,0.532083452,0.998463929
0.221637744,0.032010288,0.078080236,0.237827855,0.125623376,0.526084423,0.697858751,1,0.179168805,0.957467973
0.057293657,0.000034643,0.005393065,0.072066607,0.024670557,0.570720732,0.532083452,1,0.460624933,0.884891868
3.41114E-05,0,0,0.001617507,0,0.616125405,0.179168805,0.998463929,0.575961411,0.697858751
0,0,0,0,0,0.687053382,0.460624933,0.957467973,0.526084423,0.532083452
0,0,0,0,0,0.553053379,0.575961411,0.884891868,0.570720732,0.179168805
0,0,0,0,0,0.677880645,0.526084423,0.697858751,0.616125405,0.460624933
0,0,0,0,0,0.80630821,0.570720732,0.532083452,0.687053382,0.575961411
0,0,0,0,0,0.801423192,0.616125405,0.179168805,0.553053379,0.526084423
0,0,0,0,0,0.736126423,0.687053382,0.460624933,0.677880645,0.570720732
0,0,0,0,0,0.630956411,0.553053379,0.575961411,0.80630821,0.616125405
0,0,0,0,0,0.731341124,0.677880645,0.526084423,0.801423192,0.687053382
0,7.14015E-05,0,0,0,0.992636561,0.80630821,0.570720732,0.736126423,0.553053379
0,0.031869727,0.025743095,9.70967E-05,0,1,0.801423192,0.616125405,0.630956411,0.677880645
0.028168545,0.10870986,0.110508646,0.036548051,0.02963198,1,0.736126423,0.687053382,0.731341124,0.80630821
0.160302325,0.206185735,0.245873715,0.143809314,0.135438419,1,0.630956411,0.553053379,0.992636561,0.801423192
0.362082816,0.305360592,0.384765591,0.289325059,0.287872523,1,0.731341124,0.677880645,1,0.736126423
0.530113946,0.37405333,0.478454849,0.404995217,0.413572375,1,0.992636561,0.80630821,1,0.630956411
0.648287274,0.412433023,0.533131936,0.485059818,0.496553231,0.999652565,1,0.801423192,1,0.731341124
0.725233531,0.434805188,0.560503147,0.540685957,0.54165551,0.945950031,1,0.736126423,1,0.992636561
0.756899066,0.429373165,0.550105804,0.551912019,0.541526563,0.987837434,1,0.630956411,1,1
0.74096579,0.392086579,0.504116346,0.52513961,0.503830855,1,1,0.731341124,0.999652565,1
0.67887097,0.319812186,0.424875087,0.46760344,0.432579925,0.958051622,1,0.992636561,0.945950031,1
0.570235264,0.221984813,0.322115372,0.384929871,0.332956098,1,0.999652565,1,0.987837434,1
0.416920384,0.12148518,0.198185993,0.28015749,0.21481898,0.996488094,0.945950031,1,1,1
0.221637744,0.037536667,0.076320581,0.154844094,0.099509431,0.997731447,0.987837434,1,0.958051622,0.999652565
0.057293657,0.001276633,0.011554049,0.046888747,0.023984818,0.997055888,1,1,1,0.945950031
3.41114E-05,0,0,0.002993463,5.33106E-06,1,0.958051622,1,0.996488094,0.987837434
0,0,0,0,0,0.999057055,1,0.999652565,0.997731447,1
0,0,0,0,0,0.964799762,0.996488094,0.945950031,0.997055888,0.958051622
0,0,0,0,0,0.929325104,0.997731447,0.987837434,1,1
0,0,0,0,0,0.906229854,0.997055888,1,0.999057055,0.996488094
0,0,0,0,0,0.809327066,1,0.958051622,0.964799762,0.997731447
0,0,0,0,0,0.651830137,0.999057055,1,0.929325104,0.997055888
0,0,0,0,0,0.48080951,0.964799762,0.996488094,0.906229854,1
0,0,0,0,0,0.378751755,0.929325104,0.997731447,0.809327066,0.999057055
0,0,0,0,0,0.383687705,0.906229854,0.997055888,0.651830137,0.964799762
0,0.018367976,0.008699189,6.97174E-07,0,0.43698281,0.809327066,1,0.48080951,0.929325104
0.028168545,0.073878282,0.057796778,0.013549298,0.019176917,0.027345492,0.651830137,0.999057055,0.378751755,0.906229854
0.160302325,0.162886631,0.158517318,0.070179459,0.097453136,0.000123209,0.48080951,0.964799762,0.383687705,0.809327066
0.362082816,0.264600588,0.276008548,0.1649287,0.226656626,5.38E-05,0.378751755,0.929325104,0.43698281,0.651830137
0.530113946,0.345009389,0.359633278,0.24537725,0.344153534,6.64E-05,0.383687705,0.906229854,0.027345492,0.48080951
0.648287274,0.395807962,0.406551005,0.303188768,0.423652467,0.002060085,0.43698281,0.809327066,0.000123209,0.378751755
0.725233531,0.421341656,0.431033394,0.349695235,0.467690279,5.04E-05,0.027345492,0.651830137,5.38E-05,0.383687705
0.756899066,0.413537762,0.426120426,0.369299561,0.470649699,0.097491965,0.000123209,0.48080951,6.64E-05,0.43698281
0.74096579,0.372044019,0.392856392,0.356433124,0.436196213,0.291266352,5.38E-05,0.378751755,0.002060085,0.027345492
0.67887097,0.301515608,0.327540149,0.315890947,0.37098972,0.210415676,6.64E-05,0.383687705,5.04E-05,0.000123209
0.570235264,0.211032957,0.243267778,0.25738533,0.283949661,0.223368809,0.002060085,0.43698281,0.097491965,5.38E-05
0.416920384,0.114473305,0.149093864,0.181499574,0.181293397,0.409326077,5.04E-05,0.027345492,0.291266352,6.64E-05
0.221637744,0.03487298,0.060032846,0.094245247,0.082196902,0.685454428,0.097491965,0.000123209,0.210415676,0.002060085
0.057293657,0.001742103,0.010929424,0.026673526,0.019225853,0.560226202,0.291266352,5.38E-05,0.223368809,5.04E-05
3.41114E-05,0,0,0.001714032,4.95409E-06,0.414616615,0.210415676,6.64E-05,0.409326077,0.097491965
0,0,0,0,0,0.492882252,0.223368809,0.002060085,0.685454428,0.291266352
0,0,0,0,0,0.543901205,0.409326077,5.04E-05,0.560226202,0.210415676
0,0,0,0,0,0.584094465,0.685454428,0.097491965,0.414616615,0.223368809
0,0,0,0,0,0.575396657,0.560226202,0.291266352,0.492882252,0.409326077
0,0,0,0,0,0.222339511,0.414616615,0.210415676,0.543901205,0.685454428
0,0,0,0,0,0.063489825,0.492882252,0.223368809,0.584094465,0.560226202
0,0,0,0,0,0.034827486,0.543901205,0.409326077,0.575396657,0.414616615
0,0,0,0,0,0.0359466,0.584094465,0.685454428,0.222339511,0.492882252
0,0,0,0,0,0.168909371,0.575396657,0.560226202,0.063489825,0.543901205
0,0.021596612,0.001614276,0,0,0.119043224,0.222339511,0.414616615,0.034827486,0.584094465
0.028168545,0.096107401,0.054766203,0.009289247,0.0177531,0.057592459,0.063489825,0.492882252,0.0359466,0.575396657
0.160302325,0.208913968,0.182334557,0.072100959,0.099663088,0.084502511,0.034827486,0.543901205,0.168909371,0.222339511
0.362082816,0.322561179,0.32461304,0.190405276,0.239711236,0.249637455,0.0359466,0.584094465,0.119043224,0.063489825
0.530113946,0.412043789,0.422807408,0.277139654,0.360126451,0.350143909,0.168909371,0.575396657,0.057592459,0.034827486
0.648287274,0.468468826,0.475910669,0.331102721,0.435836919,0.742475271,0.119043224,0.222339511,0.084502511,0.0359466
0.725233531,0.49205162,0.504584821,0.378329198,0.478373291,0.870121062,0.057592459,0.063489825,0.249637455,0.168909371
0.756899066,0.484090573,0.497714406,0.400660292,0.484508526,0.958805382,0.084502511,0.034827486,0.350143909,0.119043224
0.74096579,0.436573502,0.453280358,0.392230459,0.449445168,0.799080312,0.249637455,0.0359466,0.742475271,0.057592459
0.67887097,0.351093142,0.376573745,0.350881023,0.378401934,0.399789095,0.350143909,0.168909371,0.870121062,0.084502511
0.570235264,0.241245504,0.274951864,0.284926348,0.285959871,0.343781441,0.742475271,0.119043224,0.958805382,0.249637455
0.416920384,0.123367517,0.158785041,0.199204372,0.176977658,0.002315517,0.870121062,0.057592459,0.799080312,0.350143909
0.221637744,0.033417793,0.053587996,0.107543947,0.074270379,0.094827555,0.958805382,0.084502511,0.399789095,0.742475271
0.057293657,0.000154151,0.004798177,0.031123546,0.014648873,0.031066958,0.799080312,0.249637455,0.343781441,0.870121062
3.41114E-05,0,0,0.000395911,0,0.097598262,0.399789095,0.350143909,0.002315517,0.958805382
0,0,0,0,0,0.058144085,0.343781441,0.742475271,0.094827555,0.799080312
0,0,0,0,0,0.142925054,0.002315517,0.870121062,0.031066958,0.399789095
0,0,0,0,0,0.373674929,0.094827555,0.958805382,0.097598262,0.343781441
0,0,0,0,0,0.434153348,0.031066958,0.799080312,0.058144085,0.002315517
0,0,0,0,0,0.435889482,0.097598262,0.399789095,0.142925054,0.094827555
0,0,0,0,0,0.563583791,0.058144085,0.343781441,0.373674929,0.031066958
0,0,0,0,0,0.845474541,0.142925054,0.002315517,0.434153348,0.097598262
0,0,0,0,0,0.694941878,0.373674929,0.094827555,0.435889482,0.058144085
0,0,0,0,0,0.832901537,0.434153348,0.031066958,0.563583791,0.142925054
0,0.018129165,9.97578E-06,0,0,0.784772754,0.435889482,0.097598262,0.845474541,0.373674929
0.028168545,0.098892003,0.065960248,0.010365576,0.024634202,0.584573805,0.563583791,0.058144085,0.694941878,0.434153348
0.160302325,0.224293789,0.221993233,0.10412263,0.1388315,0.526055634,0.845474541,0.142925054,0.832901537,0.435889482
0.362082816,0.335391152,0.379960332,0.278629414,0.316784795,0.535089731,0.694941878,0.373674929,0.784772754,0.563583791
0.530113946,0.404257016,0.473395401,0.407806705,0.455255007,0.20891723,0.832901537,0.434153348,0.584573805,0.845474541
0.648287274,0.44592744,0.519037537,0.480577685,0.539025892,0.3200486,0.784772754,0.435889482,0.526055634,0.694941878
0.725233531,0.46954489,0.53764809,0.525078266,0.580651139,0.762181401,0.584573805,0.563583791,0.535089731,0.832901537
0.756899066,0.458529972,0.520718864,0.530232129,0.575155643,0.967575073,0.526055634,0.845474541,0.20891723,0.784772754
0.74096579,0.405668318,0.467542763,0.502002626,0.526155639,0.947055817,0.535089731,0.694941878,0.3200486,0.584573805
0.67887097,0.308281378,0.379580114,0.437831578,0.438464912,0.922798336,0.20891723,0.832901537,0.762181401,0.526055634
0.570235264,0.191771429,0.266716478,0.351699874,0.328380989,0.981649756,0.3200486,0.784772754,0.967575073,0.535089731
0.416920384,0.078755196,0.138112833,0.239025677,0.197238204,0.987221539,0.762181401,0.584573805,0.947055817,0.20891723
0.221637744,0.012112534,0.036178216,0.10842361,0.070617725,0.972513497,0.967575073,0.526055634,0.922798336,0.3200486
0.057293657,0,0.000114229,0.022472359,0.00858835,0.921534657,0.947055817,0.535089731,0.981649756,0.762181401
3.41114E-05,0,0,7.08008E-07,0,0.942537785,0.922798336,0.20891723,0.987221539,0.967575073
0,0,0,0,0,0.942126811,0.981649756,0.3200486,0.972513497,0.947055817
0,0,0,0,0,0.740993917,0.987221539,0.762181401,0.921534657,0.922798336
0,0,0,0,0,0.56838423,0.972513497,0.967575073,0.942537785,0.981649756
0,0,0,0,0,0.254551947,0.921534657,0.947055817,0.942126811,0.987221539
0,0,0,0,0,0.088092998,0.942537785,0.922798336,0.740993917,0.972513497
0,0,0,0,0,0.153454423,0.942126811,0.981649756,0.56838423,0.921534657
0,0,0,0,0,0.125184193,0.740993917,0.987221539,0.254551947,0.942537785
0,0,0,0,0,0.232314631,0.56838423,0.972513497,0.088092998,0.942126811
0,0,0,0,0,0.527668715,0.254551947,0.921534657,0.153454423,0.740993917
0,0.005753611,0,0,0,0.643087626,0.088092998,0.942537785,0.125184193,0.56838423
0.028168545,0.112826529,0.077506826,0.008339044,0.02556177,0.444231838,0.153454423,0.942126811,0.232314631,0.254551947
0.160302325,0.29605062,0.25839701,0.125738749,0.156097684,0.497035325,0.125184193,0.740993917,0.527668715,0.088092998
0.362082816,0.43061533,0.432675956,0.342778783,0.353591363,0.564896762,0.232314631,0.56838423,0.643087626,0.153454423
0.530113946,0.499194474,0.533182454,0.516879638,0.499175391,0.640720606,0.527668715,0.254551947,0.444231838,0.125184193
0.648287274,0.533077332,0.582899802,0.62658799,0.586025609,0.400899559,0.643087626,0.088092998,0.497035325,0.232314631
0.725233531,0.549128151,0.605466964,0.682536924,0.629005684,0.538941324,0.444231838,0.153454423,0.564896762,0.527668715
0.756899066,0.52604716,0.588487885,0.686536735,0.620883644,0.923362017,0.497035325,0.125184193,0.640720606,0.643087626
0.74096579,0.463501501,0.526844348,0.647163858,0.566066032,0.840292275,0.564896762,0.232314631,0.400899559,0.444231838
0.67887097,0.357537248,0.425540756,0.565915282,0.477118589,0.243614614,0.640720606,0.527668715,0.538941324,0.497035325
0.570235264,0.213653945,0.283684551,0.442333116,0.355129183,0.643543959,0.400899559,0.643087626,0.923362017,0.564896762
0.416920384,0.067541782,0.112683202,0.276098901,0.203556536,0.796087563,0.538941324,0.444231838,0.840292275,0.640720606
0.221637744,0.000363079,0.012219102,0.097498627,0.062029891,0.903208315,0.923362017,0.497035325,0.243614614,0.400899559
0.057293657,0,0,0.005894177,0.000766355,0.935438216,0.840292275,0.564896762,0.643543959,0.538941324
3.41114E-05,0,0,0,0,0.997932076,0.243614614,0.640720606,0.796087563,0.923362017
0,0,0,0,0,0.982208312,0.643543959,0.400899559,0.903208315,0.840292275
0,0,0,0,0,0.986259937,0.796087563,0.538941324,0.935438216,0.243614614
0,0,0,0,0,0.994179308,0.903208315,0.923362017,0.997932076,0.643543959
0,0,0,0,0,0.966724813,0.935438216,0.840292275,0.982208312,0.796087563
0,0,0,0,0,0.938414276,0.997932076,0.243614614,0.986259937,0.903208315
0,0,0,0,0,0.819656253,0.982208312,0.643543959,0.994179308,0.935438216
0,0,0,0,0,0.804335475,0.986259937,0.796087563,0.966724813,0.997932076
0,0,0,0,0,0.796525359,0.994179308,0.903208315,0.938414276,0.982208312
0,0,0,0,0,0.6475963,0.966724813,0.935438216,0.819656253,0.986259937
0,0,0,0,0,0.803939998,0.938414276,0.997932076,0.804335475,0.994179308
0.028168545,0.109948012,0.051050887,0.001096135,0.008493476,0.813347638,0.819656253,0.982208312,0.796525359,0.966724813
0.160302325,0.328276278,0.221020596,0.107148217,0.147571789,0.786184669,0.804335475,0.986259937,0.6475963,0.938414276
0.362082816,0.500389856,0.4235184,0.329040347,0.380535076,0.809754848,0.796525359,0.994179308,0.803939998,0.819656253
0.530113946,0.582692407,0.553563866,0.517244325,0.530433368,0.920710862,0.6475963,0.966724813,0.813347638,0.804335475
0.648287274,0.619939029,0.625051986,0.630445419,0.610164795,0.424674869,0.803939998,0.938414276,0.786184669,0.796525359
0.725233531,0.636590034,0.650565976,0.687481075,0.649094112,0.673590124,0.813347638,0.819656253,0.809754848,0.6475963
0.756899066,0.608664542,0.631141084,0.695377762,0.640143269,0.722590208,0.786184669,0.804335475,0.920710862,0.803939998
0.74096579,0.533595096,0.566111088,0.661083169,0.589878402,0.807032704,0.809754848,0.796525359,0.424674869,0.813347638
0.67887097,0.406246521,0.444986446,0.581190504,0.502673365,0.794338346,0.920710862,0.6475963,0.673590124,0.786184669
0.570235264,0.214778245,0.268523736,0.450220806,0.376077865,0.920866907,0.424674869,0.803939998,0.722590208,0.809754848
0.416920384,0.0507441,0.084389002,0.265459406,0.21685208,0.775906444,0.673590124,0.813347638,0.807032704,0.920710862
0.221637744,0,0.000352542,0.079720202,0.065806525,0.790116549,0.722590208,0.786184669,0.794338346,0.424674869
0.057293657,0,0,0.000288221,0,0.313982964,0.807032704,0.809754848,0.920866907,0.673590124
3.41114E-05,0,0,0,0,0.228863105,0.794338346,0.920710862,0.775906444,0.722590208
0,0,0,0,0,0.186610132,0.920866907,0.424674869,0.790116549,0.807032704
0,0,0,0,0,0.168072969,0.775906444,0.673590124,0.313982964,0.794338346
0,0,0,0,0,0.099481188,0.790116549,0.722590208,0.228863105,0.920866907
0,0,0,0,0,0.07131198,0.313982964,0.807032704,0.186610132,0.775906444
0,0,0,0,0,0.141474232,0.228863105,0.794338346,0.168072969,0.790116549
0,0,0,0,0,0.174716681,0.186610132,0.920866907,0.099481188,0.313982964
0,0,0,0,0,0.109989181,0.168072969,0.775906444,0.07131198,0.228863105
0,0,0,0,0,0.090794012,0.099481188,0.790116549,0.141474232,0.186610132
0,0,0,0,0,0.030788897,0.07131198,0.313982964,0.174716681,0.168072969
0,0,0,0,0,0.016659057,0.141474232,0.228863105,0.109989181,0.099481188
0.028168545,0.064766638,0.004242237,0,0.00006223,0.026496863,0.174716681,0.186610132,0.090794012,0.07131198
0.160302325,0.255268649,0.135981336,0.055830753,0.108882234,0.016100235,0.109989181,0.168072969,0.030788897,0.141474232
0.362082816,0.453660127,0.354738922,0.244582415,0.329000576,0.063318081,0.090794012,0.099481188,0.016659057,0.174716681
0.530113946,0.542779921,0.46872776,0.450991233,0.488560151,0.212307662,0.030788897,0.07131198,0.026496863,0.109989181
0.648287274,0.584379829,0.526999394,0.572971741,0.575258615,0.184758514,0.016659057,0.141474232,0.016100235,0.090794012
0.725233531,0.610835519,0.57363402,0.641610296,0.625140117,0.409239978,0.026496863,0.174716681,0.063318081,0.030788897
0.756899066,0.591498424,0.575769929,0.660908146,0.627792799,0.85537678,0.016100235,0.109989181,0.212307662,0.016659057
0.74096579,0.522767137,0.528135535,0.637427114,0.588121505,0.717418909,0.063318081,0.090794012,0.184758514,0.026496863
0.67887097,0.398029936,0.418195272,0.566945239,0.507992297,0.363580614,0.212307662,0.030788897,0.409239978,0.016100235
0.570235264,0.214457839,0.262842486,0.445826035,0.38945216,0.317670733,0.184758514,0.016659057,0.85537678,0.063318081
0.416920384,0.053774111,0.090474622,0.27544807,0.242685424,0.271577805,0.409239978,0.026496863,0.717418909,0.212307662
0.221637744,0,0.001099239,0.091087146,0.082892423,0.311569244,0.85537678,0.016100235,0.363580614,0.184758514
0.057293657,0,0,0.001916967,0.000256649,0.221334517,0.717418909,0.063318081,0.317670733,0.409239978
3.41114E-05,0,0,0,0,0.171090662,0.363580614,0.212307662,0.271577805,0.85537678
0,0,0,0,0,0.079606064,0.317670733,0.184758514,0.311569244,0.717418909
0,0,0,0,0,0.189559758,0.271577805,0.409239978,0.221334517,0.363580614
0,0,0,0,0,0.259287894,0.311569244,0.85537678,0.171090662,0.317670733
0,0,0,0,0,0.127237305,0.221334517,0.717418909,0.079606064,0.271577805
0,0,0,0,0,0.17743887,0.171090662,0.363580614,0.189559758,0.311569244
0,0,0,0,0,0.27053991,0.079606064,0.317670733,0.259287894,0.221334517
0,0,0,0,0,0.18752566,0.189559758,0.271577805,0.127237305,0.171090662
0,0,0,0,0,0.695573568,0.259287894,0.311569244,0.17743887,0.079606064
0,0,0,0,0,0.131348357,0.127237305,0.221334517,0.27053991,0.189559758
0,0,0,0,0,0.239212155,0.17743887,0.171090662,0.18752566,0.259287894
0.028168545,0.0412833,3.87821E-07,0,0,0.310001045,0.27053991,0.079606064,0.695573568,0.127237305
0.160302325,0.21719522,0.123562505,0.036124838,0.099302754,0.416327089,0.18752566,0.189559758,0.131348357,0.17743887
0.362082816,0.437239152,0.350346208,0.227561325,0.322716078,0.421913445,0.695573568,0.259287894,0.239212155,0.27053991
0.530113946,0.555174385,0.470659642,0.474633847,0.515044317,0.579014182,0.131348357,0.127237305,0.310001045,0.18752566
0.648287274,0.618641955,0.530772992,0.621990347,0.630605142,0.643352985,0.239212155,0.17743887,0.416327089,0.695573568
0.725233531,0.654165025,0.593863891,0.703798963,0.697638048,0.790205538,0.310001045,0.27053991,0.421913445,0.131348357
0.756899066,0.644009549,0.61795828,0.73605817,0.716580655,0.734749496,0.416327089,0.18752566,0.579014182,0.239212155
0.74096579,0.584443909,0.591373309,0.727632665,0.694481821,0.901278973,0.421913445,0.695573568,0.643352985,0.310001045
0.67887097,0.461943299,0.497196321,0.67469884,0.629024793,0.443615586,0.579014182,0.131348357,0.790205538,0.416327089
0.570235264,0.279176191,0.34426557,0.57147126,0.517746087,0.563726008,0.643352985,0.239212155,0.734749496,0.421913445
0.416920384,0.087129579,0.143554844,0.40257636,0.350324394,0.776801109,0.790205538,0.310001045,0.901278973,0.579014182
0.221637744,9.21049E-05,0.016104115,0.167484634,0.13445333,0.593942106,0.734749496,0.416327089,0.443615586,0.643352985
0.057293657,0,0,0.018261165,0.009415295,0.759970427,0.901278973,0.421913445,0.563726008,0.790205538
3.41114E-05,0,0,0,0,0.504448533,0.443615586,0.579014182,0.776801109,0.734749496
0,0,0,0,0,0.487716585,0.563726008,0.643352985,0.593942106,0.901278973
0,0,0,0,0,0.197554901,0.776801109,0.790205538,0.759970427,0.443615586
0,0,0,0,0,0.051789507,0.593942106,0.734749496,0.504448533,0.563726008
0,0,0,0,0,0.297564685,0.759970427,0.901278973,0.487716585,0.776801109
0,0,0,0,0,0.620805919,0.504448533,0.443615586,0.197554901,0.593942106
0,0,0,0,0,0.506251514,0.487716585,0.563726008,0.051789507,0.759970427
0,0,0,0,0,0.369528323,0.197554901,0.776801109,0.297564685,0.504448533
0,0,0,0,0,0.075398572,0.051789507,0.593942106,0.620805919,0.487716585
0,0,0,0,0,0.052092776,0.297564685,0.759970427,0.506251514,0.197554901
0,0,0,0,0,0.000912532,0.620805919,0.504448533,0.369528323,0.051789507
0.028168545,0.06350896,0.008823963,0,8.97956E-06,0.003804801,0.506251514,0.487716585,0.075398572,0.297564685
0.160302325,0.226344513,0.148806513,0.059198695,0.107371269,0.004665192,0.369528323,0.197554901,0.052092776,0.620805919
0.362082816,0.399621076,0.382050465,0.260889475,0.345519128,0.034942862,0.075398572,0.051789507,0.000912532,0.506251514
0.530113946,0.506024334,0.537776593,0.494000346,0.549781914,0.130620405,0.052092776,0.297564685,0.003804801,0.369528323
0.648287274,0.564421175,0.630873886,0.640014732,0.672936237,0.209739819,0.000912532,0.620805919,0.004665192,0.075398572
0.725233531,0.593604255,0.68064409,0.724162328,0.747078476,0.270353645,0.003804801,0.506251514,0.034942862,0.052092776
0.756899066,0.587792531,0.687478942,0.760361472,0.773695645,0.587898731,0.004665192,0.369528323,0.130620405,0.000912532
0.74096579,0.535570515,0.650252901,0.753486574,0.755049595,0.801127791,0.034942862,0.075398572,0.209739819,0.003804801
0.67887097,0.420190117,0.557936247,0.702994787,0.691801778,0.471754193,0.130620405,0.052092776,0.270353645,0.004665192
0.570235264,0.261012072,0.410027556,0.607318086,0.585818496,0.497119367,0.209739819,0.000912532,0.587898731,0.034942862
0.416920384,0.091215323,0.208916103,0.450924309,0.423246743,0.433294594,0.270353645,0.003804801,0.801127791,0.130620405
0.221637744,0.004193493,0.048571953,0.221824347,0.193411402,0.464815438,0.587898731,0.004665192,0.471754193,0.209739819
0.057293657,0,0,0.044805602,0.03130264,0.495626986,0.801127791,0.034942862,0.497119367,0.270353645
3.41114E-05,0,0,0,0,0.773328662,0.471754193,0.130620405,0.433294594,0.587898731
0,0,0,0,0,0.922425091,0.497119367,0.209739819,0.464815438,0.801127791
0,0,0,0,0,0.975681365,0.433294594,0.270353645,0.495626986,0.471754193
0,0,0,0,0,0.998668909,0.464815438,0.587898731,0.773328662,0.497119367
0,0,0,0,0,0.96816361,0.495626986,0.801127791,0.922425091,0.433294594
0,0,0,0,0,0.995454729,0.773328662,0.471754193,0.975681365,0.464815438
0,0,0,0,0,0.987193763,0.922425091,0.497119367,0.998668909,0.495626986
0,0,0,0,0,0.9938519,0.975681365,0.433294594,0.96816361,0.773328662
0,0,0,0,0,0.997879922,0.998668909,0.464815438,0.995454729,0.922425091
0,0,0,0,0,0.994140625,0.96816361,0.495626986,0.987193763,0.975681365
0,0.002818922,0,0,0,0.999531507,0.995454729,0.773328662,0.9938519,0.998668909
0.028168545,0.097517573,0.064778894,0.003188397,0.006130837,1,0.987193763,0.922425091,0.997879922,0.96816361
0.160302325,0.274908586,0.24802122,0.109267752,0.140814396,1,0.9938519,0.975681365,0.994140625,0.995454729
0.362082816,0.421797906,0.453188661,0.338044572,0.385471322,0.999296963,0.997879922,0.998668909,0.999531507,0.987193763
0.530113946,0.509333356,0.591517346,0.544852225,0.569509923,0.987912178,0.994140625,0.96816361,1,0.9938519
0.648287274,0.559454539,0.678417539,0.678220947,0.684429851,0.973082304,0.999531507,0.995454729,1,0.997879922
0.725233531,0.584622242,0.722725413,0.757915152,0.751421627,0.908562422,1,0.987193763,0.999296963,0.994140625
0.756899066,0.574000643,0.726041432,0.791492929,0.768361416,0.863576651,1,0.9938519,0.987912178,0.999531507
0.74096579,0.51615533,0.68809343,0.782322524,0.738304208,0.441652387,0.999296963,0.997879922,0.973082304,1
0.67887097,0.407322889,0.597813196,0.728302747,0.665766586,0.133826673,0.987912178,0.994140625,0.908562422,1
0.570235264,0.260508761,0.456730347,0.62888002,0.553962919,0.18830952,0.973082304,0.999531507,0.863576651,0.999296963
0.416920384,0.102553694,0.26401039,0.473381589,0.390631997,0.080651544,0.908562422,1,0.441652387,0.987912178
0.221637744,0.014300045,0.077175757,0.250336495,0.177615609,0.102896959,0.863576651,1,0.133826673,0.973082304
0.057293657,0,1.34011E-05,0.060944371,0.030836673,0.292079359,0.441652387,0.999296963,0.18830952,0.908562422
3.41114E-05,0,0,1.38311E-06,0,0.240472272,0.133826673,0.987912178,0.080651544,0.863576651
0,0,0,0,0,0.247440055,0.18830952,0.973082304,0.102896959,0.441652387
0,0,0,0,0,0.237611532,0.080651544,0.908562422,0.292079359,0.133826673
0,0,0,0,0,0.436896056,0.102896959,0.863576651,0.240472272,0.18830952
0,0,0,0,0,0.34168756,0.292079359,0.441652387,0.247440055,0.080651544
0,0,0,0,0,0.466558039,0.240472272,0.133826673,0.237611532,0.102896959
0,0,0,0,0,0.813244164,0.247440055,0.18830952,0.436896056,0.292079359
0,0,0,0,0,0.302878886,0.237611532,0.080651544,0.34168756,0.240472272
0,0,0,0,0,0.373046428,0.436896056,0.102896959,0.466558039,0.247440055
0,0,0,0,0,0.228007585,0.34168756,0.292079359,0.813244164,0.237611532
0,0.037532443,0.003868023,0,0,0.705251694,0.466558039,0.240472272,0.302878886,0.436896056
0.028168545,0.140088176,0.101290592,0.025073524,0.041892604,0.98025769,0.813244164,0.247440055,0.373046428,0.34168756
0.160302325,0.26583767,0.294546236,0.167213774,0.197856604,1,0.302878886,0.237611532,0.228007585,0.466558039
0.362082816,0.377160786,0.469067997,0.390428629,0.408958317,1,0.373046428,0.436896056,0.705251694,0.813244164
0.530113946,0.447654768,0.578649811,0.568145263,0.567525801,1,0.228007585,0.34168756,0.98025769,0.302878886
0.648287274,0.48532939,0.644331343,0.68711925,0.67165112,1,0.705251694,0.466558039,1,0.373046428
0.725233531,0.506184212,0.685036796,0.758916818,0.73352516,1,0.98025769,0.813244164,1,0.228007585
0.756899066,0.498039613,0.683616935,0.783747726,0.745181335,1,1,0.302878886,1,0.705251694
0.74096579,0.446905322,0.634604094,0.762441927,0.702036772,1,1,0.373046428,1,0.98025769
0.67887097,0.35310421,0.539979251,0.698253468,0.612361932,1,1,0.228007585,1,1
0.570235264,0.230271213,0.40483065,0.596198017,0.487108263,1,1,0.705251694,1,1
0.416920384,0.103127727,0.236368341,0.450350691,0.326528888,1,1,0.98025769,1,1
0.221637744,0.022464273,0.074067777,0.250833166,0.143563538,1,1,1,1,1
0.057293657,0,0.000948928,0.068891904,0.025041943,0.990385175,1,1,1,1
3.41114E-05,0,0,0.000116228,0,0.974543273,1,1,1,1
0,0,0,0,0,1,1,1,1,1
0,0,0,0,0,0.998923659,1,1,0.990385175,1
0,0,0,0,0,1,1,1,0.974543273,1
0,0,0,0,0,0.9999156,0.990385175,1,1,1
0,0,0,0,0,0.989916205,0.974543273,1,0.998923659,1
0,0,0,0,0,0.989458561,1,1,1,0.990385175
0,0,0,0,0,0.752799571,0.998923659,1,0.9999156,0.974543273
0,0,0,0,0,0.907200992,1,1,0.989916205,1
0,1.48304E-05,0,0,0,0.940828919,0.9999156,0.990385175,0.989458561,0.998923659
0,0.041901765,0.031332117,4.61733E-05,0,0.985960245,0.989916205,0.974543273,0.752799571,1
0.028168545,0.137421175,0.139127236,0.051132897,0.047171215,0.993910849,0.989458561,1,0.907200992,0.9999156
0.160302325,0.242002969,0.297028066,0.201223075,0.187775675,0.985459149,0.752799571,0.998923659,0.940828919,0.989916205
0.362082816,0.338567293,0.445079902,0.390759057,0.367188644,0.984604716,0.907200992,1,0.985960245,0.989458561
0.530113946,0.401563541,0.543373462,0.542294478,0.510468614,0.991283655,0.940828919,0.9999156,0.993910849,0.752799571
0.648287274,0.436941314,0.603885151,0.648332113,0.608344035,0.977170289,0.985960245,0.989916205,0.985459149,0.907200992
0.725233531,0.462796942,0.640312384,0.716780582,0.666862404,0.987855911,0.993910849,0.989458561,0.984604716,0.940828919
0.756899066,0.459183438,0.637826805,0.738765045,0.676640003,0.838460803,0.985459149,0.752799571,0.991283655,0.985960245
0.74096579,0.413408086,0.591346389,0.712781336,0.63468312,0.869346082,0.984604716,0.907200992,0.977170289,0.993910849
0.67887097,0.329442766,0.502125418,0.645864238,0.547155048,0.794923484,0.991283655,0.940828919,0.987855911,0.985459149
0.570235264,0.222679736,0.380468501,0.546613672,0.426888148,0.913891792,0.977170289,0.985960245,0.838460803,0.984604716
0.416920384,0.114757868,0.228503579,0.412264722,0.281131836,0.940207124,0.987855911,0.993910849,0.869346082,0.991283655
0.221637744,0.032010288,0.078080236,0.237827855,0.125623376,0.90137291,0.838460803,0.985459149,0.794923484,0.977170289
0.057293657,0.000034643,0.005393065,0.072066607,0.024670557,0.939054847,0.869346082,0.984604716,0.913891792,0.987855911
3.41114E-05,0,0,0.001617507,0,0.998811007,0.794923484,0.991283655,0.940207124,0.838460803
0,0,0,0,0,0.999851406,0.913891792,0.977170289,0.90137291,0.869346082
0,0,0,0,0,1,0.940207124,0.987855911,0.939054847,0.794923484
0,0,0,0,0,1,0.90137291,0.838460803,0.998811007,0.913891792
0,0,0,0,0,1,0.939054847,0.869346082,0.999851406,0.940207124
0,0,0,0,0,1,0.998811007,0.794923484,1,0.90137291
0,0,0,0,0,0.998225033,0.999851406,0.913891792,1,0.939054847
0,0,0,0,0,0.949328542,1,0.940207124,1,0.998811007
0,0,0,0,0,0.994878829,1,0.90137291,1,0.999851406
0,7.14015E-05,0,0,0,0.993906379,1,0.939054847,0.998225033,1
0,0.031869727,0.025743095,9.70967E-05,0,0.911872685,1,0.998811007,0.949328542,1
0.028168545,0.10870986,0.110508646,0.036548051,0.02963198,0.806655169,0.998225033,0.999851406,0.994878829,1
0.160302325,0.206185735,0.245873715,0.143809314,0.135438419,0.99997896,0.949328542,1,0.993906379,1
0.362082816,0.305360592,0.384765591,0.289325059,0.287872523,0.946918428,0.994878829,1,0.911872685,0.998225033
0.530113946,0.37405333,0.478454849,0.404995217,0.413572375,0.998580515,0.993906379,1,0.806655169,0.949328542
0.648287274,0.412433023,0.533131936,0.485059818,0.496553231,0.999340951,0.911872685,1,0.99997896,0.994878829
0.725233531,0.434805188,0.560503147,0.540685957,0.54165551,1,0.806655169,0.998225033,0.946918428,0.993906379
0.756899066,0.429373165,0.550105804,0.551912019,0.541526563,0.98964864,0.99997896,0.949328542,0.998580515,0.911872685
0.74096579,0.392086579,0.504116346,0.52513961,0.503830855,0.993235052,0.946918428,0.994878829,0.999340951,0.806655169
0.67887097,0.319812186,0.424875087,0.46760344,0.432579925,0.898518324,0.998580515,0.993906379,1,0.99997896
0.570235264,0.221984813,0.322115372,0.384929871,0.332956098,0.944250226,0.999340951,0.911872685,0.98964864,0.946918428
0.416920384,0.12148518,0.198185993,0.28015749,0.21481898,0.784093738,1,0.806655169,0.993235052,0.998580515
0.221637744,0.037536667,0.076320581,0.154844094,0.099509431,0.894709051,0.98964864,0.99997896,0.898518324,0.999340951
0.057293657,0.001276633,0.011554049,0.046888747,0.023984818,0.854348719,0.993235052,0.946918428,0.944250226,1
3.41114E-05,0,0,0.002993463,5.33106E-06,0.965387285,0.898518324,0.998580515,0.784093738,0.98964864
0,0,0,0,0,0.954362154,0.944250226,0.999340951,0.894709051,0.993235052
0,0,0,0,0,0.922331035,0.784093738,1,0.854348719,0.898518324
0,0,0,0,0,0.844062388,0.894709051,0.98964864,0.965387285,0.944250226
0,0,0,0,0,0.802231789,0.854348719,0.993235052,0.954362154,0.784093738
0,0,0,0,0,0.828511536,0.965387285,0.898518324,0.922331035,0.894709051
0,0,0,0,0,0.583996654,0.954362154,0.944250226,0.844062388,0.854348719
0,0,0,0,0,0.202603534,0.922331035,0.784093738,0.802231789,0.965387285
0,0,0,0,0,0.058440641,0.844062388,0.894709051,0.828511536,0.954362154
0,0,0,0,0,0.001883788,0.802231789,0.854348719,0.583996654,0.922331035
0,0.018367976,0.008699189,6.97174E-07,0,0.003065184,0.828511536,0.965387285,0.202603534,0.844062388
0.028168545,0.073878282,0.057796778,0.013549298,0.019176917,0.071478568,0.583996654,0.954362154,0.058440641,0.802231789
0.160302325,0.162886631,0.158517318,0.070179459,0.097453136,0.195936367,0.202603534,0.922331035,0.001883788,0.828511536
0.362082816,0.264600588,0.276008548,0.1649287,0.226656626,0.439520001,0.058440641,0.844062388,0.003065184,0.583996654
0.530113946,0.345009389,0.359633278,0.24537725,0.344153534,0.688237429,0.001883788,0.802231789,0.071478568,0.202603534
0.648287274,0.395807962,0.406551005,0.303188768,0.423652467,0.875738084,0.003065184,0.828511536,0.195936367,0.058440641
0.725233531,0.421341656,0.431033394,0.349695235,0.467690279,0.916852057,0.071478568,0.583996654,0.439520001,0.001883788
0.756899066,0.413537762,0.426120426,0.369299561,0.470649699,1,0.195936367,0.202603534,0.688237429,0.003065184
0.74096579,0.372044019,0.392856392,0.356433124,0.436196213,1,0.439520001,0.058440641,0.875738084,0.071478568
0.67887097,0.301515608,0.327540149,0.315890947,0.37098972,0.981884241,0.688237429,0.001883788,0.916852057,0.195936367
0.570235264,0.211032957,0.243267778,0.25738533,0.283949661,0.482720077,0.875738084,0.003065184,1,0.439520001
0.416920384,0.114473305,0.149093864,0.181499574,0.181293397,0.994872808,0.916852057,0.071478568,1,0.688237429
0.221637744,0.03487298,0.060032846,0.094245247,0.082196902,0.993279934,1,0.195936367,0.981884241,0.875738084
0.057293657,0.001742103,0.010929424,0.026673526,0.019225853,0.962603092,1,0.439520001,0.482720077,0.916852057
3.41114E-05,0,0,0.001714032,4.95409E-06,0.851262867,0.981884241,0.688237429,0.994872808,1
0,0,0,0,0,0.733260453,0.482720077,0.875738084,0.993279934,1
0,0,0,0,0,0.889862716,0.994872808,0.916852057,0.962603092,0.981884241
0,0,0,0,0,0.981966197,0.993279934,1,0.851262867,0.482720077
0,0,0,0,0,0.963828266,0.962603092,1,0.733260453,0.994872808
0,0,0,0,0,0.802278817,0.851262867,0.981884241,0.889862716,0.993279934
0,0,0,0,0,0.617577553,0.733260453,0.482720077,0.981966197,0.962603092
0,0,0,0,0,0.460653722,0.889862716,0.994872808,0.963828266,0.851262867
0,0,0,0,0,0.38251406,0.981966197,0.993279934,0.802278817,0.733260453
0,0,0,0,0,0.3961761,0.963828266,0.962603092,0.617577553,0.889862716
0,0.021596612,0.001614276,0,0,0.371211141,0.802278817,0.851262867,0.460653722,0.981966197
0.028168545,0.096107401,0.054766203,0.009289247,0.0177531,0.407442391,0.617577553,0.733260453,0.38251406,0.963828266
0.160302325,0.208913968,0.182334557,0.072100959,0.099663088,0.229040965,0.460653722,0.889862716,0.3961761,0.802278817
0.362082816,0.322561179,0.32461304,0.190405276,0.239711236,0.238406986,0.38251406,0.981966197,0.371211141,0.617577553
0.530113946,0.412043789,0.422807408,0.277139654,0.360126451,0.381467015,0.3961761,0.963828266,0.407442391,0.460653722
0.648287274,0.468468826,0.475910669,0.331102721,0.435836919,0.481076956,0.371211141,0.802278817,0.229040965,0.38251406
0.725233531,0.49205162,0.504584821,0.378329198,0.478373291,0.554682076,0.407442391,0.617577553,0.238406986,0.3961761
0.756899066,0.484090573,0.497714406,0.400660292,0.484508526,0.525467098,0.229040965,0.460653722,0.381467015,0.371211141
0.74096579,0.436573502,0.453280358,0.392230459,0.449445168,0.815117538,0.238406986,0.38251406,0.481076956,0.407442391
0.67887097,0.351093142,0.376573745,0.350881023,0.378401934,0.698978364,0.381467015,0.3961761,0.554682076,0.229040965
0.570235264,0.241245504,0.274951864,0.284926348,0.285959871,0.809930027,0.481076956,0.371211141,0.525467098,0.238406986
0.416920384,0.123367517,0.158785041,0.199204372,0.176977658,0.880454421,0.554682076,0.407442391,0.815117538,0.381467015
0.221637744,0.033417793,0.053587996,0.107543947,0.074270379,0.960390031,0.525467098,0.229040965,0.698978364,0.481076956
0.057293657,0.000154151,0.004798177,0.031123546,0.014648873,0.90731144,0.815117538,0.238406986,0.809930027,0.554682076
3.41114E-05,0,0,0.000395911,0,0.970664501,0.698978364,0.381467015,0.880454421,0.525467098
0,0,0,0,0,0.972734034,0.809930027,0.481076956,0.960390031,0.815117538
0,0,0,0,0,0.999877095,0.880454421,0.554682076,0.90731144,0.698978364
0,0,0,0,0,1,0.960390031,0.525467098,0.970664501,0.809930027
0,0,0,0,0,1,0.90731144,0.815117538,0.972734034,0.880454421
0,0,0,0,0,1,0.970664501,0.698978364,0.999877095,0.960390031
0,0,0,0,0,1,0.972734034,0.809930027,1,0.90731144
0,0,0,0,0,1,0.999877095,0.880454421,1,0.970664501
0,0,0,0,0,0.999924064,1,0.960390031,1,0.972734034
0,0,0,0,0,0.998786271,1,0.90731144,1,0.999877095
0,0.018129165,9.97578E-06,0,0,1,1,0.970664501,1,1
0.028168545,0.098892003,0.065960248,0.010365576,0.024634202,1,1,0.972734034,0.999924064,1
0.160302325,0.224293789,0.221993233,0.10412263,0.1388315,1,1,0.999877095,0.998786271,1
0.362082816,0.335391152,0.379960332,0.278629414,0.316784795,1,0.999924064,1,1,1
0.530113946,0.404257016,0.473395401,0.407806705,0.455255007,1,0.998786271,1,1,1
0.648287274,0.44592744,0.519037537,0.480577685,0.539025892,1,1,1,1,0.999924064
0.725233531,0.46954489,0.53764809,0.525078266,0.580651139,1,1,1,1,0.998786271
0.756899066,0.458529972,0.520718864,0.530232129,0.575155643,1,1,1,1,1
0.74096579,0.405668318,0.467542763,0.502002626,0.526155639,0.999886274,1,0.999924064,1,1
0.67887097,0.308281378,0.379580114,0.437831578,0.438464912,0.99157542,1,0.998786271,1,1
0.570235264,0.191771429,0.266716478,0.351699874,0.328380989,0.962742686,1,1,1,1
0.416920384,0.078755196,0.138112833,0.239025677,0.197238204,0.913824022,1,1,0.999886274,1
0.221637744,0.012112534,0.036178216,0.10842361,0.070617725,0.833752632,1,1,0.99157542,1
0.057293657,0,0.000114229,0.022472359,0.00858835,0.649850965,0.999886274,1,0.962742686,1
3.41114E-05,0,0,7.08008E-07,0,0.627161443,0.99157542,1,0.913824022,1
0,0,0,0,0,0.217612281,0.962742686,1,0.833752632,0.999886274
0,0,0,0,0,0.116163731,0.913824022,1,0.649850965,0.99157542
0,0,0,0,0,0.272952229,0.833752632,1,0.627161443,0.962742686
0,0,0,0,0,0.277390778,0.649850965,0.999886274,0.217612281,0.913824022
0,0,0,0,0,0.26416716,0.627161443,0.99157542,0.116163731,0.833752632
0,0,0,0,0,0.073716134,0.217612281,0.962742686,0.272952229,0.649850965
0,0,0,0,0,0.038241033,0.116163731,0.913824022,0.277390778,0.627161443
0,0,0,0,0,0.097082593,0.272952229,0.833752632,0.26416716,0.217612281
0,0,0,0,0,0.001447127,0.277390778,0.649850965,0.073716134,0.116163731
0,0.005753611,0,0,0,5.90E-05,0.26416716,0.627161443,0.038241033,0.272952229
0.028168545,0.112826529,0.077506826,0.008339044,0.02556177,0.00026092,0.073716134,0.217612281,0.097082593,0.277390778
0.160302325,0.29605062,0.25839701,0.125738749,0.156097684,0.005408939,0.038241033,0.116163731,0.001447127,0.26416716
0.362082816,0.43061533,0.432675956,0.342778783,0.353591363,0.025882183,0.097082593,0.272952229,5.90E-05,0.073716134
0.530113946,0.499194474,0.533182454,0.516879638,0.499175391,0.125935793,0.001447127,0.277390778,0.00026092,0.038241033
0.648287274,0.533077332,0.582899802,0.62658799,0.586025609,0.18762584,5.90E-05,0.26416716,0.005408939,0.097082593
0.725233531,0.549128151,0.605466964,0.682536924,0.629005684,0.175286353,0.00026092,0.073716134,0.025882183,0.001447127
0.756899066,0.52604716,0.588487885,0.686536735,0.620883644,0.130735457,0.005408939,0.038241033,0.125935793,5.90E-05
0.74096579,0.463501501,0.526844348,0.647163858,0.566066032,0.059012618,0.025882183,0.097082593,0.18762584,0.00026092
0.67887097,0.357537248,0.425540756,0.565915282,0.477118589,0.076137081,0.125935793,0.001447127,0.175286353,0.005408939
0.570235264,0.213653945,0.283684551,0.442333116,0.355129183,0.417927891,0.18762584,5.90E-05,0.130735457,0.025882183
0.416920384,0.067541782,0.112683202,0.276098901,0.203556536,0.335010946,0.175286353,0.00026092,0.059012618,0.125935793
0.221637744,0.000363079,0.012219102,0.097498627,0.062029891,0.261711657,0.130735457,0.005408939,0.076137081,0.18762584
0.057293657,0,0,0.005894177,0.000766355,0.185985401,0.059012618,0.025882183,0.417927891,0.175286353
3.41114E-05,0,0,0,0,0.215645924,0.076137081,0.125935793,0.335010946,0.130735457
0,0,0,0,0,0.305431753,0.417927891,0.18762584,0.261711657,0.059012618
0,0,0,0,0,0.296855569,0.335010946,0.175286353,0.185985401,0.076137081
0,0,0,0,0,0.429687113,0.261711657,0.130735457,0.215645924,0.417927891
0,0,0,0,0,0.552138925,0.185985401,0.059012618,0.305431753,0.335010946
0,0,0,0,0,0.611982286,0.215645924,0.076137081,0.296855569,0.261711657
0,0,0,0,0,0.952477038,0.305431753,0.417927891,0.429687113,0.185985401
0,0,0,0,0,0.94997865,0.296855569,0.335010946,0.552138925,0.215645924
0,0,0,0,0,0.960820317,0.429687113,0.261711657,0.611982286,0.305431753
0,0,0,0,0,0.916780055,0.552138925,0.185985401,0.952477038,0.296855569
0,0,0,0,0,0.995527506,0.611982286,0.215645924,0.94997865,0.429687113
0.028168545,0.109948012,0.051050887,0.001096135,0.008493476,1,0.952477038,0.305431753,0.960820317,0.552138925
0.160302325,0.328276278,0.221020596,0.107148217,0.147571789,0.706549644,0.94997865,0.296855569,0.916780055,0.611982286
0.362082816,0.500389856,0.4235184,0.329040347,0.380535076,0.844171405,0.960820317,0.429687113,0.995527506,0.952477038
0.530113946,0.582692407,0.553563866,0.517244325,0.530433368,0.786879778,0.916780055,0.552138925,1,0.94997865
0.648287274,0.619939029,0.625051986,0.630445419,0.610164795,0.720500171,0.995527506,0.611982286,0.706549644,0.960820317
0.725233531,0.636590034,0.650565976,0.687481075,0.649094112,0.447472394,1,0.952477038,0.844171405,0.916780055
0.756899066,0.608664542,0.631141084,0.695377762,0.640143269,0.345706671,0.706549644,0.94997865,0.786879778,0.995527506
0.74096579,0.533595096,0.566111088,0.661083169,0.589878402,0.369809151,0.844171405,0.960820317,0.720500171,1
0.67887097,0.406246521,0.444986446,0.581190504,0.502673365,0.554297388,0.786879778,0.916780055,0.447472394,0.706549644
0.570235264,0.214778245,0.268523736,0.450220806,0.376077865,0.792255223,0.720500171,0.995527506,0.345706671,0.844171405
0.416920384,0.0507441,0.084389002,0.265459406,0.21685208,0.62724638,0.447472394,1,0.369809151,0.786879778
0.221637744,0,0.000352542,0.079720202,0.065806525,0.336070687,0.345706671,0.706549644,0.554297388,0.720500171
0.057293657,0,0,0.000288221,0,0.155117512,0.369809151,0.844171405,0.792255223,0.447472394
3.41114E-05,0,0,0,0,0.115278736,0.554297388,0.786879778,0.62724638,0.345706671
0,0,0,0,0,0.155447826,0.792255223,0.720500171,0.336070687,0.369809151
0,0,0,0,0,0.072547182,0.62724638,0.447472394,0.155117512,0.554297388
0,0,0,0,0,0.144462854,0.336070687,0.345706671,0.115278736,0.792255223
0,0,0,0,0,0.183930919,0.155117512,0.369809151,0.155447826,0.62724638
0,0,0,0,0,0.203272656,0.115278736,0.554297388,0.072547182,0.336070687
0,0,0,0,0,0.239064619,0.155447826,0.792255223,0.144462854,0.155117512
0,0,0,0,0,0.094089612,0.072547182,0.62724638,0.183930919,0.115278736
0,0,0,0,0,0.286774069,0.144462854,0.336070687,0.203272656,0.155447826
0,0,0,0,0,0.337916911,0.183930919,0.155117512,0.239064619,0.072547182
0,0,0,0,0,0.487129182,0.203272656,0.115278736,0.094089612,0.144462854
0.028168545,0.064766638,0.004242237,0,0.00006223,0.663680077,0.239064619,0.155447826,0.286774069,0.183930919
0.160302325,0.255268649,0.135981336,0.055830753,0.108882234,0.707178533,0.094089612,0.072547182,0.337916911,0.203272656
0.362082816,0.453660127,0.354738922,0.244582415,0.329000576,0.703727543,0.286774069,0.144462854,0.487129182,0.239064619
0.530113946,0.542779921,0.46872776,0.450991233,0.488560151,0.836910427,0.337916911,0.183930919,0.663680077,0.094089612
0.648287274,0.584379829,0.526999394,0.572971741,0.575258615,0.838694572,0.487129182,0.203272656,0.707178533,0.286774069
0.725233531,0.610835519,0.57363402,0.641610296,0.625140117,0.871360719,0.663680077,0.239064619,0.703727543,0.337916911
0.756899066,0.591498424,0.575769929,0.660908146,0.627792799,0.667689741,0.707178533,0.094089612,0.836910427,0.487129182
0.74096579,0.522767137,0.528135535,0.637427114,0.588121505,0.593007982,0.703727543,0.286774069,0.838694572,0.663680077
0.67887097,0.398029936,0.418195272,0.566945239,0.507992297,0.333399504,0.836910427,0.337916911,0.871360719,0.707178533
0.570235264,0.214457839,0.262842486,0.445826035,0.38945216,0.333859414,0.838694572,0.487129182,0.667689741,0.703727543
0.416920384,0.053774111,0.090474622,0.27544807,0.242685424,0.497745693,0.871360719,0.663680077,0.593007982,0.836910427
0.221637744,0,0.001099239,0.091087146,0.082892423,0.374511361,0.667689741,0.707178533,0.333399504,0.838694572
0.057293657,0,0,0.001916967,0.000256649,0.71743232,0.593007982,0.703727543,0.333859414,0.871360719
3.41114E-05,0,0,0,0,0.65400058,0.333399504,0.836910427,0.497745693,0.667689741
0,0,0,0,0,0.640632212,0.333859414,0.838694572,0.374511361,0.593007982
0,0,0,0,0,0.674216628,0.497745693,0.871360719,0.71743232,0.333399504
0,0,0,0,0,0.591154337,0.374511361,0.667689741,0.65400058,0.333859414
0,0,0,0,0,0.498415291,0.71743232,0.593007982,0.640632212,0.497745693
0,0,0,0,0,0.539107561,0.65400058,0.333399504,0.674216628,0.374511361
0,0,0,0,0,0.597886682,0.640632212,0.333859414,0.591154337,0.71743232
0,0,0,0,0,0.524519503,0.674216628,0.497745693,0.498415291,0.65400058
0,0,0,0,0,0.714665174,0.591154337,0.374511361,0.539107561,0.640632212
0,0,0,0,0,0.201284081,0.498415291,0.71743232,0.597886682,0.674216628
0,0,0,0,0,0.012974607,0.539107561,0.65400058,0.524519503,0.591154337
0.028168545,0.0412833,3.87821E-07,0,0,0.034633961,0.597886682,0.640632212,0.714665174,0.498415291
0.160302325,0.21719522,0.123562505,0.036124838,0.099302754,0.082750432,0.524519503,0.674216628,0.201284081,0.539107561
0.362082816,0.437239152,0.350346208,0.227561325,0.322716078,0.036179084,0.714665174,0.591154337,0.012974607,0.597886682
0.530113946,0.555174385,0.470659642,0.474633847,0.515044317,0.006105063,0.201284081,0.498415291,0.034633961,0.524519503
0.648287274,0.618641955,0.530772992,0.621990347,0.630605142,0.173815444,0.012974607,0.539107561,0.082750432,0.714665174
0.725233531,0.654165025,0.593863891,0.703798963,0.697638048,0.260041893,0.034633961,0.597886682,0.036179084,0.201284081
0.756899066,0.644009549,0.61795828,0.73605817,0.716580655,0.468751878,0.082750432,0.524519503,0.006105063,0.012974607
0.74096579,0.584443909,0.591373309,0.727632665,0.694481821,0.784515142,0.036179084,0.714665174,0.173815444,0.034633961
0.67887097,0.461943299,0.497196321,0.67469884,0.629024793,0.355991662,0.006105063,0.201284081,0.260041893,0.082750432
0.570235264,0.279176191,0.34426557,0.57147126,0.517746087,0.604112744,0.173815444,0.012974607,0.468751878,0.036179084
0.416920384,0.087129579,0.143554844,0.40257636,0.350324394,0.527206779,0.260041893,0.034633961,0.784515142,0.006105063
0.221637744,9.21049E-05,0.016104115,0.167484634,0.13445333,0.685887396,0.468751878,0.082750432,0.355991662,0.173815444
0.057293657,0,0,0.018261165,0.009415295,0.618583739,0.784515142,0.036179084,0.604112744,0.260041893
3.41114E-05,0,0,0,0,0.674788058,0.355991662,0.006105063,0.527206779,0.468751878
0,0,0,0,0,0.91023761,0.604112744,0.173815444,0.685887396,0.784515142
0,0,0,0,0,0.839853764,0.527206779,0.260041893,0.618583739,0.355991662
0,0,0,0,0,0.8865906,0.685887396,0.468751878,0.674788058,0.604112744
0,0,0,0,0,0.94504863,0.618583739,0.784515142,0.91023761,0.527206779
0,0,0,0,0,0.863669157,0.674788058,0.355991662,0.839853764,0.685887396
0,0,0,0,0,0.646323919,0.91023761,0.604112744,0.8865906,0.618583739
0,0,0,0,0,0.25566262,0.839853764,0.527206779,0.94504863,0.674788058
0,0,0,0,0,0.324984014,0.8865906,0.685887396,0.863669157,0.91023761
0,0,0,0,0,0.710196197,0.94504863,0.618583739,0.646323919,0.839853764
0,0,0,0,0,0.438852191,0.863669157,0.674788058,0.25566262,0.8865906
0.028168545,0.06350896,0.008823963,0,8.97956E-06,0.312287986,0.646323919,0.91023761,0.324984014,0.94504863
0.160302325,0.226344513,0.148806513,0.059198695,0.107371269,0.569212019,0.25566262,0.839853764,0.710196197,0.863669157
0.362082816,0.399621076,0.382050465,0.260889475,0.345519128,0.766024351,0.324984014,0.8865906,0.438852191,0.646323919
0.530113946,0.506024334,0.537776593,0.494000346,0.549781914,0.711729348,0.710196197,0.94504863,0.312287986,0.25566262
0.648287274,0.564421175,0.630873886,0.640014732,0.672936237,0.659122467,0.438852191,0.863669157,0.569212019,0.324984014
0.725233531,0.593604255,0.68064409,0.724162328,0.747078476,0.482714176,0.312287986,0.646323919,0.766024351,0.710196197
0.756899066,0.587792531,0.687478942,0.760361472,0.773695645,0.74608326,0.569212019,0.25566262,0.711729348,0.438852191
0.74096579,0.535570515,0.650252901,0.753486574,0.755049595,0.817704558,0.766024351,0.324984014,0.659122467,0.312287986
0.67887097,0.420190117,0.557936247,0.702994787,0.691801778,0.881676972,0.711729348,0.710196197,0.482714176,0.569212019
0.570235264,0.261012072,0.410027556,0.607318086,0.585818496,0.923290074,0.659122467,0.438852191,0.74608326,0.766024351
0.416920384,0.091215323,0.208916103,0.450924309,0.423246743,0.881124794,0.482714176,0.312287986,0.817704558,0.711729348
0.221637744,0.004193493,0.048571953,0.221824347,0.193411402,0.837216139,0.74608326,0.569212019,0.881676972,0.659122467
0.057293657,0,0,0.044805602,0.03130264,0.935307026,0.817704558,0.766024351,0.923290074,0.482714176
3.41114E-05,0,0,0,0,0.95678848,0.881676972,0.711729348,0.881124794,0.74608326
0,0,0,0,0,0.960784912,0.923290074,0.659122467,0.837216139,0.817704558
0,0,0,0,0,0.964077592,0.881124794,0.482714176,0.935307026,0.881676972
0,0,0,0,0,0.821918488,0.837216139,0.74608326,0.95678848,0.923290074
0,0,0,0,0,0.535242558,0.935307026,0.817704558,0.960784912,0.881124794
0,0,0,0,0,0.421804518,0.95678848,0.881676972,0.964077592,0.837216139
0,0,0,0,0,0.44402492,0.960784912,0.923290074,0.821918488,0.935307026
0,0,0,0,0,0.506769657,0.964077592,0.881124794,0.535242558,0.95678848
0,0,0,0,0,0.716469467,0.821918488,0.837216139,0.421804518,0.960784912
0,0,0,0,0,0.479748398,0.535242558,0.935307026,0.44402492,0.964077592
0,0.002818922,0,0,0,0.77202934,0.421804518,0.95678848,0.506769657,0.821918488
0.028168545,0.097517573,0.064778894,0.003188397,0.006130837,0.629349351,0.44402492,0.960784912,0.716469467,0.535242558
0.160302325,0.274908586,0.24802122,0.109267752,0.140814396,0.735723257,0.506769657,0.964077592,0.479748398,0.421804518
0.362082816,0.421797906,0.453188661,0.338044572,0.385471322,0.502739787,0.716469467,0.821918488,0.77202934,0.44402492
0.530113946,0.509333356,0.591517346,0.544852225,0.569509923,0.707346141,0.479748398,0.535242558,0.629349351,0.506769657
0.648287274,0.559454539,0.678417539,0.678220947,0.684429851,0.32747677,0.77202934,0.421804518,0.735723257,0.716469467
0.725233531,0.584622242,0.722725413,0.757915152,0.751421627,0.927522063,0.629349351,0.44402492,0.502739787,0.479748398
0.756899066,0.574000643,0.726041432,0.791492929,0.768361416,0.636502683,0.735723257,0.506769657,0.707346141,0.77202934
0.74096579,0.51615533,0.68809343,0.782322524,0.738304208,0.664787829,0.502739787,0.716469467,0.32747677,0.629349351
0.67887097,0.407322889,0.597813196,0.728302747,0.665766586,0.515376031,0.707346141,0.479748398,0.927522063,0.735723257
0.570235264,0.260508761,0.456730347,0.62888002,0.553962919,0.439054638,0.32747677,0.77202934,0.636502683,0.502739787
0.416920384,0.102553694,0.26401039,0.473381589,0.390631997,0.750679374,0.927522063,0.629349351,0.664787829,0.707346141
0.221637744,0.014300045,0.077175757,0.250336495,0.177615609,0.814183295,0.636502683,0.735723257,0.515376031,0.32747677
0.057293657,0,1.34011E-05,0.060944371,0.030836673,0.872650862,0.664787829,0.502739787,0.439054638,0.927522063
3.41114E-05,0,0,1.38311E-06,0,0.888046741,0.515376031,0.707346141,0.750679374,0.636502683
0,0,0,0,0,0.731665611,0.439054638,0.32747677,0.814183295,0.664787829
0,0,0,0,0,0.777789474,0.750679374,0.927522063,0.872650862,0.515376031
0,0,0,0,0,0.943983614,0.814183295,0.636502683,0.888046741,0.439054638
0,0,0,0,0,0.947459102,0.872650862,0.664787829,0.731665611,0.750679374
0,0,0,0,0,0.747204661,0.888046741,0.515376031,0.777789474,0.814183295
0,0,0,0,0,0.933167934,0.731665611,0.439054638,0.943983614,0.872650862
0,0,0,0,0,0.757942557,0.777789474,0.750679374,0.947459102,0.888046741
0,0,0,0,0,0.785400927,0.943983614,0.814183295,0.747204661,0.731665611
0,0,0,0,0,0.641020477,0.947459102,0.872650862,0.933167934,0.777789474
0,0.037532443,0.003868023,0,0,0.963223636,0.747204661,0.888046741,0.757942557,0.943983614
0.028168545,0.140088176,0.101290592,0.025073524,0.041892604,0.768399656,0.933167934,0.731665611,0.785400927,0.947459102
0.160302325,0.26583767,0.294546236,0.167213774,0.197856604,0.880754352,0.757942557,0.777789474,0.641020477,0.747204661
0.362082816,0.377160786,0.469067997,0.390428629,0.408958317,0.927021861,0.785400927,0.943983614,0.963223636,0.933167934
0.530113946,0.447654768,0.578649811,0.568145263,0.567525801,0.91498971,0.641020477,0.947459102,0.768399656,0.757942557
0.648287274,0.48532939,0.644331343,0.68711925,0.67165112,0.568014443,0.963223636,0.747204661,0.880754352,0.785400927
0.725233531,0.506184212,0.685036796,0.758916818,0.73352516,0.400734007,0.768399656,0.933167934,0.927021861,0.641020477
0.756899066,0.498039613,0.683616935,0.783747726,0.745181335,0.370842636,0.880754352,0.757942557,0.91498971,0.963223636
0.74096579,0.446905322,0.634604094,0.762441927,0.702036772,0.345947564,0.927021861,0.785400927,0.568014443,0.768399656
0.67887097,0.35310421,0.539979251,0.698253468,0.612361932,0.52340579,0.91498971,0.641020477,0.400734007,0.880754352
0.570235264,0.230271213,0.40483065,0.596198017,0.487108263,0.235718831,0.568014443,0.963223636,0.370842636,0.927021861
0.416920384,0.103127727,0.236368341,0.450350691,0.326528888,0.353133857,0.400734007,0.768399656,0.345947564,0.91498971
0.221637744,0.022464273,0.074067777,0.250833166,0.143563538,0.123410217,0.370842636,0.880754352,0.52340579,0.568014443
0.057293657,0,0.000948928,0.068891904,0.025041943,0.159678772,0.345947564,0.927021861,0.235718831,0.400734007
3.41114E-05,0,0,0.000116228,0,0.174881235,0.52340579,0.91498971,0.353133857,0.370842636
0,0,0,0,0,0.268058985,0.235718831,0.568014443,0.123410217,0.345947564
0,0,0,0,0,0.07365521,0.353133857,0.400734007,0.159678772,0.52340579
0,0,0,0,0,0.09225262,0.123410217,0.370842636,0.174881235,0.235718831
0,0,0,0,0,0.1769187,0.159678772,0.345947564,0.268058985,0.353133857
0,0,0,0,0,0.047160737,0.174881235,0.52340579,0.07365521,0.123410217
0,0,0,0,0,0.018978704,0.268058985,0.235718831,0.09225262,0.159678772
0,0,0,0,0,0.007698048,0.07365521,0.353133857,0.1769187,0.174881235
0,0,0,0,0,0,0.09225262,0.123410217,0.047160737,0.268058985
0,1.48304E-05,0,0,0,3.21E-06,0.1769187,0.159678772,0.018978704,0.07365521
0,0.041901765,0.031332117,4.61733E-05,0,0,0.047160737,0.174881235,0.007698048,0.09225262
0.028168545,0.137421175,0.139127236,0.051132897,0.047171215,0,0.018978704,0.268058985,0,0.1769187
0.160302325,0.242002969,0.297028066,0.201223075,0.187775675,0,0.007698048,0.07365521,3.21E-06,0.047160737
0.362082816,0.338567293,0.445079902,0.390759057,0.367188644,0,0,0.09225262,0,0.018978704
0.530113946,0.401563541,0.543373462,0.542294478,0.510468614,0.016408831,3.21E-06,0.1769187,0,0.007698048
0.648287274,0.436941314,0.603885151,0.648332113,0.608344035,0.121261552,0,0.047160737,0,0
0.725233531,0.462796942,0.640312384,0.716780582,0.666862404,0.194417536,0,0.018978704,0,3.21E-06
0.756899066,0.459183438,0.637826805,0.738765045,0.676640003,0.331171334,0,0.007698048,0.016408831,0
0.74096579,0.413408086,0.591346389,0.712781336,0.63468312,0.57641989,0,0,0.121261552,0
0.67887097,0.329442766,0.502125418,0.645864238,0.547155048,0.249798104,0.016408831,3.21E-06,0.194417536,0
0.570235264,0.222679736,0.380468501,0.546613672,0.426888148,0.31388849,0.121261552,0,0.331171334,0
0.416920384,0.114757868,0.228503579,0.412264722,0.281131836,0.263796777,0.194417536,0,0.57641989,0.016408831
0.221637744,0.032010288,0.078080236,0.237827855,0.125623376,0.322466075,0.331171334,0,0.249798104,0.121261552
0.057293657,0.000034643,0.005393065,0.072066607,0.024670557,0.329577833,0.57641989,0,0.31388849,0.194417536
3.41114E-05,0,0,0.001617507,0,0.705949306,0.249798104,0.016408831,0.263796777,0.331171334
0,0,0,0,0,0.834924579,0.31388849,0.121261552,0.322466075,0.57641989
0,0,0,0,0,0.832703173,0.263796777,0.194417536,0.329577833,0.249798104
0,0,0,0,0,0.727586865,0.322466075,0.331171334,0.705949306,0.31388849
0,0,0,0,0,0.626110256,0.329577833,0.57641989,0.834924579,0.263796777
0,0,0,0,0,0.721315265,0.705949306,0.249798104,0.832703173,0.322466075
0,0,0,0,0,0.785158873,0.834924579,0.31388849,0.727586865,0.329577833
0,0,0,0,0,0.59819752,0.832703173,0.263796777,0.626110256,0.705949306
0,0,0,0,0,0.567111433,0.727586865,0.322466075,0.721315265,0.834924579
0,7.14015E-05,0,0,0,0.326491237,0.626110256,0.329577833,0.785158873,0.832703173
0,0.031869727,0.025743095,9.70967E-05,0,0.390583217,0.721315265,0.705949306,0.59819752,0.727586865
0.028168545,0.10870986,0.110508646,0.036548051,0.02963198,0.287067473,0.785158873,0.834924579,0.567111433,0.626110256
0.160302325,0.206185735,0.245873715,0.143809314,0.135438419,0.229321212,0.59819752,0.832703173,0.326491237,0.721315265
0.362082816,0.305360592,0.384765591,0.289325059,0.287872523,0.154025629,0.567111433,0.727586865,0.390583217,0.785158873
0.530113946,0.37405333,0.478454849,0.404995217,0.413572375,0.115687042,0.326491237,0.626110256,0.287067473,0.59819752
0.648287274,0.412433023,0.533131936,0.485059818,0.496553231,0.054644316,0.390583217,0.721315265,0.229321212,0.567111433
0.725233531,0.434805188,0.560503147,0.540685957,0.54165551,0.088804618,0.287067473,0.785158873,0.154025629,0.326491237
0.756899066,0.429373165,0.550105804,0.551912019,0.541526563,0.72049433,0.229321212,0.59819752,0.115687042,0.390583217
0.74096579,0.392086579,0.504116346,0.52513961,0.503830855,0.834395289,0.154025629,0.567111433,0.054644316,0.287067473
0.67887097,0.319812186,0.424875087,0.46760344,0.432579925,0.950648248,0.115687042,0.326491237,0.088804618,0.229321212
0.570235264,0.221984813,0.322115372,0.384929871,0.332956098,0.999782085,0.054644316,0.390583217,0.72049433,0.154025629
0.416920384,0.12148518,0.198185993,0.28015749,0.21481898,1,0.088804618,0.287067473,0.834395289,0.115687042
0.221637744,0.037536667,0.076320581,0.154844094,0.099509431,1,0.72049433,0.229321212,0.950648248,0.054644316
0.057293657,0.001276633,0.011554049,0.046888747,0.023984818,1,0.834395289,0.154025629,0.999782085,0.088804618
3.41114E-05,0,0,0.002993463,5.33106E-06,1,0.950648248,0.115687042,1,0.72049433
0,0,0,0,0,1,0.999782085,0.054644316,1,0.834395289
0,0,0,0,0,1,1,0.088804618,1,0.950648248
0,0,0,0,0,0.999383628,1,0.72049433,1,0.999782085
0,0,0,0,0,0.965365767,1,0.834395289,1,1
0,0,0,0,0,0.79326117,1,0.950648248,1,1
0,0,0,0,0,0.284757346,1,0.999782085,0.999383628,1
0,0,0,0,0,0.51474309,1,1,0.965365767,1
0,0,0,0,0,0.541716576,0.999383628,1,0.79326117,1
0,0,0,0,0,0.119267933,0.965365767,1,0.284757346,1
0,0.018367976,0.008699189,6.97174E-07,0,7.85E-05,0.79326117,1,0.51474309,0.999383628
0.028168545,0.073878282,0.057796778,0.013549298,0.019176917,0,0.284757346,1,0.541716576,0.965365767
0.160302325,0.162886631,0.158517318,0.070179459,0.097453136,0.021236544,0.51474309,1,0.119267933,0.79326117
0.362082816,0.264600588,0.276008548,0.1649287,0.226656626,0.279601127,0.541716576,0.999383628,7.85E-05,0.284757346
0.530113946,0.345009389,0.359633278,0.24537725,0.344153534,0.46427834,0.119267933,0.965365767,0,0.51474309
0.648287274,0.395807962,0.406551005,0.303188768,0.423652467,0.974582016,7.85E-05,0.79326117,0.021236544,0.541716576
0.725233531,0.421341656,0.431033394,0.349695235,0.467690279,0.989060044,0,0.284757346,0.279601127,0.119267933
0.756899066,0.413537762,0.426120426,0.369299561,0.470649699,0.871624708,0.021236544,0.51474309,0.46427834,7.85E-05
0.74096579,0.372044019,0.392856392,0.356433124,0.436196213,0.820555329,0.279601127,0.541716576,0.974582016,0
0.67887097,0.301515608,0.327540149,0.315890947,0.37098972,0.579907179,0.46427834,0.119267933,0.989060044,0.021236544
0.570235264,0.211032957,0.243267778,0.25738533,0.283949661,0.888320148,0.974582016,7.85E-05,0.871624708,0.279601127
0.416920384,0.114473305,0.149093864,0.181499574,0.181293397,0.996523142,0.989060044,0,0.820555329,0.46427834
0.221637744,0.03487298,0.060032846,0.094245247,0.082196902,0.996782899,0.871624708,0.021236544,0.579907179,0.974582016
0.057293657,0.001742103,0.010929424,0.026673526,0.019225853,0.991666675,0.820555329,0.279601127,0.888320148,0.989060044
3.41114E-05,0,0,0.001714032,4.95409E-06,0.997197568,0.579907179,0.46427834,0.996523142,0.871624708
0,0,0,0,0,0.990980506,0.888320148,0.974582016,0.996782899,0.820555329
0,0,0,0,0,0.99509269,0.996523142,0.989060044,0.991666675,0.579907179
0,0,0,0,0,0.998604,0.996782899,0.871624708,0.997197568,0.888320148
0,0,0,0,0,0.997113645,0.991666675,0.820555329,0.990980506,0.996523142
0,0,0,0,0,0.964395225,0.997197568,0.579907179,0.99509269,0.996782899
0,0,0,0,0,0.774503291,0.990980506,0.888320148,0.998604,0.991666675
0,0,0,0,0,0.453799129,0.99509269,0.996523142,0.997113645,0.997197568
0,0,0,0,0,0.72623843,0.998604,0.996782899,0.964395225,0.990980506
0,0,0,0,0,0.860119224,0.997113645,0.991666675,0.774503291,0.99509269
0,0.021596612,0.001614276,0,0,0.950293899,0.964395225,0.997197568,0.453799129,0.998604
0.028168545,0.096107401,0.054766203,0.009289247,0.0177531,0.945139766,0.774503291,0.990980506,0.72623843,0.997113645
0.160302325,0.208913968,0.182334557,0.072100959,0.099663088,0.86758709,0.453799129,0.99509269,0.860119224,0.964395225
0.362082816,0.322561179,0.32461304,0.190405276,0.239711236,0.805573642,0.72623843,0.998604,0.950293899,0.774503291
0.530113946,0.412043789,0.422807408,0.277139654,0.360126451,0.865666926,0.860119224,0.997113645,0.945139766,0.453799129
0.648287274,0.468468826,0.475910669,0.331102721,0.435836919,0.899387836,0.950293899,0.964395225,0.86758709,0.72623843
0.725233531,0.49205162,0.504584821,0.378329198,0.478373291,0.919774652,0.945139766,0.774503291,0.805573642,0.860119224
0.756899066,0.484090573,0.497714406,0.400660292,0.484508526,0.88535291,0.86758709,0.453799129,0.865666926,0.950293899
0.74096579,0.436573502,0.453280358,0.392230459,0.449445168,0.887517393,0.805573642,0.72623843,0.899387836,0.945139766
0.67887097,0.351093142,0.376573745,0.350881023,0.378401934,0.62795043,0.865666926,0.860119224,0.919774652,0.86758709
0.570235264,0.241245504,0.274951864,0.284926348,0.285959871,0.863607407,0.899387836,0.950293899,0.88535291,0.805573642
0.416920384,0.123367517,0.158785041,0.199204372,0.176977658,0.981490731,0.919774652,0.945139766,0.887517393,0.865666926
0.221637744,0.033417793,0.053587996,0.107543947,0.074270379,0.985393226,0.88535291,0.86758709,0.62795043,0.899387836
0.057293657,0.000154151,0.004798177,0.031123546,0.014648873,0.888944626,0.887517393,0.805573642,0.863607407,0.919774652
3.41114E-05,0,0,0.000395911,0,0.925511122,0.62795043,0.865666926,0.981490731,0.88535291
0,0,0,0,0,0.973652482,0.863607407,0.899387836,0.985393226,0.887517393
0,0,0,0,0,0.985652745,0.981490731,0.919774652,0.888944626,0.62795043
0,0,0,0,0,0.983244896,0.985393226,0.88535291,0.925511122,0.863607407
0,0,0,0,0,0.997765362,0.888944626,0.887517393,0.973652482,0.981490731
0,0,0,0,0,1,0.925511122,0.62795043,0.985652745,0.985393226
0,0,0,0,0,0.769717336,0.973652482,0.863607407,0.983244896,0.888944626
0,0,0,0,0,0.809107363,0.985652745,0.981490731,0.997765362,0.925511122
0,0,0,0,0,0.934025228,0.983244896,0.985393226,1,0.973652482
0,0,0,0,0,0.963687718,0.997765362,0.888944626,0.769717336,0.985652745
0,0.018129165,9.97578E-06,0,0,0.932337642,1,0.925511122,0.809107363,0.983244896
0.028168545,0.098892003,0.065960248,0.010365576,0.024634202,0.949385643,0.769717336,0.973652482,0.934025228,0.997765362
0.160302325,0.224293789,0.221993233,0.10412263,0.1388315,0.820611179,0.809107363,0.985652745,0.963687718,1
0.362082816,0.335391152,0.379960332,0.278629414,0.316784795,0.709026337,0.934025228,0.983244896,0.932337642,0.769717336
0.530113946,0.404257016,0.473395401,0.407806705,0.455255007,0.479146242,0.963687718,0.997765362,0.949385643,0.809107363
0.648287274,0.44592744,0.519037537,0.480577685,0.539025892,0.451758742,0.932337642,1,0.820611179,0.934025228
0.725233531,0.46954489,0.53764809,0.525078266,0.580651139,0.368047923,0.949385643,0.769717336,0.709026337,0.963687718
0.756899066,0.458529972,0.520718864,0.530232129,0.575155643,0.135283738,0.820611179,0.809107363,0.479146242,0.932337642
0.74096579,0.405668318,0.467542763,0.502002626,0.526155639,0.000553471,0.709026337,0.934025228,0.451758742,0.949385643
0.67887097,0.308281378,0.379580114,0.437831578,0.438464912,7.47E-05,0.479146242,0.963687718,0.368047923,0.820611179
0.570235264,0.191771429,0.266716478,0.351699874,0.328380989,0.058456149,0.451758742,0.932337642,0.135283738,0.709026337
0.416920384,0.078755196,0.138112833,0.239025677,0.197238204,0.033459187,0.368047923,0.949385643,0.000553471,0.479146242
0.221637744,0.012112534,0.036178216,0.10842361,0.070617725,0.064403035,0.135283738,0.820611179,7.47E-05,0.451758742
0.057293657,0,0.000114229,0.022472359,0.00858835,0.20856604,0.000553471,0.709026337,0.058456149,0.368047923
3.41114E-05,0,0,7.08008E-07,0,0.000510098,7.47E-05,0.479146242,0.033459187,0.135283738
0,0,0,0,0,0.025652852,0.058456149,0.451758742,0.064403035,0.000553471
0,0,0,0,0,0.060142692,0.033459187,0.368047923,0.20856604,7.47E-05
0,0,0,0,0,0.133330256,0.064403035,0.135283738,0.000510098,0.058456149
0,0,0,0,0,0.112452209,0.20856604,0.000553471,0.025652852,0.033459187
0,0,0,0,0,0.317987263,0.000510098,7.47E-05,0.060142692,0.064403035
0,0,0,0,0,0.223675385,0.025652852,0.058456149,0.133330256,0.20856604
0,0,0,0,0,0.493511528,0.060142692,0.033459187,0.112452209,0.000510098
0,0,0,0,0,0.33773452,0.133330256,0.064403035,0.317987263,0.025652852
0,0,0,0,0,0.520986974,0.112452209,0.20856604,0.223675385,0.060142692
0,0.005753611,0,0,0,0.205205664,0.317987263,0.000510098,0.493511528,0.133330256
0.028168545,0.112826529,0.077506826,0.008339044,0.02556177,0.233973458,0.223675385,0.025652852,0.33773452,0.112452209
0.160302325,0.29605062,0.25839701,0.125738749,0.156097684,0.396789044,0.493511528,0.060142692,0.520986974,0.317987263
0.362082816,0.43061533,0.432675956,0.342778783,0.353591363,0.435409278,0.33773452,0.133330256,0.205205664,0.223675385
0.530113946,0.499194474,0.533182454,0.516879638,0.499175391,0.598688543,0.520986974,0.112452209,0.233973458,0.493511528
0.648287274,0.533077332,0.582899802,0.62658799,0.586025609,0.901745558,0.205205664,0.317987263,0.396789044,0.33773452
0.725233531,0.549128151,0.605466964,0.682536924,0.629005684,0.877426207,0.233973458,0.223675385,0.435409278,0.520986974
0.756899066,0.52604716,0.588487885,0.686536735,0.620883644,0.995711565,0.396789044,0.493511528,0.598688543,0.205205664
0.74096579,0.463501501,0.526844348,0.647163858,0.566066032,1,0.435409278,0.33773452,0.901745558,0.233973458
0.67887097,0.357537248,0.425540756,0.565915282,0.477118589,0.924114227,0.598688543,0.520986974,0.877426207,0.396789044
0.570235264,0.213653945,0.283684551,0.442333116,0.355129183,0.913877368,0.901745558,0.205205664,0.995711565,0.435409278
0.416920384,0.067541782,0.112683202,0.276098901,0.203556536,0.875618696,0.877426207,0.233973458,1,0.598688543
0.221637744,0.000363079,0.012219102,0.097498627,0.062029891,0.887774765,0.995711565,0.396789044,0.924114227,0.901745558
0.057293657,0,0,0.005894177,0.000766355,0.952491641,1,0.435409278,0.913877368,0.877426207
3.41114E-05,0,0,0,0,0.969382763,0.924114227,0.598688543,0.875618696,0.995711565
0,0,0,0,0,0.981830478,0.913877368,0.901745558,0.887774765,1
0,0,0,0,0,0.991252542,0.875618696,0.877426207,0.952491641,0.924114227
0,0,0,0,0,0.994743586,0.887774765,0.995711565,0.969382763,0.913877368
0,0,0,0,0,0.993867755,0.952491641,1,0.981830478,0.875618696
0,0,0,0,0,0.980200052,0.969382763,0.924114227,0.991252542,0.887774765
0,0,0,0,0,0.994304657,0.981830478,0.913877368,0.994743586,0.952491641
0,0,0,0,0,0.979074061,0.991252542,0.875618696,0.993867755,0.969382763
0,0,0,0,0,0.914221466,0.994743586,0.887774765,0.980200052,0.981830478
0,0,0,0,0,0.955596089,0.993867755,0.952491641,0.994304657,0.991252542
0,0,0,0,0,0.177642941,0.980200052,0.969382763,0.979074061,0.994743586
0.028168545,0.109948012,0.051050887,0.001096135,0.008493476,0.847731233,0.994304657,0.981830478,0.914221466,0.993867755
0.160302325,0.328276278,0.221020596,0.107148217,0.147571789,0.822752714,0.979074061,0.991252542,0.955596089,0.980200052
0.362082816,0.500389856,0.4235184,0.329040347,0.380535076,0.980742276,0.914221466,0.994743586,0.177642941,0.994304657
0.530113946,0.582692407,0.553563866,0.517244325,0.530433368,0.873988867,0.955596089,0.993867755,0.847731233,0.979074061
0.648287274,0.619939029,0.625051986,0.630445419,0.610164795,0.978540242,0.177642941,0.980200052,0.822752714,0.914221466
0.725233531,0.636590034,0.650565976,0.687481075,0.649094112,0.991429806,0.847731233,0.994304657,0.980742276,0.955596089
0.756899066,0.608664542,0.631141084,0.695377762,0.640143269,0.998264611,0.822752714,0.979074061,0.873988867,0.177642941
0.74096579,0.533595096,0.566111088,0.661083169,0.589878402,0.975626349,0.980742276,0.914221466,0.978540242,0.847731233
0.67887097,0.406246521,0.444986446,0.581190504,0.502673365,0.98037231,0.873988867,0.955596089,0.991429806,0.822752714
0.570235264,0.214778245,0.268523736,0.450220806,0.376077865,0.988056183,0.978540242,0.177642941,0.998264611,0.980742276
0.416920384,0.0507441,0.084389002,0.265459406,0.21685208,0.922228098,0.991429806,0.847731233,0.975626349,0.873988867
0.221637744,0,0.000352542,0.079720202,0.065806525,0.487059832,0.998264611,0.822752714,0.98037231,0.978540242
0.057293657,0,0,0.000288221,0,0.650660157,0.975626349,0.980742276,0.988056183,0.991429806
3.41114E-05,0,0,0,0,0.652541041,0.98037231,0.873988867,0.922228098,0.998264611
0,0,0,0,0,0.489089131,0.988056183,0.978540242,0.487059832,0.975626349
0,0,0,0,0,0.720441401,0.922228098,0.991429806,0.650660157,0.98037231
0,0,0,0,0,0.941009462,0.487059832,0.998264611,0.652541041,0.988056183
0,0,0,0,0,0.808041513,0.650660157,0.975626349,0.489089131,0.922228098
0,0,0,0,0,0.57156831,0.652541041,0.98037231,0.720441401,0.487059832
0,0,0,0,0,0.536646962,0.489089131,0.988056183,0.941009462,0.650660157
0,0,0,0,0,0.378664613,0.720441401,0.922228098,0.808041513,0.652541041
0,0,0,0,0,0.192936942,0.941009462,0.487059832,0.57156831,0.489089131
0,0,0,0,0,0.098409355,0.808041513,0.650660157,0.536646962,0.720441401
0,0,0,0,0,0.059856717,0.57156831,0.652541041,0.378664613,0.941009462
0.028168545,0.064766638,0.004242237,0,0.00006223,0.26922816,0.536646962,0.489089131,0.192936942,0.808041513
0.160302325,0.255268649,0.135981336,0.055830753,0.108882234,0.354099602,0.378664613,0.720441401,0.098409355,0.57156831
0.362082816,0.453660127,0.354738922,0.244582415,0.329000576,0.292772204,0.192936942,0.941009462,0.059856717,0.536646962
0.530113946,0.542779921,0.46872776,0.450991233,0.488560151,0.245338812,0.098409355,0.808041513,0.26922816,0.378664613
0.648287274,0.584379829,0.526999394,0.572971741,0.575258615,0.282872379,0.059856717,0.57156831,0.354099602,0.192936942
0.725233531,0.610835519,0.57363402,0.641610296,0.625140117,0.463687837,0.26922816,0.536646962,0.292772204,0.098409355
0.756899066,0.591498424,0.575769929,0.660908146,0.627792799,0.6362167,0.354099602,0.378664613,0.245338812,0.059856717
0.74096579,0.522767137,0.528135535,0.637427114,0.588121505,0.725167036,0.292772204,0.192936942,0.282872379,0.26922816
0.67887097,0.398029936,0.418195272,0.566945239,0.507992297,0.557771087,0.245338812,0.098409355,0.463687837,0.354099602
0.570235264,0.214457839,0.262842486,0.445826035,0.38945216,0.807179213,0.282872379,0.059856717,0.6362167,0.292772204
0.416920384,0.053774111,0.090474622,0.27544807,0.242685424,0.854410052,0.463687837,0.26922816,0.725167036,0.245338812
0.221637744,0,0.001099239,0.091087146,0.082892423,0.932202816,0.6362167,0.354099602,0.557771087,0.282872379
0.057293657,0,0,0.001916967,0.000256649,0.962075233,0.725167036,0.292772204,0.807179213,0.463687837
3.41114E-05,0,0,0,0,0.990950346,0.557771087,0.245338812,0.854410052,0.6362167
0,0,0,0,0,0.998399675,0.807179213,0.282872379,0.932202816,0.725167036
0,0,0,0,0,0.999943674,0.854410052,0.463687837,0.962075233,0.557771087
0,0,0,0,0,0.950306296,0.932202816,0.6362167,0.990950346,0.807179213
0,0,0,0,0,0.845934808,0.962075233,0.725167036,0.998399675,0.854410052
0,0,0,0,0,0.965507269,0.990950346,0.557771087,0.999943674,0.932202816
0,0,0,0,0,0.770078421,0.998399675,0.807179213,0.950306296,0.962075233
0,0,0,0,0,0.546967149,0.999943674,0.854410052,0.845934808,0.990950346
0,0,0,0,0,0.755076408,0.950306296,0.932202816,0.965507269,0.998399675
0,0,0,0,0,0.859453321,0.845934808,0.962075233,0.770078421,0.999943674
0,0,0,0,0,0.838057339,0.965507269,0.990950346,0.546967149,0.950306296
0.028168545,0.0412833,3.87821E-07,0,0,0.84991914,0.770078421,0.998399675,0.755076408,0.845934808
0.160302325,0.21719522,0.123562505,0.036124838,0.099302754,0.879191041,0.546967149,0.999943674,0.859453321,0.965507269
0.362082816,0.437239152,0.350346208,0.227561325,0.322716078,0.720450699,0.755076408,0.950306296,0.838057339,0.770078421
0.530113946,0.555174385,0.470659642,0.474633847,0.515044317,0.784591794,0.859453321,0.845934808,0.84991914,0.546967149
0.648287274,0.618641955,0.530772992,0.621990347,0.630605142,0.707923412,0.838057339,0.965507269,0.879191041,0.755076408
0.725233531,0.654165025,0.593863891,0.703798963,0.697638048,0.683650076,0.84991914,0.770078421,0.720450699,0.859453321
0.756899066,0.644009549,0.61795828,0.73605817,0.716580655,0.363418788,0.879191041,0.546967149,0.784591794,0.838057339
0.74096579,0.584443909,0.591373309,0.727632665,0.694481821,0.312440813,0.720450699,0.755076408,0.707923412,0.84991914
0.67887097,0.461943299,0.497196321,0.67469884,0.629024793,0.258420408,0.784591794,0.859453321,0.683650076,0.879191041
0.570235264,0.279176191,0.34426557,0.57147126,0.517746087,0.151898369,0.707923412,0.838057339,0.363418788,0.720450699
0.416920384,0.087129579,0.143554844,0.40257636,0.350324394,0.106907196,0.683650076,0.84991914,0.312440813,0.784591794
0.221637744,9.21049E-05,0.016104115,0.167484634,0.13445333,0.214337558,0.363418788,0.879191041,0.258420408,0.707923412
0.057293657,0,0,0.018261165,0.009415295,0.404683322,0.312440813,0.720450699,0.151898369,0.683650076
3.41114E-05,0,0,0,0,0.561287105,0.258420408,0.784591794,0.106907196,0.363418788
0,0,0,0,0,0.672913551,0.151898369,0.707923412,0.214337558,0.312440813
0,0,0,0,0,0.723361433,0.106907196,0.683650076,0.404683322,0.258420408
0,0,0,0,0,0.805291235,0.214337558,0.363418788,0.561287105,0.151898369
0,0,0,0,0,0.904340565,0.404683322,0.312440813,0.672913551,0.106907196
0,0,0,0,0,0.792528152,0.561287105,0.258420408,0.723361433,0.214337558
0,0,0,0,0,0.847133756,0.672913551,0.151898369,0.805291235,0.404683322
0,0,0,0,0,0.753656209,0.723361433,0.106907196,0.904340565,0.561287105
0,0,0,0,0,0.501209259,0.805291235,0.214337558,0.792528152,0.672913551
0,0,0,0,0,0.336688846,0.904340565,0.404683322,0.847133756,0.723361433
0,0,0,0,0,0.814650357,0.792528152,0.561287105,0.753656209,0.805291235
0.028168545,0.06350896,0.008823963,0,8.97956E-06,0.89824605,0.847133756,0.672913551,0.501209259,0.904340565
0.160302325,0.226344513,0.148806513,0.059198695,0.107371269,0.871938109,0.753656209,0.723361433,0.336688846,0.792528152
0.362082816,0.399621076,0.382050465,0.260889475,0.345519128,0.823495448,0.501209259,0.805291235,0.814650357,0.847133756
0.530113946,0.506024334,0.537776593,0.494000346,0.549781914,0.866992474,0.336688846,0.904340565,0.89824605,0.753656209
0.648287274,0.564421175,0.630873886,0.640014732,0.672936237,0.866138339,0.814650357,0.792528152,0.871938109,0.501209259
0.725233531,0.593604255,0.68064409,0.724162328,0.747078476,0.60289675,0.89824605,0.847133756,0.823495448,0.336688846
0.756899066,0.587792531,0.687478942,0.760361472,0.773695645,0.308621526,0.871938109,0.753656209,0.866992474,0.814650357
0.74096579,0.535570515,0.650252901,0.753486574,0.755049595,0.36514309,0.823495448,0.501209259,0.866138339,0.89824605
0.67887097,0.420190117,0.557936247,0.702994787,0.691801778,0.347624421,0.866992474,0.336688846,0.60289675,0.871938109
0.570235264,0.261012072,0.410027556,0.607318086,0.585818496,0.44623059,0.866138339,0.814650357,0.308621526,0.823495448
0.416920384,0.091215323,0.208916103,0.450924309,0.423246743,0.336039752,0.60289675,0.89824605,0.36514309,0.866992474
0.221637744,0.004193493,0.048571953,0.221824347,0.193411402,0.319225818,0.308621526,0.871938109,0.347624421,0.866138339
0.057293657,0,0,0.044805602,0.03130264,0.133085489,0.36514309,0.823495448,0.44623059,0.60289675
3.41114E-05,0,0,0,0,0.024355069,0.347624421,0.866992474,0.336039752,0.308621526
0,0,0,0,0,0.087464668,0.44623059,0.866138339,0.319225818,0.36514309
0,0,0,0,0,0.129747748,0.336039752,0.60289675,0.133085489,0.347624421
0,0,0,0,0,0.054570939,0.319225818,0.308621526,0.024355069,0.44623059
0,0,0,0,0,0.09787365,0.133085489,0.36514309,0.087464668,0.336039752
0,0,0,0,0,0.071352124,0.024355069,0.347624421,0.129747748,0.319225818
0,0,0,0,0,0.007259607,0.087464668,0.44623059,0.054570939,0.133085489
0,0,0,0,0,0.012448314,0.129747748,0.336039752,0.09787365,0.024355069
0,0,0,0,0,0.014655897,0.054570939,0.319225818,0.071352124,0.087464668
0,0,0,0,0,0.005770348,0.09787365,0.133085489,0.007259607,0.129747748
0,0.002818922,0,0,0,0.01502922,0.071352124,0.024355069,0.012448314,0.054570939
0.028168545,0.097517573,0.064778894,0.003188397,0.006130837,0.000105199,0.007259607,0.087464668,0.014655897,0.09787365
0.160302325,0.274908586,0.24802122,0.109267752,0.140814396,0.009040426,0.012448314,0.129747748,0.005770348,0.071352124
0.362082816,0.421797906,0.453188661,0.338044572,0.385471322,0.076620802,0.014655897,0.054570939,0.01502922,0.007259607
0.530113946,0.509333356,0.591517346,0.544852225,0.569509923,0.114635564,0.005770348,0.09787365,0.000105199,0.012448314
0.648287274,0.559454539,0.678417539,0.678220947,0.684429851,0.259471357,0.01502922,0.071352124,0.009040426,0.014655897
0.725233531,0.584622242,0.722725413,0.757915152,0.751421627,0.266631514,0.000105199,0.007259607,0.076620802,0.005770348
0.756899066,0.574000643,0.726041432,0.791492929,0.768361416,0.553913593,0.009040426,0.012448314,0.114635564,0.01502922
0.74096579,0.51615533,0.68809343,0.782322524,0.738304208,0.456685781,0.076620802,0.014655897,0.259471357,0.000105199
0.67887097,0.407322889,0.597813196,0.728302747,0.665766586,0.455366284,0.114635564,0.005770348,0.266631514,0.009040426
0.570235264,0.260508761,0.456730347,0.62888002,0.553962919,0.599906921,0.259471357,0.01502922,0.553913593,0.076620802
0.416920384,0.102553694,0.26401039,0.473381589,0.390631997,0.550957739,0.266631514,0.000105199,0.456685781,0.114635564
0.221637744,0.014300045,0.077175757,0.250336495,0.177615609,0.597440004,0.553913593,0.009040426,0.455366284,0.259471357
0.057293657,0,1.34011E-05,0.060944371,0.030836673,0.576802969,0.456685781,0.076620802,0.599906921,0.266631514
3.41114E-05,0,0,1.38311E-06,0,0.259640664,0.455366284,0.114635564,0.550957739,0.553913593
0,0,0,0,0,0.303480119,0.599906921,0.259471357,0.597440004,0.456685781
0,0,0,0,0,0.542770267,0.550957739,0.266631514,0.576802969,0.455366284
0,0,0,0,0,0.784003615,0.597440004,0.553913593,0.259640664,0.599906921
0,0,0,0,0,0.794739664,0.576802969,0.456685781,0.303480119,0.550957739
0,0,0,0,0,0.943588614,0.259640664,0.455366284,0.542770267,0.597440004
0,0,0,0,0,0.924604237,0.303480119,0.599906921,0.784003615,0.576802969
0,0,0,0,0,0.626917481,0.542770267,0.550957739,0.794739664,0.259640664
0,0,0,0,0,0.635662079,0.784003615,0.597440004,0.943588614,0.303480119
0,0,0,0,0,0.840934098,0.794739664,0.576802969,0.924604237,0.542770267
0,0.037532443,0.003868023,0,0,0.776441932,0.943588614,0.259640664,0.626917481,0.784003615
0.028168545,0.140088176,0.101290592,0.025073524,0.041892604,0.555783987,0.924604237,0.303480119,0.635662079,0.794739664
0.160302325,0.26583767,0.294546236,0.167213774,0.197856604,0.504585147,0.626917481,0.542770267,0.840934098,0.943588614
0.362082816,0.377160786,0.469067997,0.390428629,0.408958317,0.394863248,0.635662079,0.784003615,0.776441932,0.924604237
0.530113946,0.447654768,0.578649811,0.568145263,0.567525801,0.751514912,0.840934098,0.794739664,0.555783987,0.626917481
0.648287274,0.48532939,0.644331343,0.68711925,0.67165112,0.765338778,0.776441932,0.943588614,0.504585147,0.635662079
0.725233531,0.506184212,0.685036796,0.758916818,0.73352516,0.874969602,0.555783987,0.924604237,0.394863248,0.840934098
0.756899066,0.498039613,0.683616935,0.783747726,0.745181335,0.960982263,0.504585147,0.626917481,0.751514912,0.776441932
0.74096579,0.446905322,0.634604094,0.762441927,0.702036772,1,0.394863248,0.635662079,0.765338778,0.555783987
0.67887097,0.35310421,0.539979251,0.698253468,0.612361932,0.892184198,0.751514912,0.840934098,0.874969602,0.504585147
0.570235264,0.230271213,0.40483065,0.596198017,0.487108263,0.997496009,0.765338778,0.776441932,0.960982263,0.394863248
0.416920384,0.103127727,0.236368341,0.450350691,0.326528888,0.93209362,0.874969602,0.555783987,1,0.751514912
0.221637744,0.022464273,0.074067777,0.250833166,0.143563538,0.995199144,0.960982263,0.504585147,0.892184198,0.765338778
0.057293657,0,0.000948928,0.068891904,0.025041943,0.521404147,1,0.394863248,0.997496009,0.874969602
3.41114E-05,0,0,0.000116228,0,0.870074809,0.892184198,0.751514912,0.93209362,0.960982263
0,0,0,0,0,0.993131042,0.997496009,0.765338778,0.995199144,1
0,0,0,0,0,0.966885746,0.93209362,0.874969602,0.521404147,0.892184198
0,0,0,0,0,0.952266693,0.995199144,0.960982263,0.870074809,0.997496009
0,0,0,0,0,0.785362065,0.521404147,1,0.993131042,0.93209362
0,0,0,0,0,0.542045534,0.870074809,0.892184198,0.966885746,0.995199144
0,0,0,0,0,0.649721563,0.993131042,0.997496009,0.952266693,0.521404147
0,0,0,0,0,0.757848263,0.966885746,0.93209362,0.785362065,0.870074809
0,0,0,0,0,0.52270031,0.952266693,0.995199144,0.542045534,0.993131042
0,1.48304E-05,0,0,0,0.278034478,0.785362065,0.521404147,0.649721563,0.966885746
0,0.041901765,0.031332117,4.61733E-05,0,0.550669134,0.542045534,0.870074809,0.757848263,0.952266693
0.028168545,0.137421175,0.139127236,0.051132897,0.047171215,0.887624919,0.649721563,0.993131042,0.52270031,0.785362065
0.160302325,0.242002969,0.297028066,0.201223075,0.187775675,0.900511742,0.757848263,0.966885746,0.278034478,0.542045534
0.362082816,0.338567293,0.445079902,0.390759057,0.367188644,0.872739136,0.52270031,0.952266693,0.550669134,0.649721563
0.530113946,0.401563541,0.543373462,0.542294478,0.510468614,0.961140275,0.278034478,0.785362065,0.887624919,0.757848263
0.648287274,0.436941314,0.603885151,0.648332113,0.608344035,0.931884527,0.550669134,0.542045534,0.900511742,0.52270031
0.725233531,0.462796942,0.640312384,0.716780582,0.666862404,0.907707751,0.887624919,0.649721563,0.872739136,0.278034478
0.756899066,0.459183438,0.637826805,0.738765045,0.676640003,0.949206114,0.900511742,0.757848263,0.961140275,0.550669134
0.74096579,0.413408086,0.591346389,0.712781336,0.63468312,0.83072561,0.872739136,0.52270031,0.931884527,0.887624919
0.67887097,0.329442766,0.502125418,0.645864238,0.547155048,0.611792326,0.961140275,0.278034478,0.907707751,0.900511742
0.570235264,0.222679736,0.380468501,0.546613672,0.426888148,0.597410083,0.931884527,0.550669134,0.949206114,0.872739136
0.416920384,0.114757868,0.228503579,0.412264722,0.281131836,0.835335076,0.907707751,0.887624919,0.83072561,0.961140275
0.221637744,0.032010288,0.078080236,0.237827855,0.125623376,0.6421296,0.949206114,0.900511742,0.611792326,0.931884527
0.057293657,0.000034643,0.005393065,0.072066607,0.024670557,0.503539562,0.83072561,0.872739136,0.597410083,0.907707751
3.41114E-05,0,0,0.001617507,0,0.521246254,0.611792326,0.961140275,0.835335076,0.949206114
0,0,0,0,0,0.369624883,0.597410083,0.931884527,0.6421296,0.83072561
0,0,0,0,0,0.265292585,0.835335076,0.907707751,0.503539562,0.611792326
0,0,0,0,0,0.281771332,0.6421296,0.949206114,0.521246254,0.597410083
0,0,0,0,0,0.233025074,0.503539562,0.83072561,0.369624883,0.835335076
0,0,0,0,0,0.13673526,0.521246254,0.611792326,0.265292585,0.6421296
0,0,0,0,0,0.104717307,0.369624883,0.597410083,0.281771332,0.503539562
0,0,0,0,0,0.071474724,0.265292585,0.835335076,0.233025074,0.521246254
0,0,0,0,0,0.008239744,0.281771332,0.6421296,0.13673526,0.369624883
0,7.14015E-05,0,0,0,7.35E-06,0.233025074,0.503539562,0.104717307,0.265292585
0,0.031869727,0.025743095,9.70967E-05,0,0,0.13673526,0.521246254,0.071474724,0.281771332
0.028168545,0.10870986,0.110508646,0.036548051,0.02963198,0,0.104717307,0.369624883,0.008239744,0.233025074
0.160302325,0.206185735,0.245873715,0.143809314,0.135438419,0,0.071474724,0.265292585,7.35E-06,0.13673526
0.362082816,0.305360592,0.384765591,0.289325059,0.287872523,1.39E-05,0.008239744,0.281771332,0,0.104717307
0.530113946,0.37405333,0.478454849,0.404995217,0.413572375,0.012485531,7.35E-06,0.233025074,0,0.071474724
0.648287274,0.412433023,0.533131936,0.485059818,0.496553231,0.009501642,0,0.13673526,0,0.008239744
0.725233531,0.434805188,0.560503147,0.540685957,0.54165551,0.014184862,0,0.104717307,1.39E-05,7.35E-06
0.756899066,0.429373165,0.550105804,0.551912019,0.541526563,0.119333498,0,0.071474724,0.012485531,0
0.74096579,0.392086579,0.504116346,0.52513961,0.503830855,0.19053027,1.39E-05,0.008239744,0.009501642,0
0.67887097,0.319812186,0.424875087,0.46760344,0.432579925,0.047565356,0.012485531,7.35E-06,0.014184862,0
0.570235264,0.221984813,0.322115372,0.384929871,0.332956098,0.05569284,0.009501642,0,0.119333498,1.39E-05
0.416920384,0.12148518,0.198185993,0.28015749,0.21481898,0.041210167,0.014184862,0,0.19053027,0.012485531
0.221637744,0.037536667,0.076320581,0.154844094,0.099509431,0.354351372,0.119333498,0,0.047565356,0.009501642
0.057293657,0.001276633,0.011554049,0.046888747,0.023984818,0.159613147,0.19053027,1.39E-05,0.05569284,0.014184862
3.41114E-05,0,0,0.002993463,5.33106E-06,0.249115467,0.047565356,0.012485531,0.041210167,0.119333498
0,0,0,0,0,0.285684437,0.05569284,0.009501642,0.354351372,0.19053027
0,0,0,0,0,0.087608792,0.041210167,0.014184862,0.159613147,0.047565356
0,0,0,0,0,0.121226177,0.354351372,0.119333498,0.249115467,0.05569284
0,0,0,0,0,0.363875806,0.159613147,0.19053027,0.285684437,0.041210167
0,0,0,0,0,0.4204216,0.249115467,0.047565356,0.087608792,0.354351372
0,0,0,0,0,0.378963947,0.285684437,0.05569284,0.121226177,0.159613147
0,0,0,0,0,0.406331927,0.087608792,0.041210167,0.363875806,0.249115467
0,0,0,0,0,0.693407893,0.121226177,0.354351372,0.4204216,0.285684437
0,0,0,0,0,0.680017531,0.363875806,0.159613147,0.378963947,0.087608792
0,0.018367976,0.008699189,6.97174E-07,0,0.912377775,0.4204216,0.249115467,0.406331927,0.121226177
0.028168545,0.073878282,0.057796778,0.013549298,0.019176917,0.675263762,0.378963947,0.285684437,0.693407893,0.363875806
0.160302325,0.162886631,0.158517318,0.070179459,0.097453136,0.711840212,0.406331927,0.087608792,0.680017531,0.4204216
0.362082816,0.264600588,0.276008548,0.1649287,0.226656626,0.61278379,0.693407893,0.121226177,0.912377775,0.378963947
0.530113946,0.345009389,0.359633278,0.24537725,0.344153534,0.559436798,0.680017531,0.363875806,0.675263762,0.406331927
0.648287274,0.395807962,0.406551005,0.303188768,0.423652467,0.722519279,0.912377775,0.4204216,0.711840212,0.693407893
0.725233531,0.421341656,0.431033394,0.349695235,0.467690279,0.511611402,0.675263762,0.378963947,0.61278379,0.680017531
0.756899066,0.413537762,0.426120426,0.369299561,0.470649699,0.478147358,0.711840212,0.406331927,0.559436798,0.912377775
0.74096579,0.372044019,0.392856392,0.356433124,0.436196213,0.621359408,0.61278379,0.693407893,0.722519279,0.675263762
0.67887097,0.301515608,0.327540149,0.315890947,0.37098972,0.271505713,0.559436798,0.680017531,0.511611402,0.711840212
0.570235264,0.211032957,0.243267778,0.25738533,0.283949661,0.136628702,0.722519279,0.912377775,0.478147358,0.61278379
0.416920384,0.114473305,0.149093864,0.181499574,0.181293397,2.23E-05,0.511611402,0.675263762,0.621359408,0.559436798
0.221637744,0.03487298,0.060032846,0.094245247,0.082196902,0.000521008,0.478147358,0.711840212,0.271505713,0.722519279
0.057293657,0.001742103,0.010929424,0.026673526,0.019225853,0.207811773,0.621359408,0.61278379,0.136628702,0.511611402
3.41114E-05,0,0,0.001714032,4.95409E-06,0.339919329,0.271505713,0.559436798,2.23E-05,0.478147358
0,0,0,0,0,0.437801093,0.136628702,0.722519279,0.000521008,0.621359408
0,0,0,0,0,0.333993256,2.23E-05,0.511611402,0.207811773,0.271505713
0,0,0,0,0,0.161500841,0.000521008,0.478147358,0.339919329,0.136628702
0,0,0,0,0,0.08829625,0.207811773,0.621359408,0.437801093,2.23E-05
0,0,0,0,0,0.220195055,0.339919329,0.271505713,0.333993256,0.000521008
0,0,0,0,0,0.172396615,0.437801093,0.136628702,0.161500841,0.207811773
0,0,0,0,0,0.12225575,0.333993256,2.23E-05,0.08829625,0.339919329
0,0,0,0,0,0.613420427,0.161500841,0.000521008,0.220195055,0.437801093
0,0,0,0,0,0.661406875,0.08829625,0.207811773,0.172396615,0.333993256
0,0.021596612,0.001614276,0,0,0.234022364,0.220195055,0.339919329,0.12225575,0.161500841
0.028168545,0.096107401,0.054766203,0.009289247,0.0177531,0.103758812,0.172396615,0.437801093,0.613420427,0.08829625
0.160302325,0.208913968,0.182334557,0.072100959,0.099663088,0.531124353,0.12225575,0.333993256,0.661406875,0.220195055
0.362082816,0.322561179,0.32461304,0.190405276,0.239711236,0.79294759,0.613420427,0.161500841,0.234022364,0.172396615
0.530113946,0.412043789,0.422807408,0.277139654,0.360126451,0.733684421,0.661406875,0.08829625,0.103758812,0.12225575
0.648287274,0.468468826,0.475910669,0.331102721,0.435836919,0.750452161,0.234022364,0.220195055,0.531124353,0.613420427
0.725233531,0.49205162,0.504584821,0.378329198,0.478373291,0.651688874,0.103758812,0.172396615,0.79294759,0.661406875
0.756899066,0.484090573,0.497714406,0.400660292,0.484508526,0.486561388,0.531124353,0.12225575,0.733684421,0.234022364
0.74096579,0.436573502,0.453280358,0.392230459,0.449445168,0.486710966,0.79294759,0.613420427,0.750452161,0.103758812
0.67887097,0.351093142,0.376573745,0.350881023,0.378401934,0.400576115,0.733684421,0.661406875,0.651688874,0.531124353
0.570235264,0.241245504,0.274951864,0.284926348,0.285959871,0.24932152,0.750452161,0.234022364,0.486561388,0.79294759
0.416920384,0.123367517,0.158785041,0.199204372,0.176977658,0.13982217,0.651688874,0.103758812,0.486710966,0.733684421
0.221637744,0.033417793,0.053587996,0.107543947,0.074270379,0.252622604,0.486561388,0.531124353,0.400576115,0.750452161
0.057293657,0.000154151,0.004798177,0.031123546,0.014648873,0.292977631,0.486710966,0.79294759,0.24932152,0.651688874
3.41114E-05,0,0,0.000395911,0,0.271639407,0.400576115,0.733684421,0.13982217,0.486561388
0,0,0,0,0,0.096954748,0.24932152,0.750452161,0.252622604,0.486710966
0,0,0,0,0,0.085644051,0.13982217,0.651688874,0.292977631,0.400576115
0,0,0,0,0,0.132925838,0.252622604,0.486561388,0.271639407,0.24932152
0,0,0,0,0,0.170157641,0.292977631,0.486710966,0.096954748,0.13982217
0,0,0,0,0,0.157312199,0.271639407,0.400576115,0.085644051,0.252622604
0,0,0,0,0,0.1129352,0.096954748,0.24932152,0.132925838,0.292977631
0,0,0,0,0,0.080922805,0.085644051,0.13982217,0.170157641,0.271639407
0,0,0,0,0,0.009407829,0.132925838,0.252622604,0.157312199,0.096954748
0,0,0,0,0,0.004207884,0.170157641,0.292977631,0.1129352,0.085644051
0,0.018129165,9.97578E-06,0,0,0.001620191,0.157312199,0.271639407,0.080922805,0.132925838
0.028168545,0.098892003,0.065960248,0.010365576,0.024634202,0.019495428,0.1129352,0.096954748,0.009407829,0.170157641
0.160302325,0.224293789,0.221993233,0.10412263,0.1388315,0.150224701,0.080922805,0.085644051,0.004207884,0.157312199
0.362082816,0.335391152,0.379960332,0.278629414,0.316784795,0.319878668,0.009407829,0.132925838,0.001620191,0.1129352
0.530113946,0.404257016,0.473395401,0.407806705,0.455255007,0.628166378,0.004207884,0.170157641,0.019495428,0.080922805
0.648287274,0.44592744,0.519037537,0.480577685,0.539025892,0.693327785,0.001620191,0.157312199,0.150224701,0.009407829
0.725233531,0.46954489,0.53764809,0.525078266,0.580651139,0.810688376,0.019495428,0.1129352,0.319878668,0.004207884
0.756899066,0.458529972,0.520718864,0.530232129,0.575155643,0.895314872,0.150224701,0.080922805,0.628166378,0.001620191
0.74096579,0.405668318,0.467542763,0.502002626,0.526155639,0.86654073,0.319878668,0.009407829,0.693327785,0.019495428
0.67887097,0.308281378,0.379580114,0.437831578,0.438464912,0.78773278,0.628166378,0.004207884,0.810688376,0.150224701
0.570235264,0.191771429,0.266716478,0.351699874,0.328380989,0.924003243,0.693327785,0.001620191,0.895314872,0.319878668
0.416920384,0.078755196,0.138112833,0.239025677,0.197238204,0.990432084,0.810688376,0.019495428,0.86654073,0.628166378
0.221637744,0.012112534,0.036178216,0.10842361,0.070617725,0.985242248,0.895314872,0.150224701,0.78773278,0.693327785
0.057293657,0,0.000114229,0.022472359,0.00858835,0.999417424,0.86654073,0.319878668,0.924003243,0.810688376
3.41114E-05,0,0,7.08008E-07,0,1,0.78773278,0.628166378,0.990432084,0.895314872
0,0,0,0,0,1,0.924003243,0.693327785,0.985242248,0.86654073
0,0,0,0,0,1,0.990432084,0.810688376,0.999417424,0.78773278
0,0,0,0,0,1,0.985242248,0.895314872,1,0.924003243
0,0,0,0,0,1,0.999417424,0.86654073,1,0.990432084
0,0,0,0,0,1,1,0.78773278,1,0.985242248
0,0,0,0,0,0.985692322,1,0.924003243,1,0.999417424
0,0,0,0,0,0.941182435,1,0.990432084,1,1
0,0,0,0,0,0.980075657,1,0.985242248,1,1
0,0,0,0,0,0.993839562,1,0.999417424,0.985692322,1
0,0.005753611,0,0,0,0.966479957,1,1,0.941182435,1
0.028168545,0.112826529,0.077506826,0.008339044,0.02556177,0.997629941,0.985692322,1,0.980075657,1
0.160302325,0.29605062,0.25839701,0.125738749,0.156097684,0.955581605,0.941182435,1,0.993839562,1
0.362082816,0.43061533,0.432675956,0.342778783,0.353591363,0.972986162,0.980075657,1,0.966479957,0.985692322
0.530113946,0.499194474,0.533182454,0.516879638,0.499175391,0.982450366,0.993839562,1,0.997629941,0.941182435
0.648287274,0.533077332,0.582899802,0.62658799,0.586025609,0.999181509,0.966479957,1,0.955581605,0.980075657
0.725233531,0.549128151,0.605466964,0.682536924,0.629005684,1,0.997629941,0.985692322,0.972986162,0.993839562
0.756899066,0.52604716,0.588487885,0.686536735,0.620883644,0.996199787,0.955581605,0.941182435,0.982450366,0.966479957
0.74096579,0.463501501,0.526844348,0.647163858,0.566066032,1,0.972986162,0.980075657,0.999181509,0.997629941
0.67887097,0.357537248,0.425540756,0.565915282,0.477118589,0.980571449,0.982450366,0.993839562,1,0.955581605
0.570235264,0.213653945,0.283684551,0.442333116,0.355129183,1,0.999181509,0.966479957,0.996199787,0.972986162
0.416920384,0.067541782,0.112683202,0.276098901,0.203556536,0.997454047,1,0.997629941,1,0.982450366
0.221637744,0.000363079,0.012219102,0.097498627,0.062029891,0.734991491,0.996199787,0.955581605,0.980571449,0.999181509
0.057293657,0,0,0.005894177,0.000766355,0.5955621,1,0.972986162,1,1
3.41114E-05,0,0,0,0,0.242826775,0.980571449,0.982450366,0.997454047,0.996199787
0,0,0,0,0,0.03796494,1,0.999181509,0.734991491,1
0,0,0,0,0,0.090820193,0.997454047,1,0.5955621,0.980571449
0,0,0,0,0,0.388701856,0.734991491,0.996199787,0.242826775,1
0,0,0,0,0,0.776218772,0.5955621,1,0.03796494,0.997454047
0,0,0,0,0,0.929636121,0.242826775,0.980571449,0.090820193,0.734991491
0,0,0,0,0,0.979400814,0.03796494,1,0.388701856,0.5955621
0,0,0,0,0,0.886533201,0.090820193,0.997454047,0.776218772,0.242826775
0,0,0,0,0,0.975051701,0.388701856,0.734991491,0.929636121,0.03796494
0,0,0,0,0,0.962889194,0.776218772,0.5955621,0.979400814,0.090820193
0,0,0,0,0,0.994308054,0.929636121,0.242826775,0.886533201,0.388701856
0.028168545,0.109948012,0.051050887,0.001096135,0.008493476,1,0.979400814,0.03796494,0.975051701,0.776218772
0.160302325,0.328276278,0.221020596,0.107148217,0.147571789,1,0.886533201,0.090820193,0.962889194,0.929636121
0.362082816,0.500389856,0.4235184,0.329040347,0.380535076,1,0.975051701,0.388701856,0.994308054,0.979400814
0.530113946,0.582692407,0.553563866,0.517244325,0.530433368,1,0.962889194,0.776218772,1,0.886533201
0.648287274,0.619939029,0.625051986,0.630445419,0.610164795,0.997083902,0.994308054,0.929636121,1,0.975051701
0.725233531,0.636590034,0.650565976,0.687481075,0.649094112,0.936557472,1,0.979400814,1,0.962889194
0.756899066,0.608664542,0.631141084,0.695377762,0.640143269,0.648079991,1,0.886533201,1,0.994308054
0.74096579,0.533595096,0.566111088,0.661083169,0.589878402,0.575213313,1,0.975051701,0.997083902,1
0.67887097,0.406246521,0.444986446,0.581190504,0.502673365,0.324579209,1,0.962889194,0.936557472,1
0.570235264,0.214778245,0.268523736,0.450220806,0.376077865,0.403110504,0.997083902,0.994308054,0.648079991,1
0.416920384,0.0507441,0.084389002,0.265459406,0.21685208,0.738659501,0.936557472,1,0.575213313,1
0.221637744,0,0.000352542,0.079720202,0.065806525,0.821796894,0.648079991,1,0.324579209,0.997083902
0.057293657,0,0,0.000288221,0,0.786139071,0.575213313,1,0.403110504,0.936557472
3.41114E-05,0,0,0,0,0.893895745,0.324579209,1,0.738659501,0.648079991
0,0,0,0,0,0.787274539,0.403110504,0.997083902,0.821796894,0.575213313
0,0,0,0,0,0.398638457,0.738659501,0.936557472,0.786139071,0.324579209
0,0,0,0,0,0.214873984,0.821796894,0.648079991,0.893895745,0.403110504
0,0,0,0,0,0.042057011,0.786139071,0.575213313,0.787274539,0.738659501
0,0,0,0,0,0.011415927,0.893895745,0.324579209,0.398638457,0.821796894
0,0,0,0,0,0.091616571,0.787274539,0.403110504,0.214873984,0.786139071
0,0,0,0,0,0.028628357,0.398638457,0.738659501,0.042057011,0.893895745
0,0,0,0,0,0.008147781,0.214873984,0.821796894,0.011415927,0.787274539
0,0,0,0,0,0.001728845,0.042057011,0.786139071,0.091616571,0.398638457
0,0,0,0,0,0.000489691,0.011415927,0.893895745,0.028628357,0.214873984
0.028168545,0.064766638,0.004242237,0,0.00006223,0,0.091616571,0.787274539,0.008147781,0.042057011
0.160302325,0.255268649,0.135981336,0.055830753,0.108882234,0.106977865,0.028628357,0.398638457,0.001728845,0.011415927
0.362082816,0.453660127,0.354738922,0.244582415,0.329000576,0.0242454,0.008147781,0.214873984,0.000489691,0.091616571
0.530113946,0.542779921,0.46872776,0.450991233,0.488560151,0.081125595,0.001728845,0.042057011,0,0.028628357
0.648287274,0.584379829,0.526999394,0.572971741,0.575258615,0.053096838,0.000489691,0.011415927,0.106977865,0.008147781
0.725233531,0.610835519,0.57363402,0.641610296,0.625140117,0.056380223,0,0.091616571,0.0242454,0.001728845
0.756899066,0.591498424,0.575769929,0.660908146,0.627792799,0.069894731,0.106977865,0.028628357,0.081125595,0.000489691
0.74096579,0.522767137,0.528135535,0.637427114,0.588121505,0.197658047,0.0242454,0.008147781,0.053096838,0
0.67887097,0.398029936,0.418195272,0.566945239,0.507992297,0.243601352,0.081125595,0.001728845,0.056380223,0.106977865
0.570235264,0.214457839,0.262842486,0.445826035,0.38945216,0.174287289,0.053096838,0.000489691,0.069894731,0.0242454
0.416920384,0.053774111,0.090474622,0.27544807,0.242685424,0.164340287,0.056380223,0,0.197658047,0.081125595
0.221637744,0,0.001099239,0.091087146,0.082892423,0.293076575,0.069894731,0.106977865,0.243601352,0.053096838
0.057293657,0,0,0.001916967,0.000256649,0.101459831,0.197658047,0.0242454,0.174287289,0.056380223
3.41114E-05,0,0,0,0,0.249035716,0.243601352,0.081125595,0.164340287,0.069894731
0,0,0,0,0,0.486195683,0.174287289,0.053096838,0.293076575,0.197658047
0,0,0,0,0,0.169421896,0.164340287,0.056380223,0.101459831,0.243601352
0,0,0,0,0,0.009011528,0.293076575,0.069894731,0.249035716,0.174287289
0,0,0,0,0,0.001333811,0.101459831,0.197658047,0.486195683,0.164340287
0,0,0,0,0,0.000317352,0.249035716,0.243601352,0.169421896,0.293076575
0,0,0,0,0,0.036272675,0.486195683,0.174287289,0.009011528,0.101459831
0,0,0,0,0,0.025158998,0.169421896,0.164340287,0.001333811,0.249035716
0,0,0,0,0,0.001915023,0.009011528,0.293076575,0.000317352,0.486195683
0,0,0,0,0,0.004838473,0.001333811,0.101459831,0.036272675,0.169421896
0,0,0,0,0,0.002978894,0.000317352,0.249035716,0.025158998,0.009011528
0.028168545,0.0412833,3.87821E-07,0,0,0.002749893,0.036272675,0.486195683,0.001915023,0.001333811
0.160302325,0.21719522,0.123562505,0.036124838,0.099302754,0.001096892,0.025158998,0.169421896,0.004838473,0.000317352
0.362082816,0.437239152,0.350346208,0.227561325,0.322716078,0.00047768,0.001915023,0.009011528,0.002978894,0.036272675
0.530113946,0.555174385,0.470659642,0.474633847,0.515044317,0.000743314,0.004838473,0.001333811,0.002749893,0.025158998
0.648287274,0.618641955,0.530772992,0.621990347,0.630605142,0.0015621,0.002978894,0.000317352,0.001096892,0.001915023
0.725233531,0.654165025,0.593863891,0.703798963,0.697638048,0.00100724,0.002749893,0.036272675,0.00047768,0.004838473
0.756899066,0.644009549,0.61795828,0.73605817,0.716580655,0.029870097,0.001096892,0.025158998,0.000743314,0.002978894
0.74096579,0.584443909,0.591373309,0.727632665,0.694481821,0.207876697,0.00047768,0.001915023,0.0015621,0.002749893
0.67887097,0.461943299,0.497196321,0.67469884,0.629024793,0.370250285,0.000743314,0.004838473,0.00100724,0.001096892
0.570235264,0.279176191,0.34426557,0.57147126,0.517746087,0.510409713,0.0015621,0.002978894,0.029870097,0.00047768
0.416920384,0.087129579,0.143554844,0.40257636,0.350324394,0.496798247,0.00100724,0.002749893,0.207876697,0.000743314
0.221637744,9.21049E-05,0.016104115,0.167484634,0.13445333,0.597496986,0.029870097,0.001096892,0.370250285,0.0015621
0.057293657,0,0,0.018261165,0.009415295,0.442481995,0.207876697,0.00047768,0.510409713,0.00100724
3.41114E-05,0,0,0,0,0.319852293,0.370250285,0.000743314,0.496798247,0.029870097
0,0,0,0,0,0.265951574,0.510409713,0.0015621,0.597496986,0.207876697
0,0,0,0,0,0.246795446,0.496798247,0.00100724,0.442481995,0.370250285
0,0,0,0,0,0.225861371,0.597496986,0.029870097,0.319852293,0.510409713
0,0,0,0,0,0.234784558,0.442481995,0.207876697,0.265951574,0.496798247
0,0,0,0,0,0.100260928,0.319852293,0.370250285,0.246795446,0.597496986
0,0,0,0,0,0.05188882,0.265951574,0.510409713,0.225861371,0.442481995
0,0,0,0,0,0.044131674,0.246795446,0.496798247,0.234784558,0.319852293
0,0,0,0,0,0.004188695,0.225861371,0.597496986,0.100260928,0.265951574
0,0,0,0,0,0.00055478,0.234784558,0.442481995,0.05188882,0.246795446
0,0,0,0,0,0.084299549,0.100260928,0.319852293,0.044131674,0.225861371
0.028168545,0.06350896,0.008823963,0,8.97956E-06,0.005396586,0.05188882,0.265951574,0.004188695,0.234784558
0.160302325,0.226344513,0.148806513,0.059198695,0.107371269,0.011789078,0.044131674,0.246795446,0.00055478,0.100260928
0.362082816,0.399621076,0.382050465,0.260889475,0.345519128,0.04832131,0.004188695,0.225861371,0.084299549,0.05188882
0.530113946,0.506024334,0.537776593,0.494000346,0.549781914,0.016470706,0.00055478,0.234784558,0.005396586,0.044131674
0.648287274,0.564421175,0.630873886,0.640014732,0.672936237,0.023280129,0.084299549,0.100260928,0.011789078,0.004188695
0.725233531,0.593604255,0.68064409,0.724162328,0.747078476,0.135175705,0.005396586,0.05188882,0.04832131,0.00055478
0.756899066,0.587792531,0.687478942,0.760361472,0.773695645,0.201039851,0.011789078,0.044131674,0.016470706,0.084299549
0.74096579,0.535570515,0.650252901,0.753486574,0.755049595,0.256816059,0.04832131,0.004188695,0.023280129,0.005396586
0.67887097,0.420190117,0.557936247,0.702994787,0.691801778,0.146238342,0.016470706,0.00055478,0.135175705,0.011789078
0.570235264,0.261012072,0.410027556,0.607318086,0.585818496,0.46337235,0.023280129,0.084299549,0.201039851,0.04832131
0.416920384,0.091215323,0.208916103,0.450924309,0.423246743,0.403598249,0.135175705,0.005396586,0.256816059,0.016470706
0.221637744,0.004193493,0.048571953,0.221824347,0.193411402,0.339757085,0.201039851,0.011789078,0.146238342,0.023280129
0.057293657,0,0,0.044805602,0.03130264,0.370321482,0.256816059,0.04832131,0.46337235,0.135175705
3.41114E-05,0,0,0,0,0.465583175,0.146238342,0.016470706,0.403598249,0.201039851
0,0,0,0,0,0.707297444,0.46337235,0.023280129,0.339757085,0.256816059
0,0,0,0,0,0.895804107,0.403598249,0.135175705,0.370321482,0.146238342
0,0,0,0,0,0.819945991,0.339757085,0.201039851,0.465583175,0.46337235
0,0,0,0,0,0.610500693,0.370321482,0.256816059,0.707297444,0.403598249
0,0,0,0,0,0.34757489,0.465583175,0.146238342,0.895804107,0.339757085
0,0,0,0,0,0.285657108,0.707297444,0.46337235,0.819945991,0.370321482
0,0,0,0,0,0.317218393,0.895804107,0.403598249,0.610500693,0.465583175
0,0,0,0,0,0.254971772,0.819945991,0.339757085,0.34757489,0.707297444
0,0,0,0,0,0.306124657,0.610500693,0.370321482,0.285657108,0.895804107
0,0.002818922,0,0,0,0.72285372,0.34757489,0.465583175,0.317218393,0.819945991
0.028168545,0.097517573,0.064778894,0.003188397,0.006130837,0.749075055,0.285657108,0.707297444,0.254971772,0.610500693
0.160302325,0.274908586,0.24802122,0.109267752,0.140814396,0.766450584,0.317218393,0.895804107,0.306124657,0.34757489
0.362082816,0.421797906,0.453188661,0.338044572,0.385471322,0.583024323,0.254971772,0.819945991,0.72285372,0.285657108
0.530113946,0.509333356,0.591517346,0.544852225,0.569509923,0.89966023,0.306124657,0.610500693,0.749075055,0.317218393
0.648287274,0.559454539,0.678417539,0.678220947,0.684429851,0.768344879,0.72285372,0.34757489,0.766450584,0.254971772
0.725233531,0.584622242,0.722725413,0.757915152,0.751421627,0.941289306,0.749075055,0.285657108,0.583024323,0.306124657
0.756899066,0.574000643,0.726041432,0.791492929,0.768361416,0.691129565,0.766450584,0.317218393,0.89966023,0.72285372
0.74096579,0.51615533,0.68809343,0.782322524,0.738304208,0.369385242,0.583024323,0.254971772,0.768344879,0.749075055
0.67887097,0.407322889,0.597813196,0.728302747,0.665766586,0.543988705,0.89966023,0.306124657,0.941289306,0.766450584
0.570235264,0.260508761,0.456730347,0.62888002,0.553962919,0.627581239,0.768344879,0.72285372,0.691129565,0.583024323
0.416920384,0.102553694,0.26401039,0.473381589,0.390631997,0.891589403,0.941289306,0.749075055,0.369385242,0.89966023
0.221637744,0.014300045,0.077175757,0.250336495,0.177615609,0.663651288,0.691129565,0.766450584,0.543988705,0.768344879
0.057293657,0,1.34011E-05,0.060944371,0.030836673,0.636843503,0.369385242,0.583024323,0.627581239,0.941289306
3.41114E-05,0,0,1.38311E-06,0,0.916098177,0.543988705,0.89966023,0.891589403,0.691129565
0,0,0,0,0,0.838043511,0.627581239,0.768344879,0.663651288,0.369385242
0,0,0,0,0,0.755483866,0.891589403,0.941289306,0.636843503,0.543988705
0,0,0,0,0,0.694692194,0.663651288,0.691129565,0.916098177,0.627581239
0,0,0,0,0,0.644259989,0.636843503,0.369385242,0.838043511,0.891589403
0,0,0,0,0,0.696441293,0.916098177,0.543988705,0.755483866,0.663651288
0,0,0,0,0,0.356852591,0.838043511,0.627581239,0.694692194,0.636843503
0,0,0,0,0,0.251459301,0.755483866,0.891589403,0.644259989,0.916098177
0,0,0,0,0,0.172121212,0.694692194,0.663651288,0.696441293,0.838043511
0,0,0,0,0,0.189258426,0.644259989,0.636843503,0.356852591,0.755483866
0,0.037532443,0.003868023,0,0,0.340059042,0.696441293,0.916098177,0.251459301,0.694692194
0.028168545,0.140088176,0.101290592,0.025073524,0.041892604,0.241040498,0.356852591,0.838043511,0.172121212,0.644259989
0.160302325,0.26583767,0.294546236,0.167213774,0.197856604,0.19764173,0.251459301,0.755483866,0.189258426,0.696441293
0.362082816,0.377160786,0.469067997,0.390428629,0.408958317,0.407617241,0.172121212,0.694692194,0.340059042,0.356852591
0.530113946,0.447654768,0.578649811,0.568145263,0.567525801,0.384550184,0.189258426,0.644259989,0.241040498,0.251459301
0.648287274,0.48532939,0.644331343,0.68711925,0.67165112,0.455034077,0.340059042,0.696441293,0.19764173,0.172121212
0.725233531,0.506184212,0.685036796,0.758916818,0.73352516,0.515170276,0.241040498,0.356852591,0.407617241,0.189258426
0.756899066,0.498039613,0.683616935,0.783747726,0.745181335,0.38820073,0.19764173,0.251459301,0.384550184,0.340059042
0.74096579,0.446905322,0.634604094,0.762441927,0.702036772,0.628327966,0.407617241,0.172121212,0.455034077,0.241040498
0.67887097,0.35310421,0.539979251,0.698253468,0.612361932,0.8641752,0.384550184,0.189258426,0.515170276,0.19764173
0.570235264,0.230271213,0.40483065,0.596198017,0.487108263,0.666926622,0.455034077,0.340059042,0.38820073,0.407617241
0.416920384,0.103127727,0.236368341,0.450350691,0.326528888,0.66224283,0.515170276,0.241040498,0.628327966,0.384550184
0.221637744,0.022464273,0.074067777,0.250833166,0.143563538,0.682783544,0.38820073,0.19764173,0.8641752,0.455034077
0.057293657,0,0.000948928,0.068891904,0.025041943,0.658913016,0.628327966,0.407617241,0.666926622,0.515170276
3.41114E-05,0,0,0.000116228,0,0.693691909,0.8641752,0.384550184,0.66224283,0.38820073
0,0,0,0,0,0.714291751,0.666926622,0.455034077,0.682783544,0.628327966
0,0,0,0,0,0.787061214,0.66224283,0.515170276,0.658913016,0.8641752
0,0,0,0,0,0.648082256,0.682783544,0.38820073,0.693691909,0.666926622
0,0,0,0,0,0.480793148,0.658913016,0.628327966,0.714291751,0.66224283
0,0,0,0,0,0.51872462,0.693691909,0.8641752,0.787061214,0.682783544
0,0,0,0,0,0.532529056,0.714291751,0.666926622,0.648082256,0.658913016
0,0,0,0,0,0.403577,0.787061214,0.66224283,0.480793148,0.693691909
0,0,0,0,0,0.288212121,0.648082256,0.682783544,0.51872462,0.714291751
0,1.48304E-05,0,0,0,0.155730009,0.480793148,0.658913016,0.532529056,0.787061214
0,0.041901765,0.031332117,4.61733E-05,0,0.248360261,0.51872462,0.693691909,0.403577,0.648082256
0.028168545,0.137421175,0.139127236,0.051132897,0.047171215,0.136244684,0.532529056,0.714291751,0.288212121,0.480793148
0.160302325,0.242002969,0.297028066,0.201223075,0.187775675,0.152369171,0.403577,0.787061214,0.155730009,0.51872462
0.362082816,0.338567293,0.445079902,0.390759057,0.367188644,0.15664646,0.288212121,0.648082256,0.248360261,0.532529056
0.530113946,0.401563541,0.543373462,0.542294478,0.510468614,0.109205045,0.155730009,0.480793148,0.136244684,0.403577
0.648287274,0.436941314,0.603885151,0.648332113,0.608344035,0.124641761,0.248360261,0.51872462,0.152369171,0.288212121
0.725233531,0.462796942,0.640312384,0.716780582,0.666862404,0.099795096,0.136244684,0.532529056,0.15664646,0.155730009
0.756899066,0.459183438,0.637826805,0.738765045,0.676640003,0.24032332,0.152369171,0.403577,0.109205045,0.248360261
0.74096579,0.413408086,0.591346389,0.712781336,0.63468312,0.626431525,0.15664646,0.288212121,0.124641761,0.136244684
0.67887097,0.329442766,0.502125418,0.645864238,0.547155048,0.381871194,0.109205045,0.155730009,0.099795096,0.152369171
0.570235264,0.222679736,0.380468501,0.546613672,0.426888148,0.455129683,0.124641761,0.248360261,0.24032332,0.15664646
0.416920384,0.114757868,0.228503579,0.412264722,0.281131836,0.775627553,0.099795096,0.136244684,0.626431525,0.109205045
0.221637744,0.032010288,0.078080236,0.237827855,0.125623376,0.841572523,0.24032332,0.152369171,0.381871194,0.124641761
0.057293657,0.000034643,0.005393065,0.072066607,0.024670557,0.714044333,0.626431525,0.15664646,0.455129683,0.099795096
3.41114E-05,0,0,0.001617507,0,0.465495348,0.381871194,0.109205045,0.775627553,0.24032332
0,0,0,0,0,0.395678699,0.455129683,0.124641761,0.841572523,0.626431525
0,0,0,0,0,0.505203664,0.775627553,0.099795096,0.714044333,0.381871194
0,0,0,0,0,0.441453069,0.841572523,0.24032332,0.465495348,0.455129683
0,0,0,0,0,0.235097349,0.714044333,0.626431525,0.395678699,0.775627553
0,0,0,0,0,0.283535391,0.465495348,0.381871194,0.505203664,0.841572523
0,0,0,0,0,0.645805538,0.395678699,0.455129683,0.441453069,0.714044333
0,0,0,0,0,0.48262763,0.505203664,0.775627553,0.235097349,0.465495348
0,0,0,0,0,0.245015219,0.441453069,0.841572523,0.283535391,0.395678699
0,7.14015E-05,0,0,0,0.841091931,0.235097349,0.714044333,0.645805538,0.505203664
0,0.031869727,0.025743095,9.70967E-05,0,0.988655627,0.283535391,0.465495348,0.48262763,0.441453069
0.028168545,0.10870986,0.110508646,0.036548051,0.02963198,0.990291238,0.645805538,0.395678699,0.245015219,0.235097349
0.160302325,0.206185735,0.245873715,0.143809314,0.135438419,0.994036973,0.48262763,0.505203664,0.841091931,0.283535391
0.362082816,0.305360592,0.384765591,0.289325059,0.287872523,1,0.245015219,0.441453069,0.988655627,0.645805538
0.530113946,0.37405333,0.478454849,0.404995217,0.413572375,1,0.841091931,0.235097349,0.990291238,0.48262763
0.648287274,0.412433023,0.533131936,0.485059818,0.496553231,0.999929368,0.988655627,0.283535391,0.994036973,0.245015219
0.725233531,0.434805188,0.560503147,0.540685957,0.54165551,0.960915685,0.990291238,0.645805538,1,0.841091931
0.756899066,0.429373165,0.550105804,0.551912019,0.541526563,0.895500779,0.994036973,0.48262763,1,0.988655627
0.74096579,0.392086579,0.504116346,0.52513961,0.503830855,0.76709497,1,0.245015219,0.999929368,0.990291238
0.67887097,0.319812186,0.424875087,0.46760344,0.432579925,0.435475737,1,0.841091931,0.960915685,0.994036973
0.570235264,0.221984813,0.322115372,0.384929871,0.332956098,0.090656437,0.999929368,0.988655627,0.895500779,1
0.416920384,0.12148518,0.198185993,0.28015749,0.21481898,0.074931957,0.960915685,0.990291238,0.76709497,1
0.221637744,0.037536667,0.076320581,0.154844094,0.099509431,0.06550388,0.895500779,0.994036973,0.435475737,0.999929368
0.057293657,0.001276633,0.011554049,0.046888747,0.023984818,0.076071575,0.76709497,1,0.090656437,0.960915685
3.41114E-05,0,0,0.002993463,5.33106E-06,0.242902949,0.435475737,1,0.074931957,0.895500779
0,0,0,0,0,0.305609792,0.090656437,0.999929368,0.06550388,0.76709497
0,0,0,0,0,0.366039604,0.074931957,0.960915685,0.076071575,0.435475737
0,0,0,0,0,0.289276272,0.06550388,0.895500779,0.242902949,0.090656437
0,0,0,0,0,0.181570083,0.076071575,0.76709497,0.305609792,0.074931957
0,0,0,0,0,0.015158695,0.242902949,0.435475737,0.366039604,0.06550388
0,0,0,0,0,0.002629287,0.305609792,0.090656437,0.289276272,0.076071575
0,0,0,0,0,0.035349268,0.366039604,0.074931957,0.181570083,0.242902949
0,0,0,0,0,0.335926116,0.289276272,0.06550388,0.015158695,0.305609792
0,0,0,0,0,0,0.181570083,0.076071575,0.002629287,0.366039604
0,0.018367976,0.008699189,6.97174E-07,0,0.032872688,0.015158695,0.242902949,0.035349268,0.289276272
0.028168545,0.073878282,0.057796778,0.013549298,0.019176917,0.309798121,0.002629287,0.305609792,0.335926116,0.181570083
0.160302325,0.162886631,0.158517318,0.070179459,0.097453136,0.753643334,0.035349268,0.366039604,0,0.015158695
0.362082816,0.264600588,0.276008548,0.1649287,0.226656626,0.811525822,0.335926116,0.289276272,0.032872688,0.002629287
0.530113946,0.345009389,0.359633278,0.24537725,0.344153534,0.95241034,0,0.181570083,0.309798121,0.035349268
0.648287274,0.395807962,0.406551005,0.303188768,0.423652467,1,0.032872688,0.015158695,0.753643334,0.335926116
0.725233531,0.421341656,0.431033394,0.349695235,0.467690279,1,0.309798121,0.002629287,0.811525822,0
0.756899066,0.413537762,0.426120426,0.369299561,0.470649699,0.999834955,0.753643334,0.035349268,0.95241034,0.032872688
0.74096579,0.372044019,0.392856392,0.356433124,0.436196213,0.966009676,0.811525822,0.335926116,1,0.309798121
0.67887097,0.301515608,0.327540149,0.315890947,0.37098972,0.5206424,0.95241034,0,1,0.753643334
0.570235264,0.211032957,0.243267778,0.25738533,0.283949661,0.384480596,1,0.032872688,0.999834955,0.811525822
0.416920384,0.114473305,0.149093864,0.181499574,0.181293397,0.511512339,1,0.309798121,0.966009676,0.95241034
0.221637744,0.03487298,0.060032846,0.094245247,0.082196902,0.754252136,0.999834955,0.753643334,0.5206424,1
0.057293657,0.001742103,0.010929424,0.026673526,0.019225853,0.828727782,0.966009676,0.811525822,0.384480596,1
3.41114E-05,0,0,0.001714032,4.95409E-06,0.854124427,0.5206424,0.95241034,0.511512339,0.999834955
0,0,0,0,0,0.816929042,0.384480596,1,0.754252136,0.966009676
0,0,0,0,0,0.863291502,0.511512339,1,0.828727782,0.5206424
0,0,0,0,0,0.876287818,0.754252136,0.999834955,0.854124427,0.384480596
0,0,0,0,0,0.68124795,0.828727782,0.966009676,0.816929042,0.511512339
0,0,0,0,0,0.358041853,0.854124427,0.5206424,0.863291502,0.754252136
0,0,0,0,0,0.499465376,0.816929042,0.384480596,0.876287818,0.828727782
0,0,0,0,0,0.311755419,0.863291502,0.511512339,0.68124795,0.854124427
0,0,0,0,0,0.468940288,0.876287818,0.754252136,0.358041853,0.816929042
0,0,0,0,0,0.405288935,0.68124795,0.828727782,0.499465376,0.863291502
0,0.021596612,0.001614276,0,0,0.926289797,0.358041853,0.854124427,0.311755419,0.876287818
0.028168545,0.096107401,0.054766203,0.009289247,0.0177531,0.949460566,0.499465376,0.816929042,0.468940288,0.68124795
0.160302325,0.208913968,0.182334557,0.072100959,0.099663088,0.778889954,0.311755419,0.863291502,0.405288935,0.358041853
0.362082816,0.322561179,0.32461304,0.190405276,0.239711236,0.617577374,0.468940288,0.876287818,0.926289797,0.499465376
0.530113946,0.412043789,0.422807408,0.277139654,0.360126451,0.901967645,0.405288935,0.68124795,0.949460566,0.311755419
0.648287274,0.468468826,0.475910669,0.331102721,0.435836919,0.978049934,0.926289797,0.358041853,0.778889954,0.468940288
0.725233531,0.49205162,0.504584821,0.378329198,0.478373291,0.892829597,0.949460566,0.499465376,0.617577374,0.405288935
0.756899066,0.484090573,0.497714406,0.400660292,0.484508526,0.808615625,0.778889954,0.311755419,0.901967645,0.926289797
0.74096579,0.436573502,0.453280358,0.392230459,0.449445168,0.969441891,0.617577374,0.468940288,0.978049934,0.949460566
0.67887097,0.351093142,0.376573745,0.350881023,0.378401934,0.806326389,0.901967645,0.405288935,0.892829597,0.778889954
0.570235264,0.241245504,0.274951864,0.284926348,0.285959871,0.840030909,0.978049934,0.926289797,0.808615625,0.617577374
0.416920384,0.123367517,0.158785041,0.199204372,0.176977658,0.918922067,0.892829597,0.949460566,0.969441891,0.901967645
0.221637744,0.033417793,0.053587996,0.107543947,0.074270379,0.99034059,0.808615625,0.778889954,0.806326389,0.978049934
0.057293657,0.000154151,0.004798177,0.031123546,0.014648873,0.789673567,0.969441891,0.617577374,0.840030909,0.892829597
3.41114E-05,0,0,0.000395911,0,0.919458091,0.806326389,0.901967645,0.918922067,0.808615625
0,0,0,0,0,0.972206473,0.840030909,0.978049934,0.99034059,0.969441891
0,0,0,0,0,0.954320848,0.918922067,0.892829597,0.789673567,0.806326389
0,0,0,0,0,0.86345768,0.99034059,0.808615625,0.919458091,0.840030909
0,0,0,0,0,0.590666413,0.789673567,0.969441891,0.972206473,0.918922067
0,0,0,0,0,0.731688678,0.919458091,0.806326389,0.954320848,0.99034059
0,0,0,0,0,0.6558218,0.972206473,0.840030909,0.86345768,0.789673567
0,0,0,0,0,0.23438926,0.954320848,0.918922067,0.590666413,0.919458091
0,0,0,0,0,0.13641271,0.86345768,0.99034059,0.731688678,0.972206473
0,0,0,0,0,0.239269421,0.590666413,0.789673567,0.6558218,0.954320848
0,0.018129165,9.97578E-06,0,0,0.721606851,0.731688678,0.919458091,0.23438926,0.86345768
0.028168545,0.098892003,0.065960248,0.010365576,0.024634202,0.820573032,0.6558218,0.972206473,0.13641271,0.590666413
0.160302325,0.224293789,0.221993233,0.10412263,0.1388315,0.988469541,0.23438926,0.954320848,0.239269421,0.731688678
0.362082816,0.335391152,0.379960332,0.278629414,0.316784795,1,0.13641271,0.86345768,0.721606851,0.6558218
0.530113946,0.404257016,0.473395401,0.407806705,0.455255007,1,0.239269421,0.590666413,0.820573032,0.23438926
0.648287274,0.44592744,0.519037537,0.480577685,0.539025892,0.996278644,0.721606851,0.731688678,0.988469541,0.13641271
0.725233531,0.46954489,0.53764809,0.525078266,0.580651139,0.998883188,0.820573032,0.6558218,1,0.239269421
0.756899066,0.458529972,0.520718864,0.530232129,0.575155643,0.981682599,0.988469541,0.23438926,1,0.721606851
0.74096579,0.405668318,0.467542763,0.502002626,0.526155639,0.573396862,1,0.13641271,0.996278644,0.820573032
0.67887097,0.308281378,0.379580114,0.437831578,0.438464912,0.391411662,1,0.239269421,0.998883188,0.988469541
0.570235264,0.191771429,0.266716478,0.351699874,0.328380989,0.339642644,0.996278644,0.721606851,0.981682599,1
0.416920384,0.078755196,0.138112833,0.239025677,0.197238204,0.320867211,0.998883188,0.820573032,0.573396862,1
0.221637744,0.012112534,0.036178216,0.10842361,0.070617725,0.110078298,0.981682599,0.988469541,0.391411662,0.996278644
0.057293657,0,0.000114229,0.022472359,0.00858835,0.026982566,0.573396862,1,0.339642644,0.998883188
3.41114E-05,0,0,7.08008E-07,0,0.002944378,0.391411662,1,0.320867211,0.981682599
0,0,0,0,0,0.125005767,0.339642644,0.996278644,0.110078298,0.573396862
0,0,0,0,0,0.192449555,0.320867211,0.998883188,0.026982566,0.391411662
0,0,0,0,0,0.220874771,0.110078298,0.981682599,0.002944378,0.339642644
0,0,0,0,0,0.200533658,0.026982566,0.573396862,0.125005767,0.320867211
0,0,0,0,0,0.195602,0.002944378,0.391411662,0.192449555,0.110078298
0,0,0,0,0,0.107150562,0.125005767,0.339642644,0.220874771,0.026982566
0,0,0,0,0,0.083813764,0.192449555,0.320867211,0.200533658,0.002944378
0,0,0,0,0,0.126653433,0.220874771,0.110078298,0.195602,0.125005767
0,0,0,0,0,0.199870557,0.200533658,0.026982566,0.107150562,0.192449555
0,0.005753611,0,0,0,0.298887491,0.195602,0.002944378,0.083813764,0.220874771
0.028168545,0.112826529,0.077506826,0.008339044,0.02556177,0.597856641,0.107150562,0.125005767,0.126653433,0.200533658
0.160302325,0.29605062,0.25839701,0.125738749,0.156097684,0.530167341,0.083813764,0.192449555,0.199870557,0.195602
0.362082816,0.43061533,0.432675956,0.342778783,0.353591363,0.508688331,0.126653433,0.220874771,0.298887491,0.107150562
0.530113946,0.499194474,0.533182454,0.516879638,0.499175391,0.577920854,0.199870557,0.200533658,0.597856641,0.083813764
0.648287274,0.533077332,0.582899802,0.62658799,0.586025609,0.533288956,0.298887491,0.195602,0.530167341,0.126653433
0.725233531,0.549128151,0.605466964,0.682536924,0.629005684,0.641979694,0.597856641,0.107150562,0.508688331,0.199870557
0.756899066,0.52604716,0.588487885,0.686536735,0.620883644,0.812563598,0.530167341,0.083813764,0.577920854,0.298887491
0.74096579,0.463501501,0.526844348,0.647163858,0.566066032,0.808291912,0.508688331,0.126653433,0.533288956,0.597856641
0.67887097,0.357537248,0.425540756,0.565915282,0.477118589,0.285303324,0.577920854,0.199870557,0.641979694,0.530167341
0.570235264,0.213653945,0.283684551,0.442333116,0.355129183,0.116253167,0.533288956,0.298887491,0.812563598,0.508688331
0.416920384,0.067541782,0.112683202,0.276098901,0.203556536,0.145584852,0.641979694,0.597856641,0.808291912,0.577920854
0.221637744,0.000363079,0.012219102,0.097498627,0.062029891,0.820813596,0.812563598,0.530167341,0.285303324,0.533288956
0.057293657,0,0,0.005894177,0.000766355,0.336305588,0.808291912,0.508688331,0.116253167,0.641979694
3.41114E-05,0,0,0,0,0.946572661,0.285303324,0.577920854,0.145584852,0.812563598
0,0,0,0,0,1,0.116253167,0.533288956,0.820813596,0.808291912
0,0,0,0,0,1,0.145584852,0.641979694,0.336305588,0.285303324
0,0,0,0,0,1,0.820813596,0.812563598,0.946572661,0.116253167
0,0,0,0,0,1,0.336305588,0.808291912,1,0.145584852
0,0,0,0,0,1,0.946572661,0.285303324,1,0.820813596
0,0,0,0,0,1,1,0.116253167,1,0.336305588
0,0,0,0,0,0.966160536,1,0.145584852,1,0.946572661
0,0,0,0,0,0.997799277,1,0.820813596,1,1
0,0,0,0,0,1,1,0.336305588,1,1
0,0,0,0,0,1,1,0.946572661,0.966160536,1
0.028168545,0.109948012,0.051050887,0.001096135,0.008493476,1,1,1,0.997799277,1
0.160302325,0.328276278,0.221020596,0.107148217,0.147571789,1,0.966160536,1,1,1
0.362082816,0.500389856,0.4235184,0.329040347,0.380535076,1,0.997799277,1,1,1
0.530113946,0.582692407,0.553563866,0.517244325,0.530433368,1,1,1,1,0.966160536
0.648287274,0.619939029,0.625051986,0.630445419,0.610164795,1,1,1,1,0.997799277
0.725233531,0.636590034,0.650565976,0.687481075,0.649094112,1,1,1,1,1
0.756899066,0.608664542,0.631141084,0.695377762,0.640143269,1,1,0.966160536,1,1
0.74096579,0.533595096,0.566111088,0.661083169,0.589878402,1,1,0.997799277,1,1
0.67887097,0.406246521,0.444986446,0.581190504,0.502673365,1,1,1,1,1
0.570235264,0.214778245,0.268523736,0.450220806,0.376077865,1,1,1,1,1
0.416920384,0.0507441,0.084389002,0.265459406,0.21685208,1,1,1,1,1
0.221637744,0,0.000352542,0.079720202,0.065806525,0.99214679,1,1,1,1
0.057293657,0,0,0.000288221,0,1,1,1,1,1
3.41114E-05,0,0,0,0,1,1,1,1,1
0,0,0,0,0,1,1,1,0.99214679,1
0,0,0,0,0,1,1,1,1,1
0,0,0,0,0,1,0.99214679,1,1,1
0,0,0,0,0,1,1,1,1,1
0,0,0,0,0,1,1,1,1,0.99214679
0,0,0,0,0,1,1,1,1,1
0,0,0,0,0,0.972866952,1,1,1,1
0,0,0,0,0,0.964349687,1,0.99214679,1,1
0,0,0,0,0,0.973228872,1,1,1,1
0,0,0,0,0,0.995753527,1,1,0.972866952,1
0.028168545,0.064766638,0.004242237,0,0.00006223,0.987786174,1,1,0.964349687,1
0.160302325,0.255268649,0.135981336,0.055830753,0.108882234,0.984608173,0.972866952,1,0.973228872,1
0.362082816,0.453660127,0.354738922,0.244582415,0.329000576,0.935171247,0.964349687,1,0.995753527,1
0.530113946,0.542779921,0.46872776,0.450991233,0.488560151,0.89667809,0.973228872,1,0.987786174,0.972866952
0.648287274,0.584379829,0.526999394,0.572971741,0.575258615,0.901057065,0.995753527,1,0.984608173,0.964349687
0.725233531,0.610835519,0.57363402,0.641610296,0.625140117,0.73041904,0.987786174,1,0.935171247,0.973228872
0.756899066,0.591498424,0.575769929,0.660908146,0.627792799,0.452417284,0.984608173,0.972866952,0.89667809,0.995753527
0.74096579,0.522767137,0.528135535,0.637427114,0.588121505,0.283451051,0.935171247,0.964349687,0.901057065,0.987786174
0.67887097,0.398029936,0.418195272,0.566945239,0.507992297,0.298005283,0.89667809,0.973228872,0.73041904,0.984608173
0.570235264,0.214457839,0.262842486,0.445826035,0.38945216,0.049644988,0.901057065,0.995753527,0.452417284,0.935171247
0.416920384,0.053774111,0.090474622,0.27544807,0.242685424,0.064902797,0.73041904,0.987786174,0.283451051,0.89667809
0.221637744,0,0.001099239,0.091087146,0.082892423,0.078512669,0.452417284,0.984608173,0.298005283,0.901057065
0.057293657,0,0,0.001916967,0.000256649,0.006128413,0.283451051,0.935171247,0.049644988,0.73041904
3.41114E-05,0,0,0,0,0.002485613,0.298005283,0.89667809,0.064902797,0.452417284
0,0,0,0,0,0.002318246,0.049644988,0.901057065,0.078512669,0.283451051
0,0,0,0,0,0.15582937,0.064902797,0.73041904,0.006128413,0.298005283
0,0,0,0,0,0.360618025,0.078512669,0.452417284,0.002485613,0.049644988
0,0,0,0,0,0.548540831,0.006128413,0.283451051,0.002318246,0.064902797
0,0,0,0,0,0.639928401,0.002485613,0.298005283,0.15582937,0.078512669
0,0,0,0,0,0.702118993,0.002318246,0.049644988,0.360618025,0.006128413
0,0,0,0,0,0.724307418,0.15582937,0.064902797,0.548540831,0.002485613
0,0,0,0,0,0.736622632,0.360618025,0.078512669,0.639928401,0.002318246
0,0,0,0,0,0.526900232,0.548540831,0.006128413,0.702118993,0.15582937
0,0,0,0,0,0.514265895,0.639928401,0.002485613,0.724307418,0.360618025
0.028168545,0.0412833,3.87821E-07,0,0,0.513283968,0.702118993,0.002318246,0.736622632,0.548540831
0.160302325,0.21719522,0.123562505,0.036124838,0.099302754,0.747780859,0.724307418,0.15582937,0.526900232,0.639928401
0.362082816,0.437239152,0.350346208,0.227561325,0.322716078,0.676492333,0.736622632,0.360618025,0.514265895,0.702118993
0.530113946,0.555174385,0.470659642,0.474633847,0.515044317,0.896474242,0.526900232,0.548540831,0.513283968,0.724307418
0.648287274,0.618641955,0.530772992,0.621990347,0.630605142,0.928610981,0.514265895,0.639928401,0.747780859,0.736622632
0.725233531,0.654165025,0.593863891,0.703798963,0.697638048,0.880331218,0.513283968,0.702118993,0.676492333,0.526900232
0.756899066,0.644009549,0.61795828,0.73605817,0.716580655,0.94671309,0.747780859,0.724307418,0.896474242,0.514265895
0.74096579,0.584443909,0.591373309,0.727632665,0.694481821,0.937519848,0.676492333,0.736622632,0.928610981,0.513283968
0.67887097,0.461943299,0.497196321,0.67469884,0.629024793,0.382482052,0.896474242,0.526900232,0.880331218,0.747780859
0.570235264,0.279176191,0.34426557,0.57147126,0.517746087,0.699295282,0.928610981,0.514265895,0.94671309,0.676492333
0.416920384,0.087129579,0.143554844,0.40257636,0.350324394,0.76383698,0.880331218,0.513283968,0.937519848,0.896474242
0.221637744,9.21049E-05,0.016104115,0.167484634,0.13445333,0.865716755,0.94671309,0.747780859,0.382482052,0.928610981
0.057293657,0,0,0.018261165,0.009415295,0.34875837,0.937519848,0.676492333,0.699295282,0.880331218
3.41114E-05,0,0,0,0,0.804848194,0.382482052,0.896474242,0.76383698,0.94671309
0,0,0,0,0,1,0.699295282,0.928610981,0.865716755,0.937519848
0,0,0,0,0,1,0.76383698,0.880331218,0.34875837,0.382482052
0,0,0,0,0,0.998508632,0.865716755,0.94671309,0.804848194,0.699295282
0,0,0,0,0,1,0.34875837,0.937519848,1,0.76383698
0,0,0,0,0,0.99006182,0.804848194,0.382482052,1,0.865716755
0,0,0,0,0,1,1,0.699295282,0.998508632,0.34875837
0,0,0,0,0,1,1,0.76383698,1,0.804848194
0,0,0,0,0,1,0.998508632,0.865716755,0.99006182,1
0,0,0,0,0,1,1,0.34875837,1,1
0,0,0,0,0,1,0.99006182,0.804848194,1,0.998508632
0.028168545,0.06350896,0.008823963,0,8.97956E-06,0.994760275,1,1,1,1
0.160302325,0.226344513,0.148806513,0.059198695,0.107371269,0.991822004,1,1,1,0.99006182
0.362082816,0.399621076,0.382050465,0.260889475,0.345519128,0.937924564,1,0.998508632,1,1
0.530113946,0.506024334,0.537776593,0.494000346,0.549781914,0.904741526,1,1,0.994760275,1
0.648287274,0.564421175,0.630873886,0.640014732,0.672936237,0.952487588,1,0.99006182,0.991822004,1
0.725233531,0.593604255,0.68064409,0.724162328,0.747078476,0.892036319,0.994760275,1,0.937924564,1
0.756899066,0.587792531,0.687478942,0.760361472,0.773695645,0.83043468,0.991822004,1,0.904741526,1
0.74096579,0.535570515,0.650252901,0.753486574,0.755049595,0.622014642,0.937924564,1,0.952487588,0.994760275
0.67887097,0.420190117,0.557936247,0.702994787,0.691801778,0.581726551,0.904741526,1,0.892036319,0.991822004
0.570235264,0.261012072,0.410027556,0.607318086,0.585818496,0.341076285,0.952487588,1,0.83043468,0.937924564
0.416920384,0.091215323,0.208916103,0.450924309,0.423246743,0.253909081,0.892036319,0.994760275,0.622014642,0.904741526
0.221637744,0.004193493,0.048571953,0.221824347,0.193411402,0.295761555,0.83043468,0.991822004,0.581726551,0.952487588
0.057293657,0,0,0.044805602,0.03130264,0.109307475,0.622014642,0.937924564,0.341076285,0.892036319
3.41114E-05,0,0,0,0,0.81438911,0.581726551,0.904741526,0.253909081,0.83043468
0,0,0,0,0,0.827389061,0.341076285,0.952487588,0.295761555,0.622014642
0,0,0,0,0,0.926149487,0.253909081,0.892036319,0.109307475,0.581726551
0,0,0,0,0,0.987983286,0.295761555,0.83043468,0.81438911,0.341076285
0,0,0,0,0,0.98637259,0.109307475,0.622014642,0.827389061,0.253909081
0,0,0,0,0,0.982536197,0.81438911,0.581726551,0.926149487,0.295761555
0,0,0,0,0,0.932469368,0.827389061,0.341076285,0.987983286,0.109307475
0,0,0,0,0,0.576757193,0.926149487,0.253909081,0.98637259,0.81438911
0,0,0,0,0,0.865976453,0.987983286,0.295761555,0.982536197,0.827389061
0,0,0,0,0,0.776111782,0.98637259,0.109307475,0.932469368,0.926149487
0,0.002818922,0,0,0,0.809721887,0.982536197,0.81438911,0.576757193,0.987983286
0.028168545,0.097517573,0.064778894,0.003188397,0.006130837,0.80941397,0.932469368,0.827389061,0.865976453,0.98637259
0.160302325,0.274908586,0.24802122,0.109267752,0.140814396,0.632093787,0.576757193,0.926149487,0.776111782,0.982536197
0.362082816,0.421797906,0.453188661,0.338044572,0.385471322,0.668990374,0.865976453,0.987983286,0.809721887,0.932469368
0.530113946,0.509333356,0.591517346,0.544852225,0.569509923,0.281285882,0.776111782,0.98637259,0.80941397,0.576757193
0.648287274,0.559454539,0.678417539,0.678220947,0.684429851,0.454621136,0.809721887,0.982536197,0.632093787,0.865976453
0.725233531,0.584622242,0.722725413,0.757915152,0.751421627,0.46106261,0.80941397,0.932469368,0.668990374,0.776111782
0.756899066,0.574000643,0.726041432,0.791492929,0.768361416,0.480428874,0.632093787,0.576757193,0.281285882,0.809721887
0.74096579,0.51615533,0.68809343,0.782322524,0.738304208,0.552209675,0.668990374,0.865976453,0.454621136,0.80941397
0.67887097,0.407322889,0.597813196,0.728302747,0.665766586,0.341354579,0.281285882,0.776111782,0.46106261,0.632093787
0.570235264,0.260508761,0.456730347,0.62888002,0.553962919,0.545784891,0.454621136,0.809721887,0.480428874,0.668990374
0.416920384,0.102553694,0.26401039,0.473381589,0.390631997,0.652311504,0.46106261,0.80941397,0.552209675,0.281285882
0.221637744,0.014300045,0.077175757,0.250336495,0.177615609,0.609164894,0.480428874,0.632093787,0.341354579,0.454621136
0.057293657,0,1.34011E-05,0.060944371,0.030836673,0.345404208,0.552209675,0.668990374,0.545784891,0.46106261
3.41114E-05,0,0,1.38311E-06,0,0.457824945,0.341354579,0.281285882,0.652311504,0.480428874
0,0,0,0,0,0.367155015,0.545784891,0.454621136,0.609164894,0.552209675
0,0,0,0,0,0.161563665,0.652311504,0.46106261,0.345404208,0.341354579
0,0,0,0,0,0.150665909,0.609164894,0.480428874,0.457824945,0.545784891
0,0,0,0,0,0.264425218,0.345404208,0.552209675,0.367155015,0.652311504
0,0,0,0,0,0.129615113,0.457824945,0.341354579,0.161563665,0.609164894
0,0,0,0,0,0.029863004,0.367155015,0.545784891,0.150665909,0.345404208
0,0,0,0,0,0.00658526,0.161563665,0.652311504,0.264425218,0.457824945
0,0,0,0,0,0.00687803,0.150665909,0.609164894,0.129615113,0.367155015
0,0,0,0,0,0.005438733,0.264425218,0.345404208,0.029863004,0.161563665
0,0.037532443,0.003868023,0,0,0.033466406,0.129615113,0.457824945,0.00658526,0.150665909
0.028168545,0.140088176,0.101290592,0.025073524,0.041892604,0.00429932,0.029863004,0.367155015,0.00687803,0.264425218
0.160302325,0.26583767,0.294546236,0.167213774,0.197856604,0.147191316,0.00658526,0.161563665,0.005438733,0.129615113
0.362082816,0.377160786,0.469067997,0.390428629,0.408958317,0.030113652,0.00687803,0.150665909,0.033466406,0.029863004
0.530113946,0.447654768,0.578649811,0.568145263,0.567525801,0.061553847,0.005438733,0.264425218,0.00429932,0.00658526
0.648287274,0.48532939,0.644331343,0.68711925,0.67165112,0.177863508,0.033466406,0.129615113,0.147191316,0.00687803
0.725233531,0.506184212,0.685036796,0.758916818,0.73352516,0.183567837,0.00429932,0.029863004,0.030113652,0.005438733
0.756899066,0.498039613,0.683616935,0.783747726,0.745181335,0.265659302,0.147191316,0.00658526,0.061553847,0.033466406
0.74096579,0.446905322,0.634604094,0.762441927,0.702036772,0.155004427,0.030113652,0.00687803,0.177863508,0.00429932
0.67887097,0.35310421,0.539979251,0.596198017,0.612361932,0.384079665,0.061553847,0.005438733,0.183567837,0.147191316
0.570235264,0.230271213,0.40483065,0.450350691,0.487108263,0.469117731,0.177863508,0.033466406,0.265659302,0.030113652
0.416920384,0.103127727,0.236368341,0.250833166,0.326528888,0.664744377,0.183567837,0.00429932,0.155004427,0.061553847
0.221637744,0.022464273,0.074067777,0.068891904,0.143563538,0.558818758,0.265659302,0.147191316,0.384079665,0.177863508
0.057293657,0,0.000948928,0.000116228,0.025041943,0.835617542,0.155004427,0.030113652,0.469117731,0.183567837
3.41114E-05,0,0,0,0,0.865393519,0.384079665,0.061553847,0.664744377,0.265659302
0,0,0,0,0,0.950954318,0.469117731,0.177863508,0.558818758,0.155004427
0,0,0,0,0,0.925213218,0.664744377,0.183567837,0.835617542,0.384079665
0,0,0,0,0,0.81533438,0.558818758,0.265659302,0.865393519,0.469117731
0,0,0,0,0,0.859203637,0.835617542,0.155004427,0.950954318,0.664744377
0,0,0,0,0,0.867676258,0.865393519,0.384079665,0.925213218,0.558818758
0,0,0,0,0,0.858670592,0.950954318,0.469117731,0.81533438,0.835617542
0,0,0,0,0,0.679808259,0.925213218,0.664744377,0.859203637,0.865393519
0,0,0,0,0,0.543438733,0.81533438,0.558818758,0.867676258,0.950954318
0,1.48304E-05,0,4.61733E-05,0,0.418302715,0.859203637,0.835617542,0.858670592,0.925213218
0,0.041901765,0.031332117,0.051132897,0,0.078746669,0.867676258,0.865393519,0.679808259,0.81533438
0.028168545,0.137421175,0.139127236,0.201223075,0.047171215,0.027465049,0.858670592,0.950954318,0.543438733,0.859203637
0.160302325,0.242002969,0.297028066,0.390759057,0.187775675,0.090784781,0.679808259,0.925213218,0.418302715,0.867676258
0.362082816,0.338567293,0.445079902,0.542294478,0.367188644,0.076191485,0.543438733,0.81533438,0.078746669,0.858670592
0.530113946,0.401563541,0.543373462,0.648332113,0.510468614,0.21799998,0.418302715,0.859203637,0.027465049,0.679808259
0.648287274,0.436941314,0.603885151,0.716780582,0.608344035,0.782010734,0.078746669,0.867676258,0.090784781,0.543438733
0.725233531,0.462796942,0.640312384,0.738765045,0.666862404,0.908992529,0.027465049,0.858670592,0.076191485,0.418302715
0.756899066,0.459183438,0.637826805,0.712781336,0.676640003,0.963667631,0.090784781,0.679808259,0.21799998,0.078746669
0.74096579,0.413408086,0.591346389,0.645864238,0.63468312,0.999288499,0.076191485,0.543438733,0.782010734,0.027465049
0.67887097,0.329442766,0.502125418,0.546613672,0.547155048,0.953513026,0.21799998,0.418302715,0.908992529,0.090784781
0.570235264,0.222679736,0.380468501,0.412264722,0.426888148,0.999135196,0.782010734,0.078746669,0.963667631,0.076191485
0.416920384,0.114757868,0.228503579,0.237827855,0.281131836,0.978678584,0.908992529,0.027465049,0.999288499,0.21799998
0.221637744,0.032010288,0.078080236,0.072066607,0.125623376,0.963452458,0.963667631,0.090784781,0.953513026,0.782010734
0.057293657,0.000034643,0.005393065,0.001617507,0.024670557,0.993729234,0.999288499,0.076191485,0.999135196,0.908992529
3.41114E-05,0,0,0,0,0.987741649,0.953513026,0.21799998,0.978678584,0.963667631
0,0,0,0,0,0.994949877,0.999135196,0.782010734,0.963452458,0.999288499
0,0,0,0,0,0.945753336,0.978678584,0.908992529,0.993729234,0.953513026
0,0,0,0,0,0.813226223,0.963452458,0.963667631,0.987741649,0.999135196
0,0,0,0,0,0.696058989,0.993729234,0.999288499,0.994949877,0.978678584
0,0,0,0,0,0.447439015,0.987741649,0.953513026,0.945753336,0.963452458
0,0,0,0,0,0.170525938,0.994949877,0.999135196,0.813226223,0.993729234
0,0,0,0,0,0.03587734,0.945753336,0.978678584,0.696058989,0.987741649
0,0,0,0,0,0.023638343,0.813226223,0.963452458,0.447439015,0.994949877
0,7.14015E-05,0,9.70967E-05,0,0.036352143,0.696058989,0.993729234,0.170525938,0.945753336
0,0.031869727,0.025743095,0.036548051,0,0.035278946,0.447439015,0.987741649,0.03587734,0.813226223
0.028168545,0.10870986,0.110508646,0.143809314,0.02963198,0.04269572,0.170525938,0.994949877,0.023638343,0.696058989
0.160302325,0.206185735,0.245873715,0.289325059,0.135438419,0.026052253,0.03587734,0.945753336,0.036352143,0.447439015
0.362082816,0.305360592,0.384765591,0.404995217,0.287872523,0.013021708,0.023638343,0.813226223,0.035278946,0.170525938
0.530113946,0.37405333,0.478454849,0.485059818,0.413572375,0.052853443,0.036352143,0.696058989,0.04269572,0.03587734
0.648287274,0.412433023,0.533131936,0.540685957,0.496553231,0.195887476,0.035278946,0.447439015,0.026052253,0.023638343
0.725233531,0.434805188,0.560503147,0.551912019,0.54165551,0.356059998,0.04269572,0.170525938,0.013021708,0.036352143
0.756899066,0.429373165,0.550105804,0.52513961,0.541526563,0.302219987,0.026052253,0.03587734,0.052853443,0.035278946
0.74096579,0.392086579,0.504116346,0.46760344,0.503830855,0.260365129,0.013021708,0.023638343,0.195887476,0.04269572
0.67887097,0.319812186,0.424875087,0.384929871,0.432579925,0.146099806,0.052853443,0.036352143,0.356059998,0.026052253
0.570235264,0.221984813,0.322115372,0.28015749,0.332956098,0.357002735,0.195887476,0.035278946,0.302219987,0.013021708
0.416920384,0.12148518,0.198185993,0.154844094,0.21481898,0.53012234,0.356059998,0.04269572,0.260365129,0.052853443
0.221637744,0.037536667,0.076320581,0.046888747,0.099509431,0.530827165,0.302219987,0.026052253,0.146099806,0.195887476
0.057293657,0.001276633,0.011554049,0.002993463,0.023984818,0.697130024,0.260365129,0.013021708,0.357002735,0.356059998
3.41114E-05,0,0,0,5.33106E-06,0.651539266,0.146099806,0.052853443,0.53012234,0.302219987
0,0,0,0,0,0.795783222,0.357002735,0.195887476,0.530827165,0.260365129
0,0,0,0,0,0.544809163,0.53012234,0.356059998,0.697130024,0.146099806
0,0,0,0,0,0.453593254,0.530827165,0.302219987,0.651539266,0.357002735
0,0,0,0,0,0.621475339,0.697130024,0.260365129,0.795783222,0.53012234
0,0,0,0,0,0.605395913,0.651539266,0.146099806,0.544809163,0.530827165
0,0,0,0,0,0.514229238,0.795783222,0.357002735,0.453593254,0.697130024
0,0,0,0,0,0.218754798,0.544809163,0.53012234,0.621475339,0.651539266
0,0,0,0,0,0.536517859,0.453593254,0.530827165,0.605395913,0.795783222
0,0,0,6.97174E-07,0,0.646394074,0.621475339,0.697130024,0.514229238,0.544809163
0,0.018367976,0.008699189,0.013549298,0,0.936359346,0.605395913,0.651539266,0.218754798,0.453593254
0.028168545,0.073878282,0.057796778,0.070179459,0.019176917,0.899665475,0.514229238,0.795783222,0.536517859,0.621475339
0.160302325,0.162886631,0.158517318,0.1649287,0.097453136,0.594976008,0.218754798,0.544809163,0.646394074,0.605395913
0.362082816,0.264600588,0.276008548,0.24537725,0.226656626,0.746641576,0.536517859,0.453593254,0.936359346,0.514229238
0.530113946,0.345009389,0.359633278,0.303188768,0.344153534,0.827233315,0.646394074,0.621475339,0.899665475,0.218754798
0.648287274,0.395807962,0.406551005,0.349695235,0.423652467,0.813318789,0.936359346,0.605395913,0.594976008,0.536517859
0.725233531,0.421341656,0.431033394,0.369299561,0.467690279,0.930550635,0.899665475,0.514229238,0.746641576,0.646394074
0.756899066,0.413537762,0.426120426,0.356433124,0.470649699,0.87779361,0.594976008,0.218754798,0.827233315,0.936359346
0.74096579,0.372044019,0.392856392,0.315890947,0.436196213,0.995421588,0.746641576,0.536517859,0.813318789,0.899665475
0.67887097,0.301515608,0.327540149,0.25738533,0.37098972,0.997492433,0.827233315,0.646394074,0.930550635,0.594976008
0.570235264,0.211032957,0.243267778,0.181499574,0.283949661,0.404229462,0.813318789,0.936359346,0.87779361,0.746641576
0.416920384,0.114473305,0.149093864,0.094245247,0.181293397,0.855676293,0.930550635,0.899665475,0.995421588,0.827233315
0.221637744,0.03487298,0.060032846,0.026673526,0.082196902,0.951176286,0.87779361,0.594976008,0.997492433,0.813318789
0.057293657,0.001742103,0.010929424,0.001714032,0.019225853,0.578156769,0.995421588,0.746641576,0.404229462,0.930550635
3.41114E-05,0,0,0,4.95409E-06,0.766532242,0.997492433,0.827233315,0.855676293,0.87779361
0,0,0,0,0,0.755251288,0.404229462,0.813318789,0.951176286,0.995421588
0,0,0,0,0,0.814127564,0.855676293,0.930550635,0.578156769,0.997492433
0,0,0,0,0,0.635056913,0.951176286,0.87779361,0.766532242,0.404229462
0,0,0,0,0,0.438721806,0.578156769,0.995421588,0.755251288,0.855676293
0,0,0,0,0,0.431190372,0.766532242,0.997492433,0.814127564,0.951176286
0,0,0,0,0,0.903440833,0.755251288,0.404229462,0.635056913,0.578156769
0,0,0,0,0,0.570405245,0.814127564,0.855676293,0.438721806,0.766532242
0,0,0,0,0,0.424727678,0.635056913,0.951176286,0.431190372,0.755251288
0,0,0,0,0,0.04422532,0.438721806,0.578156769,0.903440833,0.814127564
0,0.021596612,0.001614276,0.009289247,0,0.379491419,0.431190372,0.766532242,0.570405245,0.635056913
0.028168545,0.096107401,0.054766203,0.072100959,0.0177531,0.290955782,0.903440833,0.755251288,0.424727678,0.438721806
0.160302325,0.208913968,0.182334557,0.190405276,0.099663088,0.228433117,0.570405245,0.814127564,0.04422532,0.431190372
0.362082816,0.322561179,0.32461304,0.277139654,0.239711236,0.049992941,0.424727678,0.635056913,0.379491419,0.903440833
0.530113946,0.412043789,0.422807408,0.331102721,0.360126451,0.046729136,0.04422532,0.438721806,0.290955782,0.570405245
0.648287274,0.468468826,0.475910669,0.378329198,0.435836919,0.032706205,0.379491419,0.431190372,0.228433117,0.424727678
0.725233531,0.49205162,0.504584821,0.400660292,0.478373291,0.08276625,0.290955782,0.903440833,0.049992941,0.04422532
0.756899066,0.484090573,0.497714406,0.392230459,0.484508526,0.073937908,0.228433117,0.570405245,0.046729136,0.379491419
0.74096579,0.436573502,0.453280358,0.350881023,0.449445168,0.32332474,0.049992941,0.424727678,0.032706205,0.290955782
0.67887097,0.351093142,0.376573745,0.284926348,0.378401934,0.214101404,0.046729136,0.04422532,0.08276625,0.228433117
0.570235264,0.241245504,0.274951864,0.199204372,0.285959871,0.590696812,0.032706205,0.379491419,0.073937908,0.049992941
0.416920384,0.123367517,0.158785041,0.107543947,0.176977658,0.940650821,0.08276625,0.290955782,0.32332474,0.046729136
0.221637744,0.033417793,0.053587996,0.031123546,0.074270379,0.986708522,0.073937908,0.228433117,0.214101404,0.032706205
0.057293657,0.000154151,0.004798177,0.000395911,0.014648873,0.992123067,0.32332474,0.049992941,0.590696812,0.08276625
3.41114E-05,0,0,0,0,0.991291761,0.214101404,0.046729136,0.940650821,0.073937908
0,0,0,0,0,0.996148407,0.590696812,0.032706205,0.986708522,0.32332474
0,0,0,0,0,0.995660305,0.940650821,0.08276625,0.992123067,0.214101404
0,0,0,0,0,0.998087764,0.986708522,0.073937908,0.991291761,0.590696812
0,0,0,0,0,0.999179244,0.992123067,0.32332474,0.996148407,0.940650821
0,0,0,0,0,0.978411674,0.991291761,0.214101404,0.995660305,0.986708522
0,0,0,0,0,0.988471746,0.996148407,0.590696812,0.998087764,0.992123067
0,0,0,0,0,0.972563863,0.995660305,0.940650821,0.999179244,0.991291761
0,0,0,0,0,0.860193193,0.998087764,0.986708522,0.978411674,0.996148407
0,0,0,0,0,0.977611303,0.999179244,0.992123067,0.988471746,0.995660305
0,0.018129165,9.97578E-06,0.010365576,0,0.924170613,0.978411674,0.991291761,0.972563863,0.998087764
0.028168545,0.098892003,0.065960248,0.10412263,0.024634202,0.92140317,0.988471746,0.996148407,0.860193193,0.999179244
0.160302325,0.224293789,0.221993233,0.278629414,0.1388315,0.678457201,0.972563863,0.995660305,0.977611303,0.978411674
0.362082816,0.335391152,0.379960332,0.407806705,0.316784795,0.530529737,0.860193193,0.998087764,0.924170613,0.988471746
0.530113946,0.404257016,0.473395401,0.480577685,0.455255007,0.552220583,0.977611303,0.999179244,0.92140317,0.972563863
0.648287274,0.44592744,0.519037537,0.525078266,0.539025892,0.54663986,0.924170613,0.978411674,0.678457201,0.860193193
0.725233531,0.46954489,0.53764809,0.530232129,0.580651139,0.885551214,0.92140317,0.988471746,0.530529737,0.977611303
0.756899066,0.458529972,0.520718864,0.502002626,0.575155643,0.809209287,0.678457201,0.972563863,0.552220583,0.924170613
0.74096579,0.405668318,0.467542763,0.437831578,0.526155639,0.947045088,0.530529737,0.860193193,0.54663986,0.92140317
0.67887097,0.308281378,0.379580114,0.351699874,0.438464912,0.941084564,0.552220583,0.977611303,0.885551214,0.678457201
0.570235264,0.191771429,0.266716478,0.239025677,0.328380989,0.979761243,0.54663986,0.924170613,0.809209287,0.530529737
0.416920384,0.078755196,0.138112833,0.10842361,0.197238204,0.966300726,0.885551214,0.92140317,0.947045088,0.552220583
0.221637744,0.012112534,0.036178216,0.022472359,0.070617725,0.985768616,0.809209287,0.678457201,0.941084564,0.54663986
0.057293657,0,0.000114229,7.08008E-07,0.00858835,0.991025448,0.947045088,0.530529737,0.979761243,0.885551214
3.41114E-05,0,0,0,0,1,0.941084564,0.552220583,0.966300726,0.809209287
0,0,0,0,0,1,0.979761243,0.54663986,0.985768616,0.947045088
0,0,0,0,0,1,0.966300726,0.885551214,0.991025448,0.941084564
0,0,0,0,0,1,0.985768616,0.809209287,1,0.979761243
0,0,0,0,0,0.99726069,0.991025448,0.947045088,1,0.966300726
0,0,0,0,0,0.997997463,1,0.941084564,1,0.985768616
0,0,0,0,0,0.985526741,1,0.979761243,1,0.991025448
0,0,0,0,0,0.964686632,1,0.966300726,0.99726069,1
0,0,0,0,0,0.944541097,1,0.985768616,0.997997463,1
0,0,0,0,0,0.536328077,0.99726069,0.991025448,0.985526741,1
0,0.005753611,0,0.008339044,0,0.606397033,0.997997463,1,0.964686632,1
0.028168545,0.112826529,0.077506826,0.125738749,0.02556177,0.782111943,0.985526741,1,0.944541097,0.99726069
0.160302325,0.29605062,0.25839701,0.342778783,0.156097684,0.925477564,0.964686632,1,0.536328077,0.997997463
0.362082816,0.43061533,0.432675956,0.516879638,0.353591363,0.986507833,0.944541097,1,0.606397033,0.985526741
0.530113946,0.499194474,0.533182454,0.62658799,0.499175391,0.98940593,0.536328077,0.99726069,0.782111943,0.964686632
0.648287274,0.533077332,0.582899802,0.682536924,0.586025609,0.997570157,0.606397033,0.997997463,0.925477564,0.944541097
0.725233531,0.549128151,0.605466964,0.686536735,0.629005684,0.928186834,0.782111943,0.985526741,0.986507833,0.536328077
0.756899066,0.52604716,0.588487885,0.647163858,0.620883644,0.944288969,0.925477564,0.964686632,0.98940593,0.606397033
0.74096579,0.463501501,0.526844348,0.565915282,0.566066032,0.916924953,0.986507833,0.944541097,0.997570157,0.782111943
0.67887097,0.357537248,0.425540756,0.442333116,0.477118589,0.960978448,0.98940593,0.536328077,0.928186834,0.925477564
0.570235264,0.213653945,0.283684551,0.276098901,0.355129183,0.968092442,0.997570157,0.606397033,0.944288969,0.986507833
0.416920384,0.067541782,0.112683202,0.097498627,0.203556536,1,0.928186834,0.782111943,0.916924953,0.98940593
0.221637744,0.000363079,0.012219102,0.005894177,0.062029891,1,0.944288969,0.925477564,0.960978448,0.997570157
0.057293657,0,0,0,0.000766355,1,0.916924953,0.986507833,0.968092442,0.928186834
3.41114E-05,0,0,0,0,1,0.960978448,0.98940593,1,0.944288969
0,0,0,0,0,0.985175908,0.968092442,0.997570157,1,0.916924953
0,0,0,0,0,0.998105943,1,0.928186834,1,0.960978448
0,0,0,0,0,0.994651496,1,0.944288969,1,0.968092442
0,0,0,0,0,0.976489484,1,0.916924953,0.985175908,1
0,0,0,0,0,0.908833861,1,0.960978448,0.998105943,1
0,0,0,0,0,1,0.985175908,0.968092442,0.994651496,1
0,0,0,0,0,0.993948758,0.998105943,1,0.976489484,1
0,0,0,0,0,0.997729301,0.994651496,1,0.908833861,0.985175908
0,0,0,0,0,0.973282814,0.976489484,1,1,0.998105943
0,0,0,0.001096135,0,0.956020236,0.908833861,1,0.993948758,0.994651496
0.028168545,0.109948012,0.051050887,0.107148217,0.008493476,0.789242506,1,0.985175908,0.997729301,0.976489484
0.160302325,0.328276278,0.221020596,0.329040347,0.147571789,0.409362584,0.993948758,0.998105943,0.973282814,0.908833861
0.362082816,0.500389856,0.4235184,0.517244325,0.380535076,0.408174843,0.997729301,0.994651496,0.956020236,1
0.530113946,0.582692407,0.553563866,0.630445419,0.530433368,0.548042238,0.973282814,0.976489484,0.789242506,0.993948758
0.648287274,0.619939029,0.625051986,0.687481075,0.610164795,0.43639192,0.956020236,0.908833861,0.409362584,0.997729301
0.725233531,0.636590034,0.650565976,0.695377762,0.649094112,0.231994212,0.789242506,1,0.408174843,0.973282814
0.756899066,0.608664542,0.631141084,0.661083169,0.640143269,0.052285172,0.409362584,0.993948758,0.548042238,0.956020236
0.74096579,0.533595096,0.566111088,0.581190504,0.589878402,0.357025117,0.408174843,0.997729301,0.43639192,0.789242506
0.67887097,0.406246521,0.444986446,0.450220806,0.502673365,0.732949853,0.548042238,0.973282814,0.231994212,0.409362584
0.570235264,0.214778245,0.268523736,0.265459406,0.376077865,0.835896611,0.43639192,0.956020236,0.052285172,0.408174843
0.416920384,0.0507441,0.084389002,0.079720202,0.21685208,0.916667819,0.231994212,0.789242506,0.357025117,0.548042238
0.221637744,0,0.000352542,0.000288221,0.065806525,0.927704155,0.052285172,0.409362584,0.732949853,0.43639192
0.057293657,0,0,0,0,0.838136792,0.357025117,0.408174843,0.835896611,0.231994212
3.41114E-05,0,0,0,0,0.863216162,0.732949853,0.548042238,0.916667819,0.052285172
0,0,0,0,0,0.949430048,0.835896611,0.43639192,0.927704155,0.357025117
0,0,0,0,0,0.941060185,0.916667819,0.231994212,0.838136792,0.732949853
0,0,0,0,0,0.936242521,0.927704155,0.052285172,0.863216162,0.835896611
0,0,0,0,0,0.781499147,0.838136792,0.357025117,0.949430048,0.916667819
0,0,0,0,0,0.878833294,0.863216162,0.732949853,0.941060185,0.927704155
0,0,0,0,0,0.840539217,0.949430048,0.835896611,0.936242521,0.838136792
0,0,0,0,0,0.938784659,0.941060185,0.916667819,0.781499147,0.863216162
0,0,0,0,0,1,0.936242521,0.927704155,0.878833294,0.949430048
0,0,0,0,0,1,0.781499147,0.838136792,0.840539217,0.941060185
0,0,0,0,0,0.512392402,0.878833294,0.863216162,0.938784659,0.936242521
0.028168545,0.064766638,0.004242237,0.055830753,0.00006223,0.880256116,0.840539217,0.949430048,1,0.781499147
0.160302325,0.255268649,0.135981336,0.244582415,0.108882234,0.636457384,0.938784659,0.941060185,1,0.878833294
0.362082816,0.453660127,0.354738922,0.450991233,0.329000576,0.331572115,1,0.936242521,0.512392402,0.840539217
0.530113946,0.542779921,0.46872776,0.572971741,0.488560151,0.265138149,1,0.781499147,0.880256116,0.938784659
0.648287274,0.584379829,0.526999394,0.641610296,0.575258615,0.259726405,0.512392402,0.878833294,0.636457384,1
0.725233531,0.610835519,0.57363402,0.660908146,0.625140117,0.042333797,0.880256116,0.840539217,0.331572115,1
0.756899066,0.591498424,0.575769929,0.637427114,0.627792799,0.009434449,0.636457384,0.938784659,0.265138149,0.512392402
0.74096579,0.522767137,0.528135535,0.566945239,0.588121505,0.004450519,0.331572115,1,0.259726405,0.880256116
0.67887097,0.398029936,0.418195272,0.445826035,0.507992297,0.00112308,0.265138149,1,0.042333797,0.636457384
0.570235264,0.214457839,0.262842486,0.27544807,0.38945216,0.003747087,0.259726405,0.512392402,0.009434449,0.331572115
0.416920384,0.053774111,0.090474622,0.091087146,0.242685424,0.024076033,0.042333797,0.880256116,0.004450519,0.265138149
0.221637744,0,0.001099239,0.001916967,0.082892423,0.021759,0.009434449,0.636457384,0.00112308,0.259726405
0.057293657,0,0,0,0.000256649,0.034114461,0.004450519,0.331572115,0.003747087,0.042333797
3.41114E-05,0,0,0,0,0.023891719,0.00112308,0.265138149,0.024076033,0.009434449
0,0,0,0,0,0.186179474,0.003747087,0.259726405,0.021759,0.004450519
0,0,0,0,0,0.38104105,0.024076033,0.042333797,0.034114461,0.00112308
0,0,0,0,0,0.649934053,0.021759,0.009434449,0.023891719,0.003747087
0,0,0,0,0,0.954516172,0.034114461,0.004450519,0.186179474,0.024076033
0,0,0,0,0,0.992620289,0.023891719,0.00112308,0.38104105,0.021759
0,0,0,0,0,0.936520875,0.186179474,0.003747087,0.649934053,0.034114461
0,0,0,0,0,0.904002309,0.38104105,0.024076033,0.954516172,0.023891719
0,0,0,0,0,0.959290564,0.649934053,0.021759,0.992620289,0.186179474
0,0,0,0,0,0.997889757,0.954516172,0.034114461,0.936520875,0.38104105
0,0,0,0,0,0.97593081,0.992620289,0.023891719,0.904002309,0.649934053
0.028168545,0.0412833,3.87821E-07,0.036124838,0,0.898932219,0.936520875,0.186179474,0.959290564,0.954516172
0.160302325,0.21719522,0.123562505,0.227561325,0.099302754,0.811445594,0.904002309,0.38104105,0.997889757,0.992620289
0.362082816,0.437239152,0.350346208,0.474633847,0.322716078,0.654419601,0.959290564,0.649934053,0.97593081,0.936520875
0.530113946,0.555174385,0.470659642,0.621990347,0.515044317,0.87814188,0.997889757,0.954516172,0.898932219,0.904002309
0.648287274,0.618641955,0.530772992,0.703798963,0.630605142,0.918886721,0.97593081,0.992620289,0.811445594,0.959290564
0.725233531,0.654165025,0.593863891,0.73605817,0.697638048,0.893582225,0.898932219,0.936520875,0.654419601,0.997889757
0.756899066,0.644009549,0.61795828,0.727632665,0.716580655,0.785220444,0.811445594,0.904002309,0.87814188,0.97593081
0.74096579,0.584443909,0.591373309,0.67469884,0.694481821,0.402687788,0.654419601,0.959290564,0.918886721,0.898932219
0.67887097,0.461943299,0.497196321,0.57147126,0.629024793,0.617656231,0.87814188,0.997889757,0.893582225,0.811445594
0.570235264,0.279176191,0.34426557,0.40257636,0.517746087,0.984407663,0.918886721,0.97593081,0.785220444,0.654419601
0.416920384,0.087129579,0.143554844,0.167484634,0.350324394,0.995673418,0.893582225,0.898932219,0.402687788,0.87814188
0.221637744,9.21049E-05,0.016104115,0.018261165,0.13445333,0.996125698,0.785220444,0.811445594,0.617656231,0.918886721
0.057293657,0,0,0,0.009415295,0.996468723,0.402687788,0.654419601,0.984407663,0.893582225
3.41114E-05,0,0,0,0,0.999576688,0.617656231,0.87814188,0.995673418,0.785220444
0,0,0,0,0,1,0.984407663,0.918886721,0.996125698,0.402687788
0,0,0,0,0,1,0.995673418,0.893582225,0.996468723,0.617656231
0,0,0,0,0,1,0.996125698,0.785220444,0.999576688,0.984407663
0,0,0,0,0,1,0.996468723,0.402687788,1,0.995673418
0,0,0,0,0,0.997932971,0.999576688,0.617656231,1,0.996125698
0,0,0,0,0,0.576825738,1,0.984407663,1,0.996468723
0,0,0,0,0,0.522010744,1,0.995673418,1,0.999576688
0,0,0,0,0,0.396924198,1,0.996125698,0.997932971,1
0,0,0,0,0,0.093860313,1,0.996468723,0.576825738,1
0,0,0,0,0,0.000968326,0.997932971,0.999576688,0.522010744,1
0.028168545,0.06350896,0.008823963,0.059198695,8.97956E-06,0.000559083,0.576825738,1,0.396924198,1
0.160302325,0.226344513,0.148806513,0.260889475,0.107371269,0.002839562,0.522010744,1,0.093860313,0.997932971
0.362082816,0.399621076,0.382050465,0.494000346,0.345519128,0.05369129,0.396924198,1,0.000968326,0.576825738
0.530113946,0.506024334,0.537776593,0.640014732,0.549781914,0.106160432,0.093860313,1,0.000559083,0.522010744
0.648287274,0.564421175,0.630873886,0.724162328,0.672936237,0.405335158,0.000968326,0.997932971,0.002839562,0.396924198
0.725233531,0.593604255,0.68064409,0.760361472,0.747078476,0.466974974,0.000559083,0.576825738,0.05369129,0.093860313
0.756899066,0.587792531,0.687478942,0.753486574,0.773695645,0.504664838,0.002839562,0.522010744,0.106160432,0.000968326
0.74096579,0.535570515,0.650252901,0.702994787,0.755049595,0.436319679,0.05369129,0.396924198,0.405335158,0.000559083
0.67887097,0.420190117,0.557936247,0.607318086,0.691801778,0.594810069,0.106160432,0.093860313,0.466974974,0.002839562
0.570235264,0.261012072,0.410027556,0.450924309,0.585818496,0.286904961,0.405335158,0.000968326,0.504664838,0.05369129
0.416920384,0.091215323,0.208916103,0.221824347,0.423246743,0.72546494,0.466974974,0.000559083,0.436319679,0.106160432
0.221637744,0.004193493,0.048571953,0.044805602,0.193411402,0.649517715,0.504664838,0.002839562,0.594810069,0.405335158
0.057293657,0,0,0,0.03130264,0.970897734,0.436319679,0.05369129,0.286904961,0.466974974
3.41114E-05,0,0,0,0,0.984175384,0.594810069,0.106160432,0.72546494,0.504664838
0,0,0,0,0,0.971434653,0.286904961,0.405335158,0.649517715,0.436319679
0,0,0,0,0,0.951295972,0.72546494,0.466974974,0.970897734,0.594810069
0,0,0,0,0,0.665538132,0.649517715,0.504664838,0.984175384,0.286904961
0,0,0,0,0,0.485775739,0.970897734,0.436319679,0.971434653,0.72546494
0,0,0,0,0,0.586572409,0.984175384,0.594810069,0.951295972,0.649517715
0,0,0,0,0,0.314877361,0.971434653,0.286904961,0.665538132,0.970897734
0,0,0,0,0,0.253938198,0.951295972,0.72546494,0.485775739,0.984175384
0,0,0,0,0,0.282200575,0.665538132,0.649517715,0.586572409,0.971434653
0,0,0,0,0,0.455013752,0.485775739,0.970897734,0.314877361,0.951295972
0,0.002818922,0,0.003188397,0,0.425737321,0.586572409,0.984175384,0.253938198,0.665538132
0.028168545,0.097517573,0.064778894,0.109267752,0.006130837,0.350205302,0.314877361,0.971434653,0.282200575,0.485775739
0.160302325,0.274908586,0.24802122,0.338044572,0.140814396,0.10915257,0.253938198,0.951295972,0.455013752,0.586572409
0.362082816,0.421797906,0.453188661,0.544852225,0.385471322,0.282129973,0.282200575,0.665538132,0.425737321,0.314877361
0.530113946,0.509333356,0.591517346,0.678220947,0.569509923,0.539324522,0.455013752,0.485775739,0.350205302,0.253938198
0.648287274,0.559454539,0.678417539,0.757915152,0.684429851,0.398482323,0.425737321,0.586572409,0.10915257,0.282200575
0.725233531,0.584622242,0.722725413,0.791492929,0.751421627,0.382317036,0.350205302,0.314877361,0.282129973,0.455013752
0.756899066,0.574000643,0.726041432,0.782322524,0.768361416,0.458801717,0.10915257,0.253938198,0.539324522,0.425737321
0.74096579,0.51615533,0.68809343,0.728302747,0.738304208,0.639211178,0.282129973,0.282200575,0.398482323,0.350205302
0.67887097,0.407322889,0.597813196,0.62888002,0.665766586,0.48445034,0.539324522,0.455013752,0.382317036,0.10915257
0.570235264,0.260508761,0.456730347,0.473381589,0.553962919,0.407714665,0.398482323,0.425737321,0.458801717,0.282129973
0.416920384,0.102553694,0.26401039,0.250336495,0.390631997,0.457243055,0.382317036,0.350205302,0.639211178,0.539324522
0.221637744,0.014300045,0.077175757,0.060944371,0.177615609,0.379113436,0.458801717,0.10915257,0.48445034,0.398482323
0.057293657,0,1.34011E-05,1.38311E-06,0.030836673,0.643149376,0.639211178,0.282129973,0.407714665,0.382317036
3.41114E-05,0,0,0,0,0.739843905,0.48445034,0.539324522,0.457243055,0.458801717
0,0,0,0,0,0.744242132,0.407714665,0.398482323,0.379113436,0.639211178
0,0,0,0,0,0.517800868,0.457243055,0.382317036,0.643149376,0.48445034
0,0,0,0,0,0.547553062,0.379113436,0.458801717,0.739843905,0.407714665
0,0,0,0,0,0.292001784,0.643149376,0.639211178,0.744242132,0.457243055
0,0,0,0,0,0.278448999,0.739843905,0.48445034,0.517800868,0.379113436
0,0,0,0,0,0.188094363,0.744242132,0.407714665,0.547553062,0.643149376
0,0,0,0,0,0.29546839,0.517800868,0.457243055,0.292001784,0.739843905
0,0,0,0,0,0.060368687,0.547553062,0.379113436,0.278448999,0.744242132
0,0,0,0,0,0.433770508,0.292001784,0.643149376,0.188094363,0.517800868
0,0.037532443,0.003868023,0.025073524,0,0.841369748,0.278448999,0.739843905,0.29546839,0.547553062
0.028168545,0.140088176,0.101290592,0.167213774,0.041892604,0.867883384,0.188094363,0.744242132,0.060368687,0.292001784
0.160302325,0.26583767,0.294546236,0.390428629,0.197856604,0.808689833,0.29546839,0.517800868,0.433770508,0.278448999
0.362082816,0.377160786,0.469067997,0.568145263,0.408958317,0.720603824,0.060368687,0.547553062,0.841369748,0.188094363
0.530113946,0.447654768,0.578649811,0.68711925,0.567525801,0.925463676,0.433770508,0.292001784,0.867883384,0.29546839
0.648287274,0.48532939,0.644331343,0.758916818,0.67165112,0.974222183,0.841369748,0.278448999,0.808689833,0.060368687
0.725233531,0.506184212,0.685036796,0.783747726,0.73352516,0.923883617,0.867883384,0.188094363,0.720603824,0.433770508
0.756899066,0.498039613,0.683616935,0.762441927,0.745181335,0.700876653,0.808689833,0.29546839,0.925463676,0.841369748
0.74096579,0.446905322,0.634604094,0.698253468,0.702036772,0.369099528,0.720603824,0.060368687,0.974222183,0.867883384
0.67887097,0.35310421,0.539979251,0.596198017,0.612361932,0.399094999,0.925463676,0.433770508,0.923883617,0.808689833
0.570235264,0.230271213,0.40483065,0.450350691,0.487108263,0.369828701,0.974222183,0.841369748,0.700876653,0.720603824
0.416920384,0.103127727,0.236368341,0.250833166,0.326528888,0.456635565,0.923883617,0.867883384,0.369099528,0.925463676
0.221637744,0.022464273,0.074067777,0.068891904,0.143563538,0.315475225,0.700876653,0.808689833,0.399094999,0.974222183
0.057293657,0,0.000948928,0.000116228,0.025041943,0.437790543,0.369099528,0.720603824,0.369828701,0.923883617
3.41114E-05,0,0,0,0,0.516684294,0.399094999,0.925463676,0.456635565,0.700876653
0,0,0,0,0,0.200676456,0.369828701,0.974222183,0.315475225,0.369099528
0,0,0,0,0,0.124332264,0.456635565,0.923883617,0.437790543,0.399094999
0,0,0,0,0,0.040397804,0.315475225,0.700876653,0.516684294,0.369828701
0,0,0,0,0,0.031570446,0.437790543,0.369099528,0.200676456,0.456635565
0,0,0,0,0,0.119748175,0.516684294,0.399094999,0.124332264,0.315475225
0,0,0,0,0,0.099887632,0.200676456,0.369828701,0.040397804,0.437790543
0,0,0,0,0,0.057780869,0.124332264,0.456635565,0.031570446,0.516684294
0,0,0,0,0,0.034937978,0.040397804,0.315475225,0.119748175,0.200676456
0,1.48304E-05,0,4.61733E-05,0,0.021822968,0.031570446,0.437790543,0.099887632,0.124332264
0,0.041901765,0.031332117,0.051132897,0,0.016833968,0.119748175,0.516684294,0.057780869,0.040397804
0.028168545,0.137421175,0.139127236,0.201223075,0.047171215,0.033941843,0.099887632,0.200676456,0.034937978,0.031570446
0.160302325,0.242002969,0.297028066,0.390759057,0.187775675,0.042937491,0.057780869,0.124332264,0.021822968,0.119748175
0.362082816,0.338567293,0.445079902,0.542294478,0.367188644,0.07188642,0.034937978,0.040397804,0.016833968,0.099887632
0.530113946,0.401563541,0.543373462,0.648332113,0.510468614,0.177145556,0.021822968,0.031570446,0.033941843,0.057780869
0.648287274,0.436941314,0.603885151,0.716780582,0.608344035,0.235143512,0.016833968,0.119748175,0.042937491,0.034937978
0.725233531,0.462796942,0.640312384,0.738765045,0.666862404,0.288483322,0.033941843,0.099887632,0.07188642,0.021822968
0.756899066,0.459183438,0.637826805,0.712781336,0.676640003,0.241350159,0.042937491,0.057780869,0.177145556,0.016833968
0.74096579,0.413408086,0.591346389,0.645864238,0.63468312,0.079196244,0.07188642,0.034937978,0.235143512,0.033941843
0.67887097,0.329442766,0.502125418,0.546613672,0.547155048,0.203926861,0.177145556,0.021822968,0.288483322,0.042937491
0.570235264,0.222679736,0.380468501,0.412264722,0.426888148,0.190272316,0.235143512,0.016833968,0.241350159,0.07188642
0.416920384,0.114757868,0.228503579,0.237827855,0.281131836,0.238685489,0.288483322,0.033941843,0.079196244,0.177145556
0.221637744,0.032010288,0.078080236,0.072066607,0.125623376,0.346415222,0.241350159,0.042937491,0.203926861,0.235143512
0.057293657,0.000034643,0.005393065,0.001617507,0.024670557,0.324332952,0.079196244,0.07188642,0.190272316,0.288483322
3.41114E-05,0,0,0,0,0.387494326,0.203926861,0.177145556,0.238685489,0.241350159
0,0,0,0,0,0.339396417,0.190272316,0.235143512,0.346415222,0.079196244
0,0,0,0,0,0.372096896,0.238685489,0.288483322,0.324332952,0.203926861
0,0,0,0,0,0.172742859,0.346415222,0.241350159,0.387494326,0.190272316
0,0,0,0,0,0.068465576,0.324332952,0.079196244,0.339396417,0.238685489
0,0,0,0,0,0.130037233,0.387494326,0.203926861,0.372096896,0.346415222
0,0,0,0,0,0.034687974,0.339396417,0.190272316,0.172742859,0.324332952
0,0,0,0,0,0.035063535,0.372096896,0.238685489,0.068465576,0.387494326
0,0,0,0,0,0.008289024,0.172742859,0.346415222,0.130037233,0.339396417
0,7.14015E-05,0,9.70967E-05,0,0.016100887,0.068465576,0.324332952,0.034687974,0.372096896
0,0.031869727,0.025743095,0.036548051,0,0.002511474,0.130037233,0.387494326,0.035063535,0.172742859
0.028168545,0.10870986,0.110508646,0.143809314,0.02963198,0.01721886,0.034687974,0.339396417,0.008289024,0.068465576
0.160302325,0.206185735,0.245873715,0.289325059,0.135438419,0.000412406,0.035063535,0.372096896,0.016100887,0.130037233
0.362082816,0.305360592,0.384765591,0.404995217,0.287872523,0.000147013,0.008289024,0.172742859,0.002511474,0.034687974
0.530113946,0.37405333,0.478454849,0.485059818,0.413572375,0.034329392,0.016100887,0.068465576,0.01721886,0.035063535
0.648287274,0.412433023,0.533131936,0.540685957,0.496553231,0.012976373,0.002511474,0.130037233,0.000412406,0.008289024
0.725233531,0.434805188,0.560503147,0.551912019,0.54165551,0.000344071,0.01721886,0.034687974,0.000147013,0.016100887
0.756899066,0.429373165,0.550105804,0.52513961,0.541526563,0.020783667,0.000412406,0.035063535,0.034329392,0.002511474
0.74096579,0.392086579,0.504116346,0.46760344,0.503830855,0.000900744,0.000147013,0.008289024,0.012976373,0.01721886
0.67887097,0.319812186,0.424875087,0.384929871,0.432579925,0.277779102,0.034329392,0.016100887,0.000344071,0.000412406
0.570235264,0.221984813,0.322115372,0.28015749,0.332956098,0.354036391,0.012976373,0.002511474,0.020783667,0.000147013
0.416920384,0.12148518,0.198185993,0.154844094,0.21481898,0.488304019,0.000344071,0.01721886,0.000900744,0.034329392
0.221637744,0.037536667,0.076320581,0.046888747,0.099509431,0.395584613,0.020783667,0.000412406,0.277779102,0.012976373
0.057293657,0.001276633,0.011554049,0.002993463,0.023984818,0.416628152,0.000900744,0.000147013,0.354036391,0.000344071
3.41114E-05,0,0,0,5.33106E-06,0.331118405,0.277779102,0.034329392,0.488304019,0.020783667
0,0,0,0,0,0.146899745,0.354036391,0.012976373,0.395584613,0.000900744
0,0,0,0,0,0.107765652,0.488304019,0.000344071,0.416628152,0.277779102
0,0,0,0,0,0.207946822,0.395584613,0.020783667,0.331118405,0.354036391
0,0,0,0,0,0.214592934,0.416628152,0.000900744,0.146899745,0.488304019
0,0,0,0,0,0.133343473,0.331118405,0.277779102,0.107765652,0.395584613
0,0,0,0,0,0.032412417,0.146899745,0.354036391,0.207946822,0.416628152
0,0,0,0,0,0.019317981,0.107765652,0.488304019,0.214592934,0.331118405
0,0,0,0,0,0.003874385,0.207946822,0.395584613,0.133343473,0.146899745
0,0,0,6.97174E-07,0,0.004827745,0.214592934,0.416628152,0.032412417,0.107765652
0,0.018367976,0.008699189,0.013549298,0,0.000367292,0.133343473,0.331118405,0.019317981,0.207946822
0.028168545,0.073878282,0.057796778,0.070179459,0.019176917,0,0.032412417,0.146899745,0.003874385,0.214592934
0.160302325,0.162886631,0.158517318,0.1649287,0.097453136,0.008319248,0.019317981,0.107765652,0.004827745,0.133343473
0.362082816,0.264600588,0.276008548,0.24537725,0.226656626,0.010602918,0.003874385,0.207946822,0.000367292,0.032412417
0.530113946,0.345009389,0.359633278,0.303188768,0.344153534,0.000510577,0.004827745,0.214592934,0,0.019317981
0.648287274,0.395807962,0.406551005,0.349695235,0.423652467,0.021330543,0.000367292,0.133343473,0.008319248,0.003874385
0.725233531,0.421341656,0.431033394,0.369299561,0.467690279,0.054256976,0,0.032412417,0.010602918,0.004827745
0.756899066,0.413537762,0.426120426,0.356433124,0.470649699,0.079658069,0.008319248,0.019317981,0.000510577,0.000367292
0.74096579,0.372044019,0.392856392,0.315890947,0.436196213,0.351788372,0.010602918,0.003874385,0.021330543,0
0.67887097,0.301515608,0.327540149,0.25738533,0.37098972,0.568106771,0.000510577,0.004827745,0.054256976,0.008319248
0.570235264,0.211032957,0.243267778,0.181499574,0.283949661,0.516105413,0.021330543,0.000367292,0.079658069,0.010602918
0.416920384,0.114473305,0.149093864,0.094245247,0.181293397,0.546635389,0.054256976,0,0.351788372,0.000510577
0.221637744,0.03487298,0.060032846,0.026673526,0.082196902,0.638684452,0.079658069,0.008319248,0.568106771,0.021330543
0.057293657,0.001742103,0.010929424,0.001714032,0.019225853,0.668598831,0.351788372,0.010602918,0.516105413,0.054256976
3.41114E-05,0,0,0,4.95409E-06,0.858485937,0.568106771,0.000510577,0.546635389,0.079658069
0,0,0,0,0,0.714756012,0.516105413,0.021330543,0.638684452,0.351788372
0,0,0,0,0,0.861982465,0.546635389,0.054256976,0.668598831,0.568106771
0,0,0,0,0,0.756157398,0.638684452,0.079658069,0.858485937,0.516105413
0,0,0,0,0,0.716245651,0.668598831,0.351788372,0.714756012,0.546635389
0,0,0,0,0,0.669366837,0.858485937,0.568106771,0.861982465,0.638684452
0,0,0,0,0,0.378620893,0.714756012,0.516105413,0.756157398,0.668598831
0,0,0,0,0,0.430206776,0.861982465,0.546635389,0.716245651,0.858485937
0,0,0,0,0,0.129357621,0.756157398,0.638684452,0.669366837,0.714756012
0,0,0,0,0,0.047776371,0.716245651,0.668598831,0.378620893,0.861982465
0,0.021596612,0.001614276,0.009289247,0,0.076518767,0.669366837,0.858485937,0.430206776,0.756157398
0.028168545,0.096107401,0.054766203,0.072100959,0.0177531,0.046268854,0.378620893,0.714756012,0.129357621,0.716245651
0.160302325,0.208913968,0.182334557,0.190405276,0.099663088,0.000436592,0.430206776,0.861982465,0.047776371,0.669366837
0.362082816,0.322561179,0.32461304,0.277139654,0.239711236,0.004686596,0.129357621,0.756157398,0.076518767,0.378620893
0.530113946,0.412043789,0.422807408,0.331102721,0.360126451,0.033089064,0.047776371,0.716245651,0.046268854,0.430206776
0.648287274,0.468468826,0.475910669,0.378329198,0.435836919,0.110267431,0.076518767,0.669366837,0.000436592,0.129357621
0.725233531,0.49205162,0.504584821,0.400660292,0.478373291,0.216820419,0.046268854,0.378620893,0.004686596,0.047776371
0.756899066,0.484090573,0.497714406,0.392230459,0.484508526,0.418335825,0.000436592,0.430206776,0.033089064,0.076518767
0.74096579,0.436573502,0.453280358,0.350881023,0.449445168,0.224600241,0.004686596,0.129357621,0.110267431,0.046268854
0.67887097,0.351093142,0.376573745,0.284926348,0.378401934,0.254885405,0.033089064,0.047776371,0.216820419,0.000436592
0.570235264,0.241245504,0.274951864,0.199204372,0.285959871,0.678562641,0.110267431,0.076518767,0.418335825,0.004686596
0.416920384,0.123367517,0.158785041,0.107543947,0.176977658,0.775005221,0.216820419,0.046268854,0.224600241,0.033089064
0.221637744,0.033417793,0.053587996,0.031123546,0.074270379,0.935262322,0.418335825,0.000436592,0.254885405,0.110267431
0.057293657,0.000154151,0.004798177,0.000395911,0.014648873,0.998415887,0.224600241,0.004686596,0.678562641,0.216820419
3.41114E-05,0,0,0,0,0.998503923,0.254885405,0.033089064,0.775005221,0.418335825
0,0,0,0,0,0.981334448,0.678562641,0.110267431,0.935262322,0.224600241
0,0,0,0,0,0.976984143,0.775005221,0.216820419,0.998415887,0.254885405
0,0,0,0,0,0.917273223,0.935262322,0.418335825,0.998503923,0.678562641
0,0,0,0,0,0.857299387,0.998415887,0.224600241,0.981334448,0.775005221
0,0,0,0,0,0.685744822,0.998503923,0.254885405,0.976984143,0.935262322
0,0,0,0,0,0.197402641,0.981334448,0.678562641,0.917273223,0.998415887
0,0,0,0,0,0.174021095,0.976984143,0.775005221,0.857299387,0.998503923
0,0,0,0,0,0.097864166,0.917273223,0.935262322,0.685744822,0.981334448
0,0,0,0,0,0.032948181,0.857299387,0.998415887,0.197402641,0.976984143
0,0.018129165,9.97578E-06,0.010365576,0,0.002176364,0.685744822,0.998503923,0.174021095,0.917273223
0.028168545,0.098892003,0.065960248,0.10412263,0.024634202,0.000552898,0.197402641,0.981334448,0.097864166,0.857299387
0.160302325,0.224293789,0.221993233,0.278629414,0.1388315,0.000874054,0.174021095,0.976984143,0.032948181,0.685744822
0.362082816,0.335391152,0.379960332,0.407806705,0.316784795,0.003476053,0.097864166,0.917273223,0.002176364,0.197402641
0.530113946,0.404257016,0.473395401,0.480577685,0.455255007,0.019248929,0.032948181,0.857299387,0.000552898,0.174021095
0.648287274,0.44592744,0.519037537,0.525078266,0.539025892,0.119166195,0.002176364,0.685744822,0.000874054,0.097864166
0.725233531,0.46954489,0.53764809,0.530232129,0.580651139,0.274659663,0.000552898,0.197402641,0.003476053,0.032948181
0.756899066,0.458529972,0.520718864,0.502002626,0.575155643,0.392801732,0.000874054,0.174021095,0.019248929,0.002176364
0.74096579,0.405668318,0.467542763,0.437831578,0.526155639,0.536450446,0.003476053,0.097864166,0.119166195,0.000552898
0.67887097,0.308281378,0.379580114,0.351699874,0.438464912,0.939421058,0.019248929,0.032948181,0.274659663,0.000874054
0.570235264,0.191771429,0.266716478,0.239025677,0.328380989,0.438982993,0.119166195,0.002176364,0.392801732,0.003476053
0.416920384,0.078755196,0.138112833,0.10842361,0.197238204,0.353878379,0.274659663,0.000552898,0.536450446,0.019248929
0.221637744,0.012112534,0.036178216,0.022472359,0.070617725,0.556829035,0.392801732,0.000874054,0.939421058,0.119166195
0.057293657,0,0.000114229,7.08008E-07,0.00858835,0.65021956,0.536450446,0.003476053,0.438982993,0.274659663
3.41114E-05,0,0,0,0,0.622024417,0.939421058,0.019248929,0.353878379,0.392801732
0,0,0,0,0,0.764623284,0.438982993,0.119166195,0.556829035,0.536450446
0,0,0,0,0,0.715029895,0.353878379,0.274659663,0.65021956,0.939421058
0,0,0,0,0,0.372809708,0.556829035,0.392801732,0.622024417,0.438982993
0,0,0,0,0,0.113940589,0.65021956,0.536450446,0.764623284,0.353878379
0,0,0,0,0,0.056374628,0.622024417,0.939421058,0.715029895,0.556829035
0,0,0,0,0,0.016238747,0.764623284,0.438982993,0.372809708,0.65021956
0,0,0,0,0,0.333949357,0.715029895,0.353878379,0.113940589,0.622024417
0,0,0,0,0,0.144480377,0.372809708,0.556829035,0.056374628,0.764623284
0,0,0,0,0,2.18E-05,0.113940589,0.65021956,0.016238747,0.715029895
0,0.005753611,0,0.008339044,0,0.000401923,0.056374628,0.622024417,0.333949357,0.372809708
0.028168545,0.112826529,0.077506826,0.125738749,0.02556177,0.009390152,0.016238747,0.764623284,0.144480377,0.113940589
0.160302325,0.29605062,0.25839701,0.342778783,0.156097684,0.15701367,0.333949357,0.715029895,2.18E-05,0.056374628
0.362082816,0.43061533,0.432675956,0.516879638,0.353591363,0.406255186,0.144480377,0.372809708,0.000401923,0.016238747
0.530113946,0.499194474,0.533182454,0.62658799,0.499175391,0.417066693,2.18E-05,0.113940589,0.009390152,0.333949357
0.648287274,0.533077332,0.582899802,0.682536924,0.586025609,0.336111903,0.000401923,0.056374628,0.15701367,0.144480377
0.725233531,0.549128151,0.605466964,0.686536735,0.629005684,0.290232033,0.009390152,0.016238747,0.406255186,2.18E-05
0.756899066,0.52604716,0.588487885,0.647163858,0.620883644,0.256617188,0.15701367,0.333949357,0.417066693,0.000401923
0.74096579,0.463501501,0.526844348,0.565915282,0.566066032,0.407308728,0.406255186,0.144480377,0.336111903,0.009390152
0.67887097,0.357537248,0.425540756,0.442333116,0.477118589,0.214790255,0.417066693,2.18E-05,0.290232033,0.15701367
0.570235264,0.213653945,0.283684551,0.276098901,0.355129183,0.390825689,0.336111903,0.000401923,0.256617188,0.406255186
0.416920384,0.067541782,0.112683202,0.097498627,0.203556536,0.471649319,0.290232033,0.009390152,0.407308728,0.417066693
0.221637744,0.000363079,0.012219102,0.005894177,0.062029891,0.307960331,0.256617188,0.15701367,0.214790255,0.336111903
0.057293657,0,0,0,0.000766355,0.340681136,0.407308728,0.406255186,0.390825689,0.290232033
3.41114E-05,0,0,0,0,0.290637463,0.214790255,0.417066693,0.471649319,0.256617188
0,0,0,0,0,0.219434485,0.390825689,0.336111903,0.307960331,0.407308728
0,0,0,0,0,0.292016774,0.471649319,0.290232033,0.340681136,0.214790255
0,0,0,0,0,0.488625586,0.307960331,0.256617188,0.290637463,0.390825689
0,0,0,0,0,0.340097755,0.340681136,0.407308728,0.219434485,0.471649319
0,0,0,0,0,0.235136852,0.290637463,0.214790255,0.292016774,0.307960331
0,0,0,0,0,0.588210523,0.219434485,0.390825689,0.488625586,0.340681136
0,0,0,0,0,0.332647651,0.292016774,0.471649319,0.340097755,0.290637463
0,0,0,0,0,0.093162946,0.488625586,0.307960331,0.235136852,0.219434485
0,0,0,0,0,0.001849365,0.340097755,0.340681136,0.588210523,0.292016774
0,0,0,0.001096135,0,0,0.235136852,0.290637463,0.332647651,0.488625586
0.028168545,0.109948012,0.051050887,0.107148217,0.008493476,0,0.588210523,0.219434485,0.093162946,0.340097755
0.160302325,0.328276278,0.221020596,0.329040347,0.147571789,0.000464521,0.332647651,0.292016774,0.001849365,0.235136852
0.362082816,0.500389856,0.4235184,0.517244325,0.380535076,0.103742942,0.093162946,0.488625586,0,0.588210523
0.530113946,0.582692407,0.553563866,0.630445419,0.530433368,0.370955497,0.001849365,0.340097755,0,0.332647651
0.648287274,0.619939029,0.625051986,0.687481075,0.610164795,0.341479361,0,0.235136852,0.000464521,0.093162946
0.725233531,0.636590034,0.650565976,0.695377762,0.649094112,0.444000244,0,0.588210523,0.103742942,0.001849365
0.756899066,0.608664542,0.631141084,0.661083169,0.640143269,0.292105019,0.000464521,0.332647651,0.370955497,0
0.74096579,0.533595096,0.566111088,0.581190504,0.589878402,0.224894032,0.103742942,0.093162946,0.341479361,0
0.67887097,0.406246521,0.444986446,0.450220806,0.502673365,0.31001246,0.370955497,0.001849365,0.444000244,0.000464521
0.570235264,0.214778245,0.268523736,0.265459406,0.376077865,0.206186026,0.341479361,0,0.292105019,0.103742942
0.416920384,0.0507441,0.084389002,0.079720202,0.21685208,0.352164268,0.444000244,0,0.224894032,0.370955497
0.221637744,0,0.000352542,0.000288221,0.065806525,0.416088998,0.292105019,0.000464521,0.31001246,0.341479361
0.057293657,0,0,0,0,0.530061185,0.224894032,0.103742942,0.206186026,0.444000244
3.41114E-05,0,0,0,0,0.507622302,0.31001246,0.370955497,0.352164268,0.292105019
0,0,0,0,0,0.678049803,0.206186026,0.341479361,0.416088998,0.224894032
0,0,0,0,0,0.010443158,0.352164268,0.444000244,0.530061185,0.31001246
0,0,0,0,0,0.427970886,0.416088998,0.292105019,0.507622302,0.206186026
0,0,0,0,0,0.334010154,0.530061185,0.224894032,0.678049803,0.352164268
0,0,0,0,0,0.451444775,0.507622302,0.31001246,0.010443158,0.416088998
0,0,0,0,0,0.351748496,0.678049803,0.206186026,0.427970886,0.530061185
0,0,0,0,0,0.381634384,0.010443158,0.352164268,0.334010154,0.507622302
0,0,0,0,0,0.204491615,0.427970886,0.416088998,0.451444775,0.678049803
0,0,0,0,0,0.022155629,0.334010154,0.530061185,0.351748496,0.010443158
0,0,0,0,0,0.087142006,0.451444775,0.507622302,0.381634384,0.427970886
0.028168545,0.064766638,0.004242237,0.055830753,0.00006223,0.034761738,0.351748496,0.678049803,0.204491615,0.334010154
0.160302325,0.255268649,0.135981336,0.244582415,0.108882234,0.114951245,0.381634384,0.010443158,0.022155629,0.451444775
0.362082816,0.453660127,0.354738922,0.450991233,0.329000576,0.093523912,0.204491615,0.427970886,0.087142006,0.351748496
0.530113946,0.542779921,0.46872776,0.572971741,0.488560151,0.116833173,0.022155629,0.334010154,0.034761738,0.381634384
0.648287274,0.584379829,0.526999394,0.641610296,0.575258615,0.247117937,0.087142006,0.451444775,0.114951245,0.204491615
0.725233531,0.610835519,0.57363402,0.660908146,0.625140117,0.302383065,0.034761738,0.351748496,0.093523912,0.022155629
0.756899066,0.591498424,0.575769929,0.637427114,0.627792799,0.435858846,0.114951245,0.381634384,0.116833173,0.087142006
0.74096579,0.522767137,0.528135535,0.566945239,0.588121505,0.296017647,0.093523912,0.204491615,0.247117937,0.034761738
0.67887097,0.398029936,0.418195272,0.445826035,0.507992297,0.382669896,0.116833173,0.022155629,0.302383065,0.114951245
0.570235264,0.214457839,0.262842486,0.27544807,0.38945216,0.432901084,0.247117937,0.087142006,0.435858846,0.093523912
0.416920384,0.053774111,0.090474622,0.091087146,0.242685424,0.662971437,0.302383065,0.034761738,0.296017647,0.116833173
0.221637744,0,0.001099239,0.001916967,0.082892423,0.961305439,0.435858846,0.114951245,0.382669896,0.247117937
0.057293657,0,0,0,0.000256649,0.951534867,0.296017647,0.093523912,0.432901084,0.302383065
3.41114E-05,0,0,0,0,0.68373543,0.382669896,0.116833173,0.662971437,0.435858846
0,0,0,0,0,0.600812972,0.432901084,0.247117937,0.961305439,0.296017647
0,0,0,0,0,0.814034224,0.662971437,0.302383065,0.951534867,0.382669896
0,0,0,0,0,0.911757529,0.961305439,0.435858846,0.68373543,0.432901084
0,0,0,0,0,0.600341201,0.951534867,0.296017647,0.600812972,0.662971437
0,0,0,0,0,0.718456745,0.68373543,0.382669896,0.814034224,0.961305439
0,0,0,0,0,0.47460106,0.600812972,0.432901084,0.911757529,0.951534867
0,0,0,0,0,0.611973166,0.814034224,0.662971437,0.600341201,0.68373543
0,0,0,0,0,0.462337017,0.911757529,0.961305439,0.718456745,0.600812972
0,0,0,0,0,0.286065727,0.600341201,0.951534867,0.47460106,0.814034224
0,0,0,0,0,0.410449386,0.718456745,0.68373543,0.611973166,0.911757529
0.028168545,0.0412833,3.87821E-07,0.036124838,0,0.18657057,0.47460106,0.600812972,0.462337017,0.600341201
0.160302325,0.21719522,0.123562505,0.227561325,0.099302754,0.044284698,0.611973166,0.814034224,0.286065727,0.718456745
0.362082816,0.437239152,0.350346208,0.474633847,0.322716078,0.004641407,0.462337017,0.911757529,0.410449386,0.47460106
0.530113946,0.555174385,0.470659642,0.621990347,0.515044317,0.010756869,0.286065727,0.600341201,0.18657057,0.611973166
0.648287274,0.618641955,0.530772992,0.703798963,0.630605142,0.062138144,0.410449386,0.718456745,0.044284698,0.462337017
0.725233531,0.654165025,0.593863891,0.73605817,0.697638048,0.268422604,0.18657057,0.47460106,0.004641407,0.286065727
0.756899066,0.644009549,0.61795828,0.727632665,0.716580655,0.549905419,0.044284698,0.611973166,0.010756869,0.410449386
0.74096579,0.584443909,0.591373309,0.67469884,0.694481821,0.59516722,0.004641407,0.462337017,0.062138144,0.18657057
0.67887097,0.461943299,0.497196321,0.57147126,0.629024793,0.463209748,0.010756869,0.286065727,0.268422604,0.044284698
0.570235264,0.279176191,0.34426557,0.40257636,0.517746087,0.327129066,0.062138144,0.410449386,0.549905419,0.004641407
0.416920384,0.087129579,0.143554844,0.167484634,0.350324394,0.395001531,0.268422604,0.18657057,0.59516722,0.010756869
0.221637744,9.21049E-05,0.016104115,0.018261165,0.13445333,0.458472908,0.549905419,0.044284698,0.463209748,0.062138144
0.057293657,0,0,0,0.009415295,0.448081851,0.59516722,0.004641407,0.327129066,0.268422604
3.41114E-05,0,0,0,0,0.686663628,0.463209748,0.010756869,0.395001531,0.549905419
0,0,0,0,0,0.94721055,0.327129066,0.062138144,0.458472908,0.59516722
0,0,0,0,0,0.968070626,0.395001531,0.268422604,0.448081851,0.463209748
0,0,0,0,0,0.751041591,0.458472908,0.549905419,0.686663628,0.327129066
0,0,0,0,0,0.725488186,0.448081851,0.59516722,0.94721055,0.395001531
0,0,0,0,0,0.857096016,0.686663628,0.463209748,0.968070626,0.458472908
0,0,0,0,0,0.570255101,0.94721055,0.327129066,0.751041591,0.448081851
0,0,0,0,0,0.35289073,0.968070626,0.395001531,0.725488186,0.686663628
0,0,0,0,0,0.291729033,0.751041591,0.458472908,0.857096016,0.94721055
0,0,0,0,0,0.255962312,0.725488186,0.448081851,0.570255101,0.968070626
0,0,0,0,0,0.155585855,0.857096016,0.686663628,0.35289073,0.751041591
0.028168545,0.06350896,0.008823963,0.059198695,8.97956E-06,0.157079071,0.570255101,0.94721055,0.291729033,0.725488186
0.160302325,0.226344513,0.148806513,0.260889475,0.107371269,0.132549644,0.35289073,0.968070626,0.255962312,0.857096016
0.362082816,0.399621076,0.382050465,0.494000346,0.345519128,0.238282189,0.291729033,0.751041591,0.155585855,0.570255101
0.530113946,0.506024334,0.537776593,0.640014732,0.549781914,0.239939079,0.255962312,0.725488186,0.157079071,0.35289073
0.648287274,0.564421175,0.630873886,0.724162328,0.672936237,0.271274298,0.155585855,0.857096016,0.132549644,0.291729033
0.725233531,0.593604255,0.68064409,0.760361472,0.747078476,0.236726984,0.157079071,0.570255101,0.238282189,0.255962312
0.756899066,0.587792531,0.687478942,0.753486574,0.773695645,0.160334155,0.132549644,0.35289073,0.239939079,0.155585855
0.74096579,0.535570515,0.650252901,0.702994787,0.755049595,0.292999268,0.238282189,0.291729033,0.271274298,0.157079071
0.67887097,0.420190117,0.557936247,0.607318086,0.691801778,0.401110888,0.239939079,0.255962312,0.236726984,0.132549644
0.570235264,0.261012072,0.410027556,0.450924309,0.585818496,0.149256185,0.271274298,0.155585855,0.160334155,0.238282189
0.416920384,0.091215323,0.208916103,0.221824347,0.423246743,0.163049132,0.236726984,0.157079071,0.292999268,0.239939079
0.221637744,0.004193493,0.048571953,0.044805602,0.193411402,0.166977257,0.160334155,0.132549644,0.401110888,0.271274298
0.057293657,0,0,0,0.03130264,0.205250561,0.292999268,0.238282189,0.149256185,0.236726984
3.41114E-05,0,0,0,0,0.307979465,0.401110888,0.239939079,0.163049132,0.160334155
0,0,0,0,0,0.422584713,0.149256185,0.271274298,0.166977257,0.292999268
0,0,0,0,0,0.406198055,0.163049132,0.236726984,0.205250561,0.401110888
0,0,0,0,0,0.361611843,0.166977257,0.160334155,0.307979465,0.149256185
0,0,0,0,0,0.24808161,0.205250561,0.292999268,0.422584713,0.163049132
0,0,0,0,0,0.122475065,0.307979465,0.401110888,0.406198055,0.166977257
0,0,0,0,0,0.061104923,0.422584713,0.149256185,0.361611843,0.205250561
0,0,0,0,0,0.001909042,0.406198055,0.163049132,0.24808161,0.307979465
0,0,0,0,0,0.030662451,0.361611843,0.166977257,0.122475065,0.422584713
0,0,0,0,0,0.035824325,0.24808161,0.205250561,0.061104923,0.406198055
0,0.002818922,0,0.003188397,0,0.026189856,0.122475065,0.307979465,0.001909042,0.361611843
0.028168545,0.097517573,0.064778894,0.109267752,0.006130837,0.000577044,0.061104923,0.422584713,0.030662451,0.24808161
0.160302325,0.274908586,0.24802122,0.338044572,0.140814396,0.000226538,0.001909042,0.406198055,0.035824325,0.122475065
0.362082816,0.421797906,0.453188661,0.544852225,0.385471322,0.003640169,0.030662451,0.361611843,0.026189856,0.061104923
0.530113946,0.509333356,0.591517346,0.678220947,0.569509923,0.009475692,0.035824325,0.24808161,0.000577044,0.001909042
0.648287274,0.559454539,0.678417539,0.757915152,0.684429851,0.039171852,0.026189856,0.122475065,0.000226538,0.030662451
0.725233531,0.584622242,0.722725413,0.791492929,0.751421627,0.049333788,0.000577044,0.061104923,0.003640169,0.035824325
0.756899066,0.574000643,0.726041432,0.782322524,0.768361416,0.006074722,0.000226538,0.001909042,0.009475692,0.026189856
0.74096579,0.51615533,0.68809343,0.728302747,0.738304208,0.0032244,0.003640169,0.030662451,0.039171852,0.000577044
0.67887097,0.407322889,0.597813196,0.62888002,0.665766586,0.03518948,0.009475692,0.035824325,0.049333788,0.000226538
0.570235264,0.260508761,0.456730347,0.473381589,0.553962919,0.186126143,0.039171852,0.026189856,0.006074722,0.003640169
0.416920384,0.102553694,0.26401039,0.250336495,0.390631997,0.45455578,0.049333788,0.000577044,0.0032244,0.009475692
0.221637744,0.014300045,0.077175757,0.060944371,0.177615609,0.378552973,0.006074722,0.000226538,0.03518948,0.039171852
0.057293657,0,1.34011E-05,1.38311E-06,0.030836673,0.702663004,0.0032244,0.003640169,0.186126143,0.049333788
3.41114E-05,0,0,0,0,0.852579296,0.03518948,0.009475692,0.45455578,0.006074722
0,0,0,0,0,0.797943115,0.186126143,0.039171852,0.378552973,0.0032244
0,0,0,0,0,0.723407269,0.45455578,0.049333788,0.702663004,0.03518948
0,0,0,0,0,0.855060756,0.378552973,0.006074722,0.852579296,0.186126143
0,0,0,0,0,0.766495049,0.702663004,0.0032244,0.797943115,0.45455578
0,0,0,0,0,0.917808056,0.852579296,0.03518948,0.723407269,0.378552973
0,0,0,0,0,0.897461355,0.797943115,0.186126143,0.855060756,0.702663004
0,0,0,0,0,0.778992474,0.723407269,0.45455578,0.766495049,0.852579296
0,0,0,0,0,0.896172822,0.855060756,0.378552973,0.917808056,0.797943115
0,0,0,0,0,1,0.766495049,0.702663004,0.897461355,0.723407269
0,0.037532443,0.003868023,0.025073524,0,1,0.917808056,0.852579296,0.778992474,0.855060756
0.028168545,0.140088176,0.101290592,0.167213774,0.041892604,1,0.897461355,0.797943115,0.896172822,0.766495049
0.160302325,0.26583767,0.294546236,0.390428629,0.197856604,1,0.778992474,0.723407269,1,0.917808056
0.362082816,0.377160786,0.469067997,0.568145263,0.408958317,1,0.896172822,0.855060756,1,0.897461355
0.530113946,0.447654768,0.578649811,0.68711925,0.567525801,1,1,0.766495049,1,0.778992474
0.648287274,0.48532939,0.644331343,0.758916818,0.67165112,1,1,0.917808056,1,0.896172822
0.725233531,0.506184212,0.685036796,0.783747726,0.73352516,1,1,0.897461355,1,1
0.756899066,0.498039613,0.683616935,0.762441927,0.745181335,1,1,0.778992474,1,1
0.74096579,0.446905322,0.634604094,0.698253468,0.702036772,1,1,0.896172822,1,1
0.67887097,0.35310421,0.539979251,0.596198017,0.612361932,1,1,1,1,1
0.570235264,0.230271213,0.40483065,0.450350691,0.487108263,1,1,1,1,1
0.416920384,0.103127727,0.236368341,0.250833166,0.326528888,1,1,1,1,1
0.221637744,0.022464273,0.074067777,0.068891904,0.143563538,0.984032452,1,1,1,1
0.057293657,0,0.000948928,0.000116228,0.025041943,0.991840005,1,1,1,1
3.41114E-05,0,0,0,0,0.999139071,1,1,1,1
0,0,0,0,0,0.999326229,1,1,0.984032452,1
0,0,0,0,0,0.989499927,1,1,0.991840005,1
0,0,0,0,0,0.999794304,0.984032452,1,0.999139071,1
0,0,0,0,0,0.998307705,0.991840005,1,0.999326229,1
0,0,0,0,0,0.992375493,0.999139071,1,0.989499927,0.984032452
0,0,0,0,0,0.980406642,0.999326229,1,0.999794304,0.991840005
0,0,0,0,0,0.999647796,0.989499927,1,0.998307705,0.999139071
0,0,0,0,0,1,0.999794304,0.984032452,0.992375493,0.999326229
0,1.48304E-05,0,4.61733E-05,0,1,0.998307705,0.991840005,0.980406642,0.989499927
0,0.041901765,0.031332117,0.051132897,0,1,0.992375493,0.999139071,0.999647796,0.999794304
0.028168545,0.137421175,0.139127236,0.201223075,0.047171215,1,0.980406642,0.999326229,1,0.998307705
0.160302325,0.242002969,0.297028066,0.390759057,0.187775675,0.997413874,0.999647796,0.989499927,1,0.992375493
0.362082816,0.338567293,0.445079902,0.542294478,0.367188644,0.889047742,1,0.999794304,1,0.980406642
0.530113946,0.401563541,0.543373462,0.648332113,0.510468614,0.884335041,1,0.998307705,1,0.999647796
0.648287274,0.436941314,0.603885151,0.716780582,0.608344035,0.878349721,1,0.992375493,0.997413874,1
0.725233531,0.462796942,0.640312384,0.738765045,0.666862404,0.795663357,1,0.980406642,0.889047742,1
0.756899066,0.459183438,0.637826805,0.712781336,0.676640003,0.811115444,0.997413874,0.999647796,0.884335041,1
0.74096579,0.413408086,0.591346389,0.645864238,0.63468312,0.258717716,0.889047742,1,0.878349721,1
0.67887097,0.329442766,0.502125418,0.546613672,0.547155048,0.267320901,0.884335041,1,0.795663357,0.997413874
0.570235264,0.222679736,0.380468501,0.412264722,0.426888148,0.17149435,0.878349721,1,0.811115444,0.889047742
0.416920384,0.114757868,0.228503579,0.237827855,0.281131836,0.122640364,0.795663357,1,0.258717716,0.884335041
0.221637744,0.032010288,0.078080236,0.072066607,0.125623376,0.021122465,0.811115444,0.997413874,0.267320901,0.878349721
0.057293657,0.000034643,0.005393065,0.001617507,0.024670557,0.099507339,0.258717716,0.889047742,0.17149435,0.795663357
3.41114E-05,0,0,0,0,0.166391268,0.267320901,0.884335041,0.122640364,0.811115444
0,0,0,0,0,0.521043241,0.17149435,0.878349721,0.021122465,0.258717716
0,0,0,0,0,0.837817073,0.122640364,0.795663357,0.099507339,0.267320901
0,0,0,0,0,0.673360586,0.021122465,0.811115444,0.166391268,0.17149435
0,0,0,0,0,0.089788079,0.099507339,0.258717716,0.521043241,0.122640364
0,0,0,0,0,0.089486092,0.166391268,0.267320901,0.837817073,0.021122465
0,0,0,0,0,0.343248814,0.521043241,0.17149435,0.673360586,0.099507339
0,0,0,0,0,0.178686649,0.837817073,0.122640364,0.089788079,0.166391268
0,0,0,0,0,0.598292649,0.673360586,0.021122465,0.089486092,0.521043241
0,7.14015E-05,0,9.70967E-05,0,0.685672641,0.089788079,0.099507339,0.343248814,0.837817073
0,0.031869727,0.025743095,0.036548051,0,0.437297285,0.089486092,0.166391268,0.178686649,0.673360586
0.028168545,0.10870986,0.110508646,0.143809314,0.02963198,0.375626296,0.343248814,0.521043241,0.598292649,0.089788079
0.160302325,0.206185735,0.245873715,0.289325059,0.135438419,0.138225913,0.178686649,0.837817073,0.685672641,0.089486092
0.362082816,0.305360592,0.384765591,0.404995217,0.287872523,0.159168631,0.598292649,0.673360586,0.437297285,0.343248814
0.530113946,0.37405333,0.478454849,0.485059818,0.413572375,0.232613146,0.685672641,0.089788079,0.375626296,0.178686649
0.648287274,0.412433023,0.533131936,0.540685957,0.496553231,0.269608974,0.437297285,0.089486092,0.138225913,0.598292649
0.725233531,0.434805188,0.560503147,0.551912019,0.54165551,0.433558702,0.375626296,0.343248814,0.159168631,0.685672641
0.756899066,0.429373165,0.550105804,0.52513961,0.541526563,0.176054463,0.138225913,0.178686649,0.232613146,0.437297285
0.74096579,0.392086579,0.504116346,0.46760344,0.503830855,0.099776924,0.159168631,0.598292649,0.269608974,0.375626296
0.67887097,0.319812186,0.424875087,0.384929871,0.432579925,0.024232212,0.232613146,0.685672641,0.433558702,0.138225913
0.570235264,0.221984813,0.322115372,0.28015749,0.332956098,0.010666513,0.269608974,0.437297285,0.176054463,0.159168631
0.416920384,0.12148518,0.198185993,0.154844094,0.21481898,0.084635921,0.433558702,0.375626296,0.099776924,0.232613146
0.221637744,0.037536667,0.076320581,0.046888747,0.099509431,0.137772456,0.176054463,0.138225913,0.024232212,0.269608974
0.057293657,0.001276633,0.011554049,0.002993463,0.023984818,0.780260384,0.099776924,0.159168631,0.010666513,0.433558702
3.41114E-05,0,0,0,5.33106E-06,0.918155015,0.024232212,0.232613146,0.084635921,0.176054463
0,0,0,0,0,0.988091588,0.010666513,0.269608974,0.137772456,0.099776924
0,0,0,0,0,0.996267676,0.084635921,0.433558702,0.780260384,0.024232212
0,0,0,0,0,0.998215854,0.137772456,0.176054463,0.918155015,0.010666513
0,0,0,0,0,1,0.780260384,0.099776924,0.988091588,0.084635921
0,0,0,0,0,0.971673012,0.918155015,0.024232212,0.996267676,0.137772456
0,0,0,0,0,0.964759111,0.988091588,0.010666513,0.998215854,0.780260384
0,0,0,0,0,0.619487166,0.996267676,0.084635921,1,0.918155015
0,0,0,0,0,0.931196034,0.998215854,0.137772456,0.971673012,0.988091588
0,0,0,6.97174E-07,0,0.998134136,1,0.780260384,0.964759111,0.996267676
0,0.018367976,0.008699189,0.013549298,0,0.945727885,0.971673012,0.918155015,0.619487166,0.998215854
0.028168545,0.073878282,0.057796778,0.070179459,0.019176917,0.936696768,0.964759111,0.988091588,0.931196034,1
0.160302325,0.162886631,0.158517318,0.1649287,0.097453136,0.942874849,0.619487166,0.996267676,0.998134136,0.971673012
0.362082816,0.264600588,0.276008548,0.24537725,0.226656626,0.922583699,0.931196034,0.998215854,0.945727885,0.964759111
0.530113946,0.345009389,0.359633278,0.303188768,0.344153534,0.95099771,0.998134136,1,0.936696768,0.619487166
0.648287274,0.395807962,0.406551005,0.349695235,0.423652467,0.962947547,0.945727885,0.971673012,0.942874849,0.931196034
0.725233531,0.421341656,0.431033394,0.369299561,0.467690279,0.995479226,0.936696768,0.964759111,0.922583699,0.998134136
0.756899066,0.413537762,0.426120426,0.356433124,0.470649699,0.99674952,0.942874849,0.619487166,0.95099771,0.945727885
0.74096579,0.372044019,0.392856392,0.315890947,0.436196213,0.869486749,0.922583699,0.931196034,0.962947547,0.936696768
0.67887097,0.301515608,0.327540149,0.25738533,0.37098972,0.868167937,0.95099771,0.998134136,0.995479226,0.942874849
0.570235264,0.211032957,0.243267778,0.181499574,0.283949661,0.883054256,0.962947547,0.945727885,0.99674952,0.922583699
0.416920384,0.114473305,0.149093864,0.094245247,0.181293397,0.151461393,0.995479226,0.936696768,0.869486749,0.95099771
0.221637744,0.03487298,0.060032846,0.026673526,0.082196902,0.164869457,0.99674952,0.942874849,0.868167937,0.962947547
0.057293657,0.001742103,0.010929424,0.001714032,0.019225853,0.466266364,0.869486749,0.922583699,0.883054256,0.995479226
3.41114E-05,0,0,0,4.95409E-06,0.592694283,0.868167937,0.95099771,0.151461393,0.99674952
0,0,0,0,0,0.450009376,0.883054256,0.962947547,0.164869457,0.869486749
0,0,0,0,0,0.290970713,0.151461393,0.995479226,0.466266364,0.868167937
0,0,0,0,0,0.20091112,0.164869457,0.99674952,0.592694283,0.883054256
0,0,0,0,0,0.808302581,0.466266364,0.869486749,0.450009376,0.151461393
0,0,0,0,0,0.572936416,0.592694283,0.868167937,0.290970713,0.164869457
0,0,0,0,0,0.532757521,0.450009376,0.883054256,0.20091112,0.466266364
0,0,0,0,0,0.454101712,0.290970713,0.151461393,0.808302581,0.592694283
0,0,0,0,0,0.985007107,0.20091112,0.164869457,0.572936416,0.450009376
0,0,0,0,0,0.997929454,0.808302581,0.466266364,0.532757521,0.290970713
0,0.021596612,0.001614276,0.009289247,0,0.830399454,0.572936416,0.592694283,0.454101712,0.20091112
0.028168545,0.096107401,0.054766203,0.072100959,0.0177531,0.762485087,0.532757521,0.450009376,0.985007107,0.808302581
0.160302325,0.208913968,0.182334557,0.190405276,0.099663088,0.392786503,0.454101712,0.290970713,0.997929454,0.572936416
0.362082816,0.322561179,0.32461304,0.277139654,0.239711236,0.232597366,0.985007107,0.20091112,0.830399454,0.532757521
0.530113946,0.412043789,0.422807408,0.331102721,0.360126451,0.075443029,0.997929454,0.808302581,0.762485087,0.454101712
0.648287274,0.468468826,0.475910669,0.378329198,0.435836919,0.041244794,0.830399454,0.572936416,0.392786503,0.985007107
0.725233531,0.49205162,0.504584821,0.400660292,0.478373291,0.066162407,0.762485087,0.532757521,0.232597366,0.997929454
0.756899066,0.484090573,0.497714406,0.392230459,0.484508526,0.026785448,0.392786503,0.454101712,0.075443029,0.830399454
0.74096579,0.436573502,0.453280358,0.350881023,0.449445168,0.003505862,0.232597366,0.985007107,0.041244794,0.762485087
0.67887097,0.351093142,0.376573745,0.284926348,0.378401934,0.017187972,0.075443029,0.997929454,0.066162407,0.392786503
0.570235264,0.241245504,0.274951864,0.199204372,0.285959871,0.144890472,0.041244794,0.830399454,0.026785448,0.232597366
0.416920384,0.123367517,0.158785041,0.107543947,0.176977658,0.35516566,0.066162407,0.762485087,0.003505862,0.075443029
0.221637744,0.033417793,0.053587996,0.031123546,0.074270379,0.339657456,0.026785448,0.392786503,0.017187972,0.041244794
0.057293657,0.000154151,0.004798177,0.000395911,0.014648873,0.185523272,0.003505862,0.232597366,0.144890472,0.066162407
3.41114E-05,0,0,0,0,0.238949671,0.017187972,0.075443029,0.35516566,0.026785448
0,0,0,0,0,0.269634247,0.144890472,0.041244794,0.339657456,0.003505862
0,0,0,0,0,0.179665938,0.35516566,0.066162407,0.185523272,0.017187972
0,0,0,0,0,0.179900318,0.339657456,0.026785448,0.238949671,0.144890472
0,0,0,0,0,0.086960815,0.185523272,0.003505862,0.269634247,0.35516566
0,0,0,0,0,0.150634795,0.238949671,0.017187972,0.179665938,0.339657456
0,0,0,0,0,0.087278418,0.269634247,0.144890472,0.179900318,0.185523272
0,0,0,0,0,0.123460233,0.179665938,0.35516566,0.086960815,0.238949671
0,0,0,0,0,0.141507059,0.179900318,0.339657456,0.150634795,0.269634247
0,0,0,0,0,0.160516262,0.086960815,0.185523272,0.087278418,0.179665938
0,0.018129165,9.97578E-06,0.010365576,0,0.340476304,0.150634795,0.238949671,0.123460233,0.179900318
0.028168545,0.098892003,0.065960248,0.10412263,0.024634202,0.360727668,0.087278418,0.269634247,0.141507059,0.086960815
0.160302325,0.224293789,0.221993233,0.278629414,0.1388315,0.513843179,0.123460233,0.179665938,0.160516262,0.150634795
0.362082816,0.335391152,0.379960332,0.407806705,0.316784795,0.312758833,0.141507059,0.179900318,0.340476304,0.087278418
0.530113946,0.404257016,0.473395401,0.480577685,0.455255007,0.146395251,0.160516262,0.086960815,0.360727668,0.123460233
0.648287274,0.44592744,0.519037537,0.525078266,0.539025892,0.045733228,0.340476304,0.150634795,0.513843179,0.141507059
0.725233531,0.46954489,0.53764809,0.530232129,0.580651139,0.006404813,0.360727668,0.087278418,0.312758833,0.160516262
0.756899066,0.458529972,0.520718864,0.502002626,0.575155643,0.001076173,0.513843179,0.123460233,0.146395251,0.340476304
0.74096579,0.405668318,0.467542763,0.437831578,0.526155639,0.001361586,0.312758833,0.141507059,0.045733228,0.360727668
0.67887097,0.308281378,0.379580114,0.351699874,0.438464912,0.001293278,0.146395251,0.160516262,0.006404813,0.513843179
0.570235264,0.191771429,0.266716478,0.239025677,0.328380989,0.009518029,0.045733228,0.340476304,0.001076173,0.312758833
0.416920384,0.078755196,0.138112833,0.10842361,0.197238204,0.013602196,0.006404813,0.360727668,0.001361586,0.146395251
0.221637744,0.012112534,0.036178216,0.022472359,0.070617725,0.034769718,0.001076173,0.513843179,0.001293278,0.045733228
0.057293657,0,0.000114229,7.08008E-07,0.00858835,0.109675728,0.001361586,0.312758833,0.009518029,0.006404813
3.41114E-05,0,0,0,0,0.069986187,0.001293278,0.146395251,0.013602196,0.001076173
0,0,0,0,0,0.123604722,0.009518029,0.045733228,0.034769718,0.001361586
0,0,0,0,0,0.215699956,0.013602196,0.006404813,0.109675728,0.001293278
0,0,0,0,0,0.252839804,0.034769718,0.001076173,0.069986187,0.009518029
0,0,0,0,0,0.242512465,0.109675728,0.001361586,0.123604722,0.013602196
0,0,0,0,0,0.164953083,0.069986187,0.001293278,0.215699956,0.034769718
0,0,0,0,0,0.105276845,0.123604722,0.009518029,0.252839804,0.109675728
0,0,0,0,0,0.077280819,0.215699956,0.013602196,0.242512465,0.069986187
0,0,0,0,0,0,0.252839804,0.034769718,0.164953083,0.123604722
0,0,0,0,0,0,0.242512465,0.109675728,0.105276845,0.215699956
0,0.005753611,0,0.008339044,0,7.31E-05,0.164953083,0.069986187,0.077280819,0.252839804
0.028168545,0.112826529,0.077506826,0.125738749,0.02556177,0.00338742,0.105276845,0.123604722,0,0.242512465
0.160302325,0.29605062,0.25839701,0.342778783,0.156097684,0.020116515,0.077280819,0.215699956,0,0.164953083
0.362082816,0.43061533,0.432675956,0.516879638,0.353591363,0.104255609,0,0.252839804,7.31E-05,0.105276845
0.530113946,0.499194474,0.533182454,0.62658799,0.499175391,0.196546018,0,0.242512465,0.00338742,0.077280819
0.648287274,0.533077332,0.582899802,0.682536924,0.586025609,0.311645389,7.31E-05,0.164953083,0.020116515,0
0.725233531,0.549128151,0.605466964,0.686536735,0.629005684,0.158845171,0.00338742,0.105276845,0.104255609,0
0.756899066,0.52604716,0.588487885,0.647163858,0.620883644,0.164603025,0.020116515,0.077280819,0.196546018,7.31E-05
0.74096579,0.463501501,0.526844348,0.565915282,0.566066032,0.044712305,0.104255609,0,0.311645389,0.00338742
0.67887097,0.357537248,0.425540756,0.442333116,0.477118589,0.073084287,0.196546018,0,0.158845171,0.020116515
0.570235264,0.213653945,0.283684551,0.276098901,0.355129183,0.101202473,0.311645389,7.31E-05,0.164603025,0.104255609
0.416920384,0.067541782,0.112683202,0.097498627,0.203556536,0.174380809,0.158845171,0.00338742,0.044712305,0.196546018
0.221637744,0.000363079,0.012219102,0.005894177,0.062029891,0.217923999,0.164603025,0.020116515,0.073084287,0.311645389
0.057293657,0,0,0,0.000766355,0.431328326,0.044712305,0.104255609,0.101202473,0.158845171
3.41114E-05,0,0,0,0,0.526444972,0.073084287,0.196546018,0.174380809,0.164603025
0,0,0,0,0,0.75850749,0.101202473,0.311645389,0.217923999,0.044712305
0,0,0,0,0,0.894783676,0.174380809,0.158845171,0.431328326,0.073084287
0,0,0,0,0,0.931936324,0.217923999,0.164603025,0.526444972,0.101202473
0,0,0,0,0,0.874660432,0.431328326,0.044712305,0.75850749,0.174380809
0,0,0,0,0,0.730279565,0.526444972,0.073084287,0.894783676,0.217923999
0,0,0,0,0,0.508605838,0.75850749,0.101202473,0.931936324,0.431328326
0,0,0,0,0,0.360405654,0.894783676,0.174380809,0.874660432,0.526444972
0,0,0,0,0,0.865559697,0.931936324,0.217923999,0.730279565,0.75850749
0,0,0,0,0,0.997548342,0.874660432,0.431328326,0.508605838,0.894783676
0,0,0,0.001096135,0,1,0.730279565,0.526444972,0.360405654,0.931936324
0.028168545,0.109948012,0.051050887,0.107148217,0.008493476,0.999225259,0.508605838,0.75850749,0.865559697,0.874660432
0.160302325,0.328276278,0.221020596,0.329040347,0.147571789,0.959654391,0.360405654,0.894783676,0.997548342,0.730279565
0.362082816,0.500389856,0.4235184,0.517244325,0.380535076,0.975988925,0.865559697,0.931936324,1,0.508605838
0.530113946,0.582692407,0.553563866,0.630445419,0.530433368,1,0.997548342,0.874660432,0.999225259,0.360405654
0.648287274,0.619939029,0.625051986,0.687481075,0.610164795,1,1,0.730279565,0.959654391,0.865559697
0.725233531,0.636590034,0.650565976,0.695377762,0.649094112,1,0.999225259,0.508605838,0.975988925,0.997548342
0.756899066,0.608664542,0.631141084,0.661083169,0.640143269,1,0.959654391,0.360405654,1,1
0.74096579,0.533595096,0.566111088,0.581190504,0.589878402,0.973414481,0.975988925,0.865559697,1,0.999225259
0.67887097,0.406246521,0.444986446,0.450220806,0.502673365,0.692274332,1,0.997548342,1,0.959654391
0.570235264,0.214778245,0.268523736,0.265459406,0.376077865,0.978909016,1,1,1,0.975988925
0.416920384,0.0507441,0.084389002,0.079720202,0.21685208,0.998888671,1,0.999225259,0.973414481,1
0.221637744,0,0.000352542,0.000288221,0.065806525,0.855260193,1,0.959654391,0.692274332,1
0.057293657,0,0,0,0,0.552429259,0.973414481,0.975988925,0.978909016,1
3.41114E-05,0,0,0,0,0.397631437,0.692274332,1,0.998888671,1
0,0,0,0,0,0.416858375,0.978909016,1,0.855260193,0.973414481
0,0,0,0,0,0.577966988,0.998888671,1,0.552429259,0.692274332
0,0,0,0,0,0.618615448,0.855260193,1,0.397631437,0.978909016
0,0,0,0,0,0.765486717,0.552429259,0.973414481,0.416858375,0.998888671
0,0,0,0,0,0.662588239,0.397631437,0.692274332,0.577966988,0.855260193
0,0,0,0,0,0.580062747,0.416858375,0.978909016,0.618615448,0.552429259
0,0,0,0,0,0.435473859,0.577966988,0.998888671,0.765486717,0.397631437
0,0,0,0,0,0.54192251,0.618615448,0.855260193,0.662588239,0.416858375
0,0,0,0,0,0.916106462,0.765486717,0.552429259,0.580062747,0.577966988
0,0,0,0,0,0.948409855,0.662588239,0.397631437,0.435473859,0.618615448
0.028168545,0.064766638,0.004242237,0.055830753,0.00006223,0.980751812,0.580062747,0.416858375,0.54192251,0.765486717
0.160302325,0.255268649,0.135981336,0.244582415,0.108882234,0.986403823,0.435473859,0.577966988,0.916106462,0.662588239
0.362082816,0.453660127,0.354738922,0.450991233,0.329000576,0.956596732,0.54192251,0.618615448,0.948409855,0.580062747
0.530113946,0.542779921,0.46872776,0.572971741,0.488560151,0.997791648,0.916106462,0.765486717,0.980751812,0.435473859
0.648287274,0.584379829,0.526999394,0.641610296,0.575258615,1,0.948409855,0.662588239,0.986403823,0.54192251
0.725233531,0.610835519,0.57363402,0.660908146,0.625140117,1,0.980751812,0.580062747,0.956596732,0.916106462
0.756899066,0.591498424,0.575769929,0.637427114,0.627792799,0.86634624,0.986403823,0.435473859,0.997791648,0.948409855
0.74096579,0.522767137,0.528135535,0.566945239,0.588121505,0.528640687,0.956596732,0.54192251,1,0.980751812
0.67887097,0.398029936,0.418195272,0.445826035,0.507992297,0.795039415,0.997791648,0.916106462,1,0.986403823
0.570235264,0.214457839,0.262842486,0.27544807,0.38945216,0.751122892,1,0.948409855,0.86634624,0.956596732
0.416920384,0.053774111,0.090474622,0.091087146,0.242685424,0.728108585,1,0.980751812,0.528640687,0.997791648
0.221637744,0,0.001099239,0.001916967,0.082892423,0.277129561,0.86634624,0.986403823,0.795039415,1
0.057293657,0,0,0,0.000256649,0.514240384,0.528640687,0.956596732,0.751122892,1
3.41114E-05,0,0,0,0,0.610370815,0.795039415,0.997791648,0.728108585,0.86634624
0,0,0,0,0,0.707293034,0.751122892,1,0.277129561,0.528640687
0,0,0,0,0,0.615058899,0.728108585,1,0.514240384,0.795039415
0,0,0,0,0,0.210253894,0.277129561,0.86634624,0.610370815,0.751122892
0,0,0,0,0,0.260377795,0.514240384,0.528640687,0.707293034,0.728108585
0,0,0,0,0,0.526750207,0.610370815,0.795039415,0.615058899,0.277129561
0,0,0,0,0,0.494337678,0.707293034,0.751122892,0.210253894,0.514240384
0,0,0,0,0,0.623210013,0.615058899,0.728108585,0.260377795,0.610370815
0,0,0,0,0,0.16141215,0.210253894,0.277129561,0.526750207,0.707293034
0,0,0,0,0,0.635558605,0.260377795,0.514240384,0.494337678,0.615058899
0,0,0,0,0,0.946572721,0.526750207,0.610370815,0.623210013,0.210253894
0.028168545,0.0412833,3.87821E-07,0.036124838,0,0.94533217,0.494337678,0.707293034,0.16141215,0.260377795
0.160302325,0.21719522,0.123562505,0.227561325,0.099302754,0.991161346,0.623210013,0.615058899,0.635558605,0.526750207
0.362082816,0.437239152,0.350346208,0.474633847,0.322716078,0.998389125,0.16141215,0.210253894,0.946572721,0.494337678
0.530113946,0.555174385,0.470659642,0.621990347,0.515044317,1,0.635558605,0.260377795,0.94533217,0.623210013
0.648287274,0.618641955,0.530772992,0.703798963,0.630605142,1,0.946572721,0.526750207,0.991161346,0.16141215
0.725233531,0.654165025,0.593863891,0.73605817,0.697638048,1,0.94533217,0.494337678,0.998389125,0.635558605
0.756899066,0.644009549,0.61795828,0.727632665,0.716580655,1,0.991161346,0.623210013,1,0.946572721
0.74096579,0.584443909,0.591373309,0.67469884,0.694481821,1,0.998389125,0.16141215,1,0.94533217
0.67887097,0.461943299,0.497196321,0.57147126,0.629024793,0.997618616,1,0.635558605,1,0.991161346
0.570235264,0.279176191,0.34426557,0.40257636,0.517746087,0.994185925,1,0.946572721,1,0.998389125
0.416920384,0.087129579,0.143554844,0.167484634,0.350324394,0.998086751,1,0.94533217,1,1
0.221637744,9.21049E-05,0.016104115,0.018261165,0.13445333,0.657924652,1,0.991161346,0.997618616,1
0.057293657,0,0,0,0.009415295,0.962484121,1,0.998389125,0.994185925,1
3.41114E-05,0,0,0,0,0.991599917,0.997618616,1,0.998086751,1
0,0,0,0,0,0.954193056,0.994185925,1,0.657924652,1
0,0,0,0,0,0.72434181,0.998086751,1,0.962484121,0.997618616
0,0,0,0,0,0.42536217,0.657924652,1,0.991599917,0.994185925
0,0,0,0,0,0.535519063,0.962484121,1,0.954193056,0.998086751
0,0,0,0,0,0.578804672,0.991599917,0.997618616,0.72434181,0.657924652
0,0,0,0,0,0.737811685,0.954193056,0.994185925,0.42536217,0.962484121
0,0,0,0,0,0.556690693,0.72434181,0.998086751,0.535519063,0.991599917
0,0,0,0,0,0.760000706,0.42536217,0.657924652,0.578804672,0.954193056
0,0,0,0,0,0.972604573,0.535519063,0.962484121,0.737811685,0.72434181
0,0,0,0,0,0.869342744,0.578804672,0.991599917,0.556690693,0.42536217
0.028168545,0.06350896,0.008823963,0.059198695,8.97956E-06,0.852606177,0.737811685,0.954193056,0.760000706,0.535519063
0.160302325,0.226344513,0.148806513,0.260889475,0.107371269,0.76187408,0.556690693,0.72434181,0.972604573,0.578804672
0.362082816,0.399621076,0.382050465,0.494000346,0.345519128,0.880021572,0.760000706,0.42536217,0.869342744,0.737811685
0.530113946,0.506024334,0.537776593,0.640014732,0.549781914,0.826500237,0.972604573,0.535519063,0.852606177,0.556690693
0.648287274,0.564421175,0.630873886,0.724162328,0.672936237,0.835894942,0.869342744,0.578804672,0.76187408,0.760000706
0.725233531,0.593604255,0.68064409,0.760361472,0.747078476,0.838548958,0.852606177,0.737811685,0.880021572,0.972604573
0.756899066,0.587792531,0.687478942,0.753486574,0.773695645,0.901864767,0.76187408,0.556690693,0.826500237,0.869342744
0.74096579,0.535570515,0.650252901,0.702994787,0.755049595,0.315919757,0.880021572,0.760000706,0.835894942,0.852606177
0.67887097,0.420190117,0.557936247,0.607318086,0.691801778,0.460196376,0.826500237,0.972604573,0.838548958,0.76187408
0.570235264,0.261012072,0.410027556,0.450924309,0.585818496,0.896395445,0.835894942,0.869342744,0.901864767,0.880021572
0.416920384,0.091215323,0.208916103,0.221824347,0.423246743,0.893864036,0.838548958,0.852606177,0.315919757,0.826500237
0.221637744,0.004193493,0.048571953,0.044805602,0.193411402,0.527086258,0.901864767,0.76187408,0.460196376,0.835894942
0.057293657,0,0,0,0.03130264,0.765067697,0.315919757,0.880021572,0.896395445,0.838548958
3.41114E-05,0,0,0,0,0.754010499,0.460196376,0.826500237,0.893864036,0.901864767
0,0,0,0,0,0.657406449,0.896395445,0.835894942,0.527086258,0.315919757
0,0,0,0,0,0.565697372,0.893864036,0.838548958,0.765067697,0.460196376
0,0,0,0,0,0.384382486,0.527086258,0.901864767,0.754010499,0.896395445
0,0,0,0,0,0.310511202,0.765067697,0.315919757,0.657406449,0.893864036
0,0,0,0,0,0.326935977,0.754010499,0.460196376,0.565697372,0.527086258
0,0,0,0,0,0.159133941,0.657406449,0.896395445,0.384382486,0.765067697
0,0,0,0,0,0.078678884,0.565697372,0.893864036,0.310511202,0.754010499
0,0,0,0,0,0.042174269,0.384382486,0.527086258,0.326935977,0.657406449
0,0,0,0,0,0.198822305,0.310511202,0.765067697,0.159133941,0.565697372
0,0.002818922,0,0.003188397,0,0.211737916,0.326935977,0.754010499,0.078678884,0.384382486
0.028168545,0.097517573,0.064778894,0.109267752,0.006130837,0.510214329,0.159133941,0.657406449,0.042174269,0.310511202
0.160302325,0.274908586,0.24802122,0.338044572,0.140814396,0.623225749,0.078678884,0.565697372,0.198822305,0.326935977
0.362082816,0.421797906,0.453188661,0.544852225,0.385471322,0.777524769,0.042174269,0.384382486,0.211737916,0.159133941
0.530113946,0.509333356,0.591517346,0.678220947,0.569509923,0.76534605,0.198822305,0.310511202,0.510214329,0.078678884
0.648287274,0.559454539,0.678417539,0.757915152,0.684429851,0.883258581,0.211737916,0.326935977,0.623225749,0.042174269
0.725233531,0.584622242,0.722725413,0.791492929,0.751421627,0.962014854,0.510214329,0.159133941,0.777524769,0.198822305
0.756899066,0.574000643,0.726041432,0.782322524,0.768361416,0.870566249,0.623225749,0.078678884,0.76534605,0.211737916
0.74096579,0.51615533,0.68809343,0.728302747,0.738304208,0.766178727,0.777524769,0.042174269,0.883258581,0.510214329
0.67887097,0.407322889,0.597813196,0.62888002,0.665766586,0.615167737,0.76534605,0.198822305,0.962014854,0.623225749
0.570235264,0.260508761,0.456730347,0.473381589,0.553962919,0.700076938,0.883258581,0.211737916,0.870566249,0.777524769
0.416920384,0.102553694,0.26401039,0.250336495,0.390631997,0.962304175,0.962014854,0.510214329,0.766178727,0.76534605
0.221637744,0.014300045,0.077175757,0.060944371,0.177615609,0.963409901,0.870566249,0.623225749,0.615167737,0.883258581
0.057293657,0,1.34011E-05,1.38311E-06,0.030836673,0.928434312,0.766178727,0.777524769,0.700076938,0.962014854
3.41114E-05,0,0,0,0,0.932800353,0.615167737,0.76534605,0.962304175,0.870566249
0,0,0,0,0,0.816264093,0.700076938,0.883258581,0.963409901,0.766178727
0,0,0,0,0,0.599873602,0.962304175,0.962014854,0.928434312,0.615167737
0,0,0,0,0,0.567400694,0.963409901,0.870566249,0.932800353,0.700076938
0,0,0,0,0,0.548834383,0.928434312,0.766178727,0.816264093,0.962304175
0,0,0,0,0,0.529896438,0.932800353,0.615167737,0.599873602,0.963409901
0,0,0,0,0,0.38897422,0.816264093,0.700076938,0.567400694,0.928434312
0,0,0,0,0,0.475962877,0.599873602,0.962304175,0.548834383,0.932800353
0,0,0,0,0,0.201170787,0.567400694,0.963409901,0.529896438,0.816264093
0,0,0,0,0,0.351221025,0.548834383,0.928434312,0.38897422,0.599873602
0,0.037532443,0.003868023,0.025073524,0,0.483489156,0.529896438,0.932800353,0.475962877,0.567400694
0.028168545,0.140088176,0.101290592,0.167213774,0.041892604,0.690884709,0.38897422,0.816264093,0.201170787,0.548834383
0.160302325,0.26583767,0.294546236,0.390428629,0.197856604,0.674337149,0.475962877,0.599873602,0.351221025,0.529896438
0.362082816,0.377160786,0.469067997,0.568145263,0.408958317,0.78685838,0.201170787,0.567400694,0.483489156,0.38897422
0.530113946,0.447654768,0.578649811,0.68711925,0.567525801,0.98402071,0.351221025,0.548834383,0.690884709,0.475962877
0.648287274,0.48532939,0.644331343,0.758916818,0.67165112,0.903760672,0.483489156,0.529896438,0.674337149,0.201170787
0.725233531,0.506184212,0.685036796,0.783747726,0.73352516,0.89791584,0.690884709,0.38897422,0.78685838,0.351221025
0.756899066,0.498039613,0.683616935,0.762441927,0.745181335,0.913399279,0.674337149,0.475962877,0.98402071,0.483489156
0.74096579,0.446905322,0.634604094,0.698253468,0.702036772,0.872227252,0.78685838,0.201170787,0.903760672,0.690884709
0.67887097,0.35310421,0.539979251,0.596198017,0.612361932,0.404459774,0.98402071,0.351221025,0.89791584,0.674337149
0.570235264,0.230271213,0.40483065,0.450350691,0.487108263,0.709199846,0.903760672,0.483489156,0.913399279,0.78685838
0.416920384,0.103127727,0.236368341,0.250833166,0.326528888,0.472842991,0.89791584,0.690884709,0.872227252,0.98402071
0.221637744,0.022464273,0.074067777,0.068891904,0.143563538,0.227803484,0.913399279,0.674337149,0.404459774,0.903760672
0.057293657,0,0.000948928,0.000116228,0.025041943,0.066427588,0.872227252,0.78685838,0.709199846,0.89791584
3.41114E-05,0,0,0,0,0.042624444,0.404459774,0.98402071,0.472842991,0.913399279
0,0,0,0,0,0.034631681,0.709199846,0.903760672,0.227803484,0.872227252
0,0,0,0,0,0.025138188,0.472842991,0.89791584,0.066427588,0.404459774
0,0,0,0,0,0.04262846,0.227803484,0.913399279,0.042624444,0.709199846
0,0,0,0,0,0.044935986,0.066427588,0.872227252,0.034631681,0.472842991
0,0,0,0,0,0.059543714,0.042624444,0.404459774,0.025138188,0.227803484
0,0,0,0,0,0.01316344,0.034631681,0.709199846,0.04262846,0.066427588
0,0,0,0,0,0.191697478,0.025138188,0.472842991,0.044935986,0.042624444
0,0,0,0,0,0.104705915,0.04262846,0.227803484,0.059543714,0.034631681
0,1.48304E-05,0,4.61733E-05,0,0.196067035,0.044935986,0.066427588,0.01316344,0.025138188
0,0.041901765,0.031332117,0.051132897,0,0.483586341,0.059543714,0.042624444,0.191697478,0.04262846
0.028168545,0.137421175,0.139127236,0.201223075,0.047171215,0.573670864,0.01316344,0.034631681,0.104705915,0.044935986
0.160302325,0.242002969,0.297028066,0.390759057,0.187775675,0.536878049,0.191697478,0.025138188,0.196067035,0.059543714
0.362082816,0.338567293,0.445079902,0.542294478,0.367188644,0.59938544,0.104705915,0.04262846,0.483586341,0.01316344
0.530113946,0.401563541,0.543373462,0.648332113,0.510468614,0.588528514,0.196067035,0.044935986,0.573670864,0.191697478
0.648287274,0.436941314,0.603885151,0.716780582,0.608344035,0.644405365,0.483586341,0.059543714,0.536878049,0.104705915
0.725233531,0.462796942,0.640312384,0.738765045,0.666862404,0.733738005,0.573670864,0.01316344,0.59938544,0.196067035
0.756899066,0.459183438,0.637826805,0.712781336,0.676640003,0.749747097,0.536878049,0.191697478,0.588528514,0.483586341
0.74096579,0.413408086,0.591346389,0.645864238,0.63468312,0.759497046,0.59938544,0.104705915,0.644405365,0.573670864
0.67887097,0.329442766,0.502125418,0.546613672,0.547155048,0.785305142,0.588528514,0.196067035,0.733738005,0.536878049
0.570235264,0.222679736,0.380468501,0.412264722,0.426888148,0.850022435,0.644405365,0.483586341,0.749747097,0.59938544
0.416920384,0.114757868,0.228503579,0.237827855,0.281131836,0.948854566,0.733738005,0.573670864,0.759497046,0.588528514
0.221637744,0.032010288,0.078080236,0.072066607,0.125623376,0.956380665,0.749747097,0.536878049,0.785305142,0.644405365
0.057293657,0.000034643,0.005393065,0.001617507,0.024670557,0.985048413,0.759497046,0.59938544,0.850022435,0.733738005
3.41114E-05,0,0,0,0,0.968510509,0.785305142,0.588528514,0.948854566,0.749747097
0,0,0,0,0,0.989876866,0.850022435,0.644405365,0.956380665,0.759497046
0,0,0,0,0,0.995388389,0.948854566,0.733738005,0.985048413,0.785305142
0,0,0,0,0,0.991017282,0.956380665,0.749747097,0.968510509,0.850022435
0,0,0,0,0,0.990352869,0.985048413,0.759497046,0.989876866,0.948854566
0,0,0,0,0,0.986146748,0.968510509,0.785305142,0.995388389,0.956380665
0,0,0,0,0,0.989968061,0.989876866,0.850022435,0.991017282,0.985048413
0,0,0,0,0,0.936056614,0.995388389,0.948854566,0.990352869,0.968510509
0,0,0,0,0,1,0.991017282,0.956380665,0.986146748,0.989876866
0,7.14015E-05,0,9.70967E-05,0,1,0.990352869,0.985048413,0.989968061,0.995388389
0,0.031869727,0.025743095,0.036548051,0,1,0.986146748,0.968510509,0.936056614,0.991017282
0.028168545,0.10870986,0.110508646,0.143809314,0.02963198,1,0.989968061,0.989876866,1,0.990352869
0.160302325,0.206185735,0.245873715,0.289325059,0.135438419,1,0.936056614,0.995388389,1,0.986146748
0.362082816,0.305360592,0.384765591,0.404995217,0.287872523,1,1,0.991017282,1,0.989968061
0.530113946,0.37405333,0.478454849,0.485059818,0.413572375,1,1,0.990352869,1,0.936056614
0.648287274,0.412433023,0.533131936,0.540685957,0.496553231,0.999761462,1,0.986146748,1,1
0.725233531,0.434805188,0.560503147,0.551912019,0.54165551,1,1,0.989968061,1,1
0.756899066,0.429373165,0.550105804,0.52513961,0.541526563,0.97358191,1,0.936056614,1,1
0.74096579,0.392086579,0.504116346,0.46760344,0.503830855,0.916173577,1,1,0.999761462,1
0.67887097,0.319812186,0.424875087,0.384929871,0.432579925,0.504913807,1,1,1,1
0.570235264,0.221984813,0.322115372,0.28015749,0.332956098,0.483559906,0.999761462,1,0.97358191,1
0.416920384,0.12148518,0.198185993,0.154844094,0.21481898,0.404603273,1,1,0.916173577,1
0.221637744,0.037536667,0.076320581,0.046888747,0.099509431,0.559817672,0.97358191,1,0.504913807,0.999761462
0.057293657,0.001276633,0.011554049,0.002993463,0.023984818,0.43195039,0.916173577,1,0.483559906,1
3.41114E-05,0,0,0,5.33106E-06,0.801479816,0.504913807,1,0.404603273,0.97358191
0,0,0,0,0,0.83980149,0.483559906,0.999761462,0.559817672,0.916173577
0,0,0,0,0,0.880831182,0.404603273,1,0.43195039,0.504913807
0,0,0,0,0,0.87968725,0.559817672,0.97358191,0.801479816,0.483559906
0,0,0,0,0,0.983528793,0.43195039,0.916173577,0.83980149,0.404603273
0,0,0,0,0,0.861405969,0.801479816,0.504913807,0.880831182,0.559817672
0,0,0,0,0,0.666822255,0.83980149,0.483559906,0.87968725,0.43195039
0,0,0,0,0,0.637812197,0.880831182,0.404603273,0.983528793,0.801479816
0,0,0,0,0,0.925808966,0.87968725,0.559817672,0.861405969,0.83980149
0,0,0,6.97174E-07,0,0.981597066,0.983528793,0.43195039,0.666822255,0.880831182
0,0.018367976,0.008699189,0.013549298,0,0.962186873,0.861405969,0.801479816,0.637812197,0.87968725
0.028168545,0.073878282,0.057796778,0.070179459,0.019176917,0.838697433,0.666822255,0.83980149,0.925808966,0.983528793
0.160302325,0.162886631,0.158517318,0.1649287,0.097453136,0.858128905,0.637812197,0.880831182,0.981597066,0.861405969
0.362082816,0.264600588,0.276008548,0.24537725,0.226656626,0.714092791,0.925808966,0.87968725,0.962186873,0.666822255
0.530113946,0.345009389,0.359633278,0.303188768,0.344153534,0.506495476,0.981597066,0.983528793,0.838697433,0.637812197
0.648287274,0.395807962,0.406551005,0.349695235,0.423652467,0.643713951,0.962186873,0.861405969,0.858128905,0.925808966
0.725233531,0.421341656,0.431033394,0.369299561,0.467690279,0.802486479,0.838697433,0.666822255,0.714092791,0.981597066
0.756899066,0.413537762,0.426120426,0.356433124,0.470649699,0.414806664,0.858128905,0.637812197,0.506495476,0.962186873
0.74096579,0.372044019,0.392856392,0.315890947,0.436196213,0.449268788,0.714092791,0.925808966,0.643713951,0.838697433
0.67887097,0.301515608,0.327540149,0.25738533,0.37098972,0.433795214,0.506495476,0.981597066,0.802486479,0.858128905
0.570235264,0.211032957,0.243267778,0.181499574,0.283949661,0.723540962,0.643713951,0.962186873,0.414806664,0.714092791
0.416920384,0.114473305,0.149093864,0.094245247,0.181293397,0.847964466,0.802486479,0.838697433,0.449268788,0.506495476
0.221637744,0.03487298,0.060032846,0.026673526,0.082196902,0.431865871,0.414806664,0.858128905,0.433795214,0.643713951
0.057293657,0.001742103,0.010929424,0.001714032,0.019225853,0.263614535,0.449268788,0.714092791,0.723540962,0.802486479
3.41114E-05,0,0,0,4.95409E-06,0.383512288,0.433795214,0.506495476,0.847964466,0.414806664
0,0,0,0,0,0.467303038,0.723540962,0.643713951,0.431865871,0.449268788
0,0,0,0,0,0.669023633,0.847964466,0.802486479,0.263614535,0.433795214
0,0,0,0,0,0.578121424,0.431865871,0.414806664,0.383512288,0.723540962
0,0,0,0,0,0.668174863,0.263614535,0.449268788,0.467303038,0.847964466
0,0,0,0,0,0.84716779,0.383512288,0.433795214,0.669023633,0.431865871
0,0,0,0,0,0.639957428,0.467303038,0.723540962,0.578121424,0.263614535
0,0,0,0,0,0.382031947,0.669023633,0.847964466,0.668174863,0.383512288
0,0,0,0,0,0.377838641,0.578121424,0.431865871,0.84716779,0.467303038
0,0,0,0,0,0.241989717,0.668174863,0.263614535,0.639957428,0.669023633
0,0.021596612,0.001614276,0.009289247,0,0.140842691,0.84716779,0.383512288,0.382031947,0.578121424
0.028168545,0.096107401,0.054766203,0.072100959,0.0177531,0.17344895,0.639957428,0.467303038,0.377838641,0.668174863
0.160302325,0.208913968,0.182334557,0.190405276,0.099663088,0.254069537,0.382031947,0.669023633,0.241989717,0.84716779
0.362082816,0.322561179,0.32461304,0.277139654,0.239711236,0.348766774,0.377838641,0.578121424,0.140842691,0.639957428
0.530113946,0.412043789,0.422807408,0.331102721,0.360126451,0.318340123,0.241989717,0.668174863,0.17344895,0.382031947
0.648287274,0.468468826,0.475910669,0.378329198,0.435836919,0.412772506,0.140842691,0.84716779,0.254069537,0.377838641
0.725233531,0.49205162,0.504584821,0.400660292,0.478373291,0.438966453,0.17344895,0.639957428,0.348766774,0.241989717
0.756899066,0.484090573,0.497714406,0.392230459,0.484508526,0.478521466,0.254069537,0.382031947,0.318340123,0.140842691
0.74096579,0.436573502,0.453280358,0.350881023,0.449445168,0.204736024,0.348766774,0.377838641,0.412772506,0.17344895
0.67887097,0.351093142,0.376573745,0.284926348,0.378401934,0.121209301,0.318340123,0.241989717,0.438966453,0.254069537
0.570235264,0.241245504,0.274951864,0.199204372,0.285959871,0.262892365,0.412772506,0.140842691,0.478521466,0.348766774
0.416920384,0.123367517,0.158785041,0.107543947,0.176977658,0.302317798,0.438966453,0.17344895,0.204736024,0.318340123
0.221637744,0.033417793,0.053587996,0.031123546,0.074270379,0.392155528,0.478521466,0.254069537,0.121209301,0.412772506
0.057293657,0.000154151,0.004798177,0.000395911,0.014648873,0.485296309,0.204736024,0.348766774,0.262892365,0.438966453
3.41114E-05,0,0,0,0,0.56743139,0.121209301,0.318340123,0.302317798,0.478521466
0,0,0,0,0,0.493387401,0.262892365,0.412772506,0.392155528,0.204736024
0,0,0,0,0,0.537232339,0.302317798,0.438966453,0.485296309,0.121209301
0,0,0,0,0,0.715105534,0.392155528,0.478521466,0.56743139,0.262892365
0,0,0,0,0,0.877000749,0.485296309,0.204736024,0.493387401,0.302317798
0,0,0,0,0,0.858959556,0.56743139,0.121209301,0.537232339,0.392155528
0,0,0,0,0,0.616436839,0.493387401,0.262892365,0.715105534,0.485296309
0,0,0,0,0,0.389255017,0.537232339,0.302317798,0.877000749,0.56743139
0,0,0,0,0,0.38474685,0.715105534,0.392155528,0.858959556,0.493387401
0,0,0,0,0,0.668079793,0.877000749,0.485296309,0.616436839,0.537232339
0,0.018129165,9.97578E-06,0.010365576,0,0.445153713,0.858959556,0.56743139,0.389255017,0.715105534
0.028168545,0.098892003,0.065960248,0.10412263,0.024634202,0.568499982,0.616436839,0.493387401,0.38474685,0.877000749
0.160302325,0.224293789,0.221993233,0.278629414,0.1388315,0.738960683,0.389255017,0.537232339,0.668079793,0.858959556
0.362082816,0.335391152,0.379960332,0.407806705,0.316784795,0.373366296,0.38474685,0.715105534,0.445153713,0.616436839
0.530113946,0.404257016,0.473395401,0.480577685,0.455255007,0.478745103,0.668079793,0.877000749,0.568499982,0.389255017
0.648287274,0.44592744,0.519037537,0.525078266,0.539025892,0.828541756,0.445153713,0.858959556,0.738960683,0.38474685
0.725233531,0.46954489,0.53764809,0.530232129,0.580651139,0.843423724,0.568499982,0.616436839,0.373366296,0.668079793
0.756899066,0.458529972,0.520718864,0.502002626,0.575155643,0.512844622,0.738960683,0.389255017,0.478745103,0.445153713
0.74096579,0.405668318,0.467542763,0.437831578,0.526155639,0.055336319,0.373366296,0.38474685,0.828541756,0.568499982
0.67887097,0.308281378,0.379580114,0.351699874,0.438464912,0.03674832,0.478745103,0.668079793,0.843423724,0.738960683
0.570235264,0.191771429,0.266716478,0.239025677,0.328380989,0.053960145,0.828541756,0.445153713,0.512844622,0.373366296
0.416920384,0.078755196,0.138112833,0.10842361,0.197238204,0.029006636,0.843423724,0.568499982,0.055336319,0.478745103
0.221637744,0.012112534,0.036178216,0.022472359,0.070617725,0.052046131,0.512844622,0.738960683,0.03674832,0.828541756
0.057293657,0,0.000114229,7.08008E-07,0.00858835,0.100355022,0.055336319,0.373366296,0.053960145,0.843423724
3.41114E-05,0,0,0,0,0.41157797,0.03674832,0.478745103,0.029006636,0.512844622
0,0,0,0,0,0.602612317,0.053960145,0.828541756,0.052046131,0.055336319
0,0,0,0,0,0.720491469,0.029006636,0.843423724,0.100355022,0.03674832
0,0,0,0,0,0.723646641,0.052046131,0.512844622,0.41157797,0.053960145
0,0,0,0,0,0.813915133,0.100355022,0.055336319,0.602612317,0.029006636
0,0,0,0,0,0.716498435,0.41157797,0.03674832,0.720491469,0.052046131
0,0,0,0,0,0.545466542,0.602612317,0.053960145,0.723646641,0.100355022
0,0,0,0,0,0.412251562,0.720491469,0.029006636,0.813915133,0.41157797
0,0,0,0,0,0.044421218,0.723646641,0.052046131,0.716498435,0.602612317
0,0,0,0,0,0.140197337,0.813915133,0.100355022,0.545466542,0.720491469
0,0.005753611,0,0.008339044,0,0.201716378,0.716498435,0.41157797,0.412251562,0.723646641
0.028168545,0.112826529,0.077506826,0.125738749,0.02556177,0.365351975,0.545466542,0.602612317,0.044421218,0.813915133
0.160302325,0.29605062,0.25839701,0.342778783,0.156097684,0.348426342,0.412251562,0.720491469,0.140197337,0.716498435
0.362082816,0.43061533,0.432675956,0.516879638,0.353591363,0.279339582,0.044421218,0.723646641,0.201716378,0.545466542
0.530113946,0.499194474,0.533182454,0.62658799,0.499175391,0.335944027,0.140197337,0.813915133,0.365351975,0.412251562
0.648287274,0.533077332,0.582899802,0.682536924,0.586025609,0.282557875,0.201716378,0.716498435,0.348426342,0.044421218
0.725233531,0.549128151,0.605466964,0.686536735,0.629005684,0.315034628,0.365351975,0.545466542,0.279339582,0.140197337
0.756899066,0.52604716,0.588487885,0.647163858,0.620883644,0.501161098,0.348426342,0.412251562,0.335944027,0.201716378
0.74096579,0.463501501,0.526844348,0.565915282,0.566066032,0.575841904,0.279339582,0.044421218,0.282557875,0.365351975
0.67887097,0.357537248,0.425540756,0.442333116,0.477118589,0.597773373,0.335944027,0.140197337,0.315034628,0.348426342
0.570235264,0.213653945,0.283684551,0.276098901,0.355129183,0.795206368,0.282557875,0.201716378,0.501161098,0.279339582
0.416920384,0.067541782,0.112683202,0.097498627,0.203556536,0.925453305,0.315034628,0.365351975,0.575841904,0.335944027
0.221637744,0.000363079,0.012219102,0.005894177,0.062029891,0.862208605,0.501161098,0.348426342,0.597773373,0.282557875
0.057293657,0,0,0,0.000766355,0.884268165,0.575841904,0.279339582,0.795206368,0.315034628
3.41114E-05,0,0,0,0,0.824621797,0.597773373,0.335944027,0.925453305,0.501161098
0,0,0,0,0,0.864601195,0.795206368,0.282557875,0.862208605,0.575841904
0,0,0,0,0,0.747781813,0.925453305,0.315034628,0.884268165,0.597773373
0,0,0,0,0,0.897395968,0.862208605,0.501161098,0.824621797,0.795206368
0,0,0,0,0,0.891821504,0.884268165,0.575841904,0.864601195,0.925453305
0,0,0,0,0,0.875600398,0.824621797,0.597773373,0.747781813,0.862208605
0,0,0,0,0,0.454108536,0.864601195,0.795206368,0.897395968,0.884268165
0,0,0,0,0,0.389777452,0.747781813,0.925453305,0.891821504,0.824621797
0,0,0,0,0,0.118936777,0.897395968,0.862208605,0.875600398,0.864601195
0,0,0,0,0,0.102687314,0.891821504,0.884268165,0.454108536,0.747781813
0,0,0,0.001096135,0,0.135198578,0.875600398,0.824621797,0.389777452,0.897395968
0.028168545,0.109948012,0.051050887,0.107148217,0.008493476,0.255885392,0.454108536,0.864601195,0.118936777,0.891821504
0.160302325,0.328276278,0.221020596,0.329040347,0.147571789,0.090430029,0.389777452,0.747781813,0.102687314,0.875600398
0.362082816,0.500389856,0.4235184,0.517244325,0.380535076,0.178597078,0.118936777,0.897395968,0.135198578,0.454108536
0.530113946,0.582692407,0.553563866,0.630445419,0.530433368,0.431952953,0.102687314,0.891821504,0.255885392,0.389777452
0.648287274,0.619939029,0.625051986,0.687481075,0.610164795,0.515062034,0.135198578,0.875600398,0.090430029,0.118936777
0.725233531,0.636590034,0.650565976,0.695377762,0.649094112,0.815573871,0.255885392,0.454108536,0.178597078,0.102687314
0.756899066,0.608664542,0.631141084,0.661083169,0.640143269,0.634752035,0.090430029,0.389777452,0.431952953,0.135198578
0.74096579,0.533595096,0.566111088,0.581190504,0.589878402,0.619311154,0.178597078,0.118936777,0.515062034,0.255885392
0.67887097,0.406246521,0.444986446,0.450220806,0.502673365,0.982150972,0.431952953,0.102687314,0.815573871,0.090430029
0.570235264,0.214778245,0.268523736,0.265459406,0.376077865,0.757338047,0.515062034,0.135198578,0.634752035,0.178597078
0.416920384,0.0507441,0.084389002,0.079720202,0.21685208,0.913762093,0.815573871,0.255885392,0.619311154,0.431952953
0.221637744,0,0.000352542,0.000288221,0.065806525,0.932408333,0.634752035,0.090430029,0.982150972,0.515062034
0.057293657,0,0,0,0,0.925074697,0.619311154,0.178597078,0.757338047,0.815573871
3.41114E-05,0,0,0,0,0.990617156,0.982150972,0.431952953,0.913762093,0.634752035
0,0,0,0,0,0.95990628,0.757338047,0.515062034,0.932408333,0.619311154
0,0,0,0,0,0.661817312,0.913762093,0.815573871,0.925074697,0.982150972
0,0,0,0,0,0.835044742,0.932408333,0.634752035,0.990617156,0.757338047
0,0,0,0,0,0.827758014,0.925074697,0.619311154,0.95990628,0.913762093
0,0,0,0,0,0.459986866,0.990617156,0.982150972,0.661817312,0.932408333
0,0,0,0,0,0.043116283,0.95990628,0.757338047,0.835044742,0.925074697
0,0,0,0,0,0.119353324,0.661817312,0.913762093,0.827758014,0.990617156
0,0,0,0,0,0.186982363,0.835044742,0.932408333,0.459986866,0.95990628
0,0,0,0,0,0.162299648,0.827758014,0.925074697,0.043116283,0.661817312
0,0,0,0,0,0.047973432,0.459986866,0.990617156,0.119353324,0.835044742
0.028168545,0.064766638,0.004242237,0.055830753,0.00006223,0.171127975,0.043116283,0.95990628,0.186982363,0.827758014
0.160302325,0.255268649,0.135981336,0.244582415,0.108882234,0.371867865,0.119353324,0.661817312,0.162299648,0.459986866
0.362082816,0.453660127,0.354738922,0.450991233,0.329000576,0.646259665,0.186982363,0.835044742,0.047973432,0.043116283
0.530113946,0.542779921,0.46872776,0.572971741,0.488560151,0.82888782,0.162299648,0.827758014,0.171127975,0.119353324
0.648287274,0.584379829,0.526999394,0.641610296,0.575258615,0.780436099,0.047973432,0.459986866,0.371867865,0.186982363
0.725233531,0.610835519,0.57363402,0.660908146,0.625140117,0.894966424,0.171127975,0.043116283,0.646259665,0.162299648
0.756899066,0.591498424,0.575769929,0.637427114,0.627792799,0.745465159,0.371867865,0.119353324,0.82888782,0.047973432
0.74096579,0.522767137,0.528135535,0.566945239,0.588121505,0.499277651,0.646259665,0.186982363,0.780436099,0.171127975
0.67887097,0.398029936,0.418195272,0.445826035,0.507992297,0.177560896,0.82888782,0.162299648,0.894966424,0.371867865
0.570235264,0.214457839,0.262842486,0.27544807,0.38945216,0.125584617,0.780436099,0.047973432,0.745465159,0.646259665
0.416920384,0.053774111,0.090474622,0.091087146,0.242685424,0.371880233,0.894966424,0.171127975,0.499277651,0.82888782
0.221637744,0,0.001099239,0.001916967,0.082892423,0.248758137,0.745465159,0.371867865,0.177560896,0.780436099
0.057293657,0,0,0,0.000256649,0.357238054,0.499277651,0.646259665,0.125584617,0.894966424
3.41114E-05,0,0,0,0,0.670275927,0.177560896,0.82888782,0.371880233,0.745465159
0,0,0,0,0,0.791637063,0.125584617,0.780436099,0.248758137,0.499277651
0,0,0,0,0,0.850343347,0.371880233,0.894966424,0.357238054,0.177560896
0,0,0,0,0,0.830768526,0.248758137,0.745465159,0.670275927,0.125584617
0,0,0,0,0,0.83575666,0.357238054,0.499277651,0.791637063,0.371880233
0,0,0,0,0,0.720085979,0.670275927,0.177560896,0.850343347,0.248758137
0,0,0,0,0,0.254879028,0.791637063,0.125584617,0.830768526,0.357238054
0,0,0,0,0,0.188441843,0.850343347,0.371880233,0.83575666,0.670275927
0,0,0,0,0,0.006096345,0.830768526,0.248758137,0.720085979,0.791637063
0,0,0,0,0,0.002578969,0.83575666,0.357238054,0.254879028,0.850343347
0,0,0,0,0,0.028644908,0.720085979,0.670275927,0.188441843,0.830768526
0.028168545,0.0412833,3.87821E-07,0.036124838,0,0.275457084,0.254879028,0.791637063,0.006096345,0.83575666
0.160302325,0.21719522,0.123562505,0.227561325,0.099302754,0.502558708,0.188441843,0.850343347,0.002578969,0.720085979
0.362082816,0.437239152,0.350346208,0.474633847,0.322716078,0.360116273,0.006096345,0.830768526,0.028644908,0.254879028
0.530113946,0.555174385,0.470659642,0.621990347,0.515044317,0.600508273,0.002578969,0.83575666,0.275457084,0.188441843
0.648287274,0.618641955,0.530772992,0.703798963,0.630605142,0.835470736,0.028644908,0.720085979,0.502558708,0.006096345
0.725233531,0.654165025,0.593863891,0.73605817,0.697638048,0.994439244,0.275457084,0.254879028,0.360116273,0.002578969
0.756899066,0.644009549,0.61795828,0.727632665,0.716580655,0.899679601,0.502558708,0.188441843,0.600508273,0.028644908
0.74096579,0.584443909,0.591373309,0.67469884,0.694481821,0.816437781,0.360116273,0.006096345,0.835470736,0.275457084
0.67887097,0.461943299,0.497196321,0.57147126,0.629024793,0.434419274,0.600508273,0.002578969,0.994439244,0.502558708
0.570235264,0.279176191,0.34426557,0.40257636,0.517746087,0.432913303,0.835470736,0.028644908,0.899679601,0.360116273
0.416920384,0.087129579,0.143554844,0.167484634,0.350324394,0.796223938,0.994439244,0.275457084,0.816437781,0.600508273
0.221637744,9.21049E-05,0.016104115,0.018261165,0.13445333,0.666432261,0.899679601,0.502558708,0.434419274,0.835470736
0.057293657,0,0,0,0.009415295,0.816844404,0.816437781,0.360116273,0.432913303,0.994439244
3.41114E-05,0,0,0,0,0.847556829,0.434419274,0.600508273,0.796223938,0.899679601
0,0,0,0,0,0.893950105,0.432913303,0.835470736,0.666432261,0.816437781
0,0,0,0,0,0.899584472,0.796223938,0.994439244,0.816844404,0.434419274
0,0,0,0,0,0.877247691,0.666432261,0.899679601,0.847556829,0.432913303
0,0,0,0,0,0.952719688,0.816844404,0.816437781,0.893950105,0.796223938
0,0,0,0,0,0.960523844,0.847556829,0.434419274,0.899584472,0.666432261
0,0,0,0,0,0.975111306,0.893950105,0.432913303,0.877247691,0.816844404
0,0,0,0,0,0.999808609,0.899584472,0.796223938,0.952719688,0.847556829
0,0,0,0,0,1,0.877247691,0.666432261,0.960523844,0.893950105
0,0,0,0,0,1,0.952719688,0.816844404,0.975111306,0.899584472
0,0,0,0,0,0.996867299,0.960523844,0.847556829,0.999808609,0.877247691
0.028168545,0.06350896,0.008823963,0.059198695,8.97956E-06,0.957846105,0.975111306,0.893950105,1,0.952719688
0.160302325,0.226344513,0.148806513,0.260889475,0.107371269,0.907826662,0.999808609,0.899584472,1,0.960523844
0.362082816,0.399621076,0.382050465,0.494000346,0.345519128,0.918199122,1,0.877247691,0.996867299,0.975111306
0.530113946,0.506024334,0.537776593,0.640014732,0.549781914,0.951994717,1,0.952719688,0.957846105,0.999808609
0.648287274,0.564421175,0.630873886,0.724162328,0.672936237,0.716081262,0.996867299,0.960523844,0.907826662,1
0.725233531,0.593604255,0.68064409,0.760361472,0.747078476,0.918618083,0.957846105,0.975111306,0.918199122,1
0.756899066,0.587792531,0.687478942,0.753486574,0.773695645,0.844124913,0.907826662,0.999808609,0.951994717,0.996867299
0.74096579,0.535570515,0.650252901,0.702994787,0.755049595,0.91932255,0.918199122,1,0.716081262,0.957846105
0.67887097,0.420190117,0.557936247,0.607318086,0.691801778,0.71794802,0.951994717,1,0.918618083,0.907826662
0.570235264,0.261012072,0.410027556,0.450924309,0.585818496,1,0.716081262,0.996867299,0.844124913,0.918199122
0.416920384,0.091215323,0.208916103,0.221824347,0.423246743,1,0.918618083,0.957846105,0.91932255,0.951994717
0.221637744,0.004193493,0.048571953,0.044805602,0.193411402,0.999719322,0.844124913,0.907826662,0.71794802,0.716081262
0.057293657,0,0,0,0.03130264,1,0.91932255,0.918199122,1,0.918618083
3.41114E-05,0,0,0,0,1,0.71794802,0.951994717,1,0.844124913
0,0,0,0,0,0.999401927,1,0.716081262,0.999719322,0.91932255
0,0,0,0,0,0.840446055,1,0.918618083,1,0.71794802
0,0,0,0,0,0.740907311,0.999719322,0.844124913,1,1
0,0,0,0,0,0.83974272,1,0.91932255,0.999401927,1
0,0,0,0,0,0.582625568,1,0.71794802,0.840446055,0.999719322
0,0,0,0,0,0.629124284,0.999401927,1,0.740907311,1
0,0,0,0,0,0.49090004,0.840446055,1,0.83974272,1
0,0,0,0,0,0.392080009,0.740907311,0.999719322,0.582625568,0.999401927
0,0,0,0,0,0.118508637,0.83974272,1,0.629124284,0.840446055
0,0.002818922,0,0.003188397,0,0.092816167,0.582625568,1,0.49090004,0.740907311
0.028168545,0.097517573,0.064778894,0.109267752,0.006130837,0.010389035,0.629124284,0.999401927,0.392080009,0.83974272
0.160302325,0.274908586,0.24802122,0.338044572,0.140814396,0.004800459,0.49090004,0.840446055,0.118508637,0.582625568
0.362082816,0.421797906,0.453188661,0.544852225,0.385471322,0.021742992,0.392080009,0.740907311,0.092816167,0.629124284
0.530113946,0.509333356,0.591517346,0.678220947,0.569509923,0.033645563,0.118508637,0.83974272,0.010389035,0.49090004
0.648287274,0.559454539,0.678417539,0.757915152,0.684429851,0.091753595,0.092816167,0.582625568,0.004800459,0.392080009
0.725233531,0.584622242,0.722725413,0.791492929,0.751421627,0.073397309,0.010389035,0.629124284,0.021742992,0.118508637
0.756899066,0.574000643,0.726041432,0.782322524,0.768361416,0.177771747,0.004800459,0.49090004,0.033645563,0.092816167
0.74096579,0.51615533,0.68809343,0.728302747,0.738304208,0.125503883,0.021742992,0.392080009,0.091753595,0.010389035
0.67887097,0.407322889,0.597813196,0.62888002,0.665766586,0.225670695,0.033645563,0.118508637,0.073397309,0.004800459
0.570235264,0.260508761,0.456730347,0.473381589,0.553962919,0.218891159,0.091753595,0.092816167,0.177771747,0.021742992
0.416920384,0.102553694,0.26401039,0.250336495,0.390631997,0.241132259,0.073397309,0.010389035,0.125503883,0.033645563
0.221637744,0.014300045,0.077175757,0.060944371,0.177615609,0.264220625,0.177771747,0.004800459,0.225670695,0.091753595
0.057293657,0,1.34011E-05,1.38311E-06,0.030836673,0.19123134,0.125503883,0.021742992,0.218891159,0.073397309
3.41114E-05,0,0,0,0,0.444902152,0.225670695,0.033645563,0.241132259,0.177771747
0,0,0,0,0,0.460135907,0.218891159,0.091753595,0.264220625,0.125503883
0,0,0,0,0,0.514190614,0.241132259,0.073397309,0.19123134,0.225670695
0,0,0,0,0,0.344889462,0.264220625,0.177771747,0.444902152,0.218891159
0,0,0,0,0,0.221222699,0.19123134,0.125503883,0.460135907,0.241132259
0,0,0,0,0,0.323626906,0.444902152,0.225670695,0.514190614,0.264220625
0,0,0,0,0,0.296585143,0.460135907,0.218891159,0.344889462,0.19123134
0,0,0,0,0,0.300489902,0.514190614,0.241132259,0.221222699,0.444902152
0,0,0,0,0,0.009009168,0.344889462,0.264220625,0.323626906,0.460135907
0,0,0,0,0,0.005413182,0.221222699,0.19123134,0.296585143,0.514190614
0,0.037532443,0.003868023,0.025073524,0,0.032803237,0.323626906,0.444902152,0.300489902,0.344889462
0.028168545,0.140088176,0.101290592,0.167213774,0.041892604,0.059648238,0.296585143,0.460135907,0.009009168,0.221222699
0.160302325,0.26583767,0.294546236,0.390428629,0.197856604,0.048079468,0.300489902,0.514190614,0.005413182,0.323626906
0.362082816,0.377160786,0.469067997,0.568145263,0.408958317,0.097284406,0.009009168,0.344889462,0.032803237,0.296585143
0.530113946,0.447654768,0.578649811,0.68711925,0.567525801,0.132096112,0.005413182,0.221222699,0.059648238,0.300489902
0.648287274,0.48532939,0.644331343,0.758916818,0.67165112,0.21807085,0.032803237,0.323626906,0.048079468,0.009009168
0.725233531,0.506184212,0.685036796,0.783747726,0.73352516,0.262657136,0.059648238,0.296585143,0.097284406,0.005413182
0.756899066,0.498039613,0.683616935,0.762441927,0.745181335,0.444852829,0.048079468,0.300489902,0.132096112,0.032803237
0.74096579,0.446905322,0.634604094,0.698253468,0.702036772,0.393538952,0.097284406,0.009009168,0.21807085,0.059648238
0.67887097,0.35310421,0.539979251,0.596198017,0.612361932,0.307857603,0.132096112,0.005413182,0.262657136,0.048079468
0.570235264,0.230271213,0.40483065,0.450350691,0.487108263,0.898757994,0.21807085,0.032803237,0.444852829,0.097284406
0.416920384,0.103127727,0.236368341,0.250833166,0.326528888,0.783025742,0.262657136,0.059648238,0.393538952,0.132096112
0.221637744,0.022464273,0.074067777,0.068891904,0.143563538,0.695123971,0.444852829,0.048079468,0.307857603,0.21807085
0.057293657,0,0.000948928,0.000116228,0.025041943,0.727230906,0.393538952,0.097284406,0.898757994,0.262657136
3.41114E-05,0,0,0,0,0.906098187,0.307857603,0.132096112,0.783025742,0.444852829
0,0,0,0,0,0.964462399,0.898757994,0.21807085,0.695123971,0.393538952
0,0,0,0,0,0.972168505,0.783025742,0.262657136,0.727230906,0.307857603
0,0,0,0,0,0.986720443,0.695123971,0.444852829,0.906098187,0.898757994
0,0,0,0,0,0.910772681,0.727230906,0.393538952,0.964462399,0.783025742
0,0,0,0,0,0.839319825,0.906098187,0.307857603,0.972168505,0.695123971
0,0,0,0,0,0.381622046,0.964462399,0.898757994,0.986720443,0.727230906
0,0,0,0,0,0.143958166,0.972168505,0.783025742,0.910772681,0.906098187
0,0,0,0,0,0.000218557,0.986720443,0.695123971,0.839319825,0.964462399
0,1.48304E-05,0,4.61733E-05,0,0.000510002,0.910772681,0.727230906,0.381622046,0.972168505
0,0.041901765,0.031332117,0.051132897,0,0.083214864,0.839319825,0.906098187,0.143958166,0.986720443
0.028168545,0.137421175,0.139127236,0.201223075,0.047171215,0.379179806,0.381622046,0.964462399,0.000218557,0.910772681
0.160302325,0.242002969,0.297028066,0.390759057,0.187775675,0.844168305,0.143958166,0.972168505,0.000510002,0.839319825
0.362082816,0.338567293,0.445079902,0.542294478,0.367188644,0.888040662,0.000218557,0.986720443,0.083214864,0.381622046
0.530113946,0.401563541,0.543373462,0.648332113,0.510468614,0.916626334,0.000510002,0.910772681,0.379179806,0.143958166
0.648287274,0.436941314,0.603885151,0.716780582,0.608344035,0.972031176,0.083214864,0.839319825,0.844168305,0.000218557
0.725233531,0.462796942,0.640312384,0.738765045,0.666862404,0.999287188,0.379179806,0.381622046,0.888040662,0.000510002
0.756899066,0.459183438,0.637826805,0.712781336,0.676640003,0.94767946,0.844168305,0.143958166,0.916626334,0.083214864
0.74096579,0.413408086,0.591346389,0.645864238,0.63468312,0.873701751,0.888040662,0.000218557,0.972031176,0.379179806
0.67887097,0.329442766,0.502125418,0.546613672,0.547155048,0.705336988,0.916626334,0.000510002,0.999287188,0.844168305
0.570235264,0.222679736,0.380468501,0.412264722,0.426888148,0.639790893,0.972031176,0.083214864,0.94767946,0.888040662
0.416920384,0.114757868,0.228503579,0.237827855,0.281131836,0.219112173,0.999287188,0.379179806,0.873701751,0.916626334
0.221637744,0.032010288,0.078080236,0.072066607,0.125623376,0.361968666,0.94767946,0.844168305,0.705336988,0.972031176
0.057293657,0.000034643,0.005393065,0.001617507,0.024670557,0.236685067,0.873701751,0.888040662,0.639790893,0.999287188
3.41114E-05,0,0,0,0,0.259338766,0.705336988,0.916626334,0.219112173,0.94767946
0,0,0,0,0,0.281132579,0.639790893,0.972031176,0.361968666,0.873701751
0,0,0,0,0,0.204233021,0.219112173,0.999287188,0.236685067,0.705336988
0,0,0,0,0,0.215455055,0.361968666,0.94767946,0.259338766,0.639790893
0,0,0,0,0,0.175008059,0.236685067,0.873701751,0.281132579,0.219112173
0,0,0,0,0,0.152520984,0.259338766,0.705336988,0.204233021,0.361968666
0,0,0,0,0,0.071609408,0.281132579,0.639790893,0.215455055,0.236685067
0,0,0,0,0,0.033815674,0.204233021,0.219112173,0.175008059,0.259338766
0,0,0,0,0,0.197519287,0.215455055,0.361968666,0.152520984,0.281132579
0,7.14015E-05,0,9.70967E-05,0,0.077234678,0.175008059,0.236685067,0.071609408,0.204233021
0,0.031869727,0.025743095,0.036548051,0,0.108085491,0.152520984,0.259338766,0.033815674,0.215455055
0.028168545,0.10870986,0.110508646,0.143809314,0.02963198,0.320897609,0.071609408,0.281132579,0.197519287,0.175008059
0.160302325,0.206185735,0.245873715,0.289325059,0.135438419,0.37067911,0.033815674,0.204233021,0.077234678,0.152520984
0.362082816,0.305360592,0.384765591,0.404995217,0.287872523,0.703896582,0.197519287,0.215455055,0.108085491,0.071609408
0.530113946,0.37405333,0.478454849,0.485059818,0.413572375,0.913187981,0.077234678,0.175008059,0.320897609,0.033815674
0.648287274,0.412433023,0.533131936,0.540685957,0.496553231,0.977256835,0.108085491,0.152520984,0.37067911,0.197519287
0.725233531,0.434805188,0.560503147,0.551912019,0.54165551,1,0.320897609,0.071609408,0.703896582,0.077234678
0.756899066,0.429373165,0.550105804,0.52513961,0.541526563,0.998269737,0.37067911,0.033815674,0.913187981,0.108085491
0.74096579,0.392086579,0.504116346,0.46760344,0.503830855,0.931133628,0.703896582,0.197519287,0.977256835,0.320897609
0.67887097,0.319812186,0.424875087,0.384929871,0.432579925,0.294844568,0.913187981,0.077234678,1,0.37067911
0.570235264,0.221984813,0.322115372,0.28015749,0.332956098,0.17384097,0.977256835,0.108085491,0.998269737,0.703896582
0.416920384,0.12148518,0.198185993,0.154844094,0.21481898,0.047792602,1,0.320897609,0.931133628,0.913187981
0.221637744,0.037536667,0.076320581,0.046888747,0.099509431,0.046951711,0.998269737,0.37067911,0.294844568,0.977256835
0.057293657,0.001276633,0.011554049,0.002993463,0.023984818,0.139940053,0.931133628,0.703896582,0.17384097,1
3.41114E-05,0,0,0,5.33106E-06,0.201329976,0.294844568,0.913187981,0.047792602,0.998269737
0,0,0,0,0,0.258197904,0.17384097,0.977256835,0.046951711,0.931133628
0,0,0,0,0,0.767325222,0.047792602,1,0.139940053,0.294844568
0,0,0,0,0,0.787576795,0.046951711,0.998269737,0.201329976,0.17384097
0,0,0,0,0,0.903940916,0.139940053,0.931133628,0.258197904,0.047792602
0,0,0,0,0,0.87623167,0.201329976,0.294844568,0.767325222,0.046951711
0,0,0,0,0,0.375950485,0.258197904,0.17384097,0.787576795,0.139940053
0,0,0,0,0,0.244787961,0.767325222,0.047792602,0.903940916,0.201329976
0,0,0,0,0,0.391121477,0.787576795,0.046951711,0.87623167,0.258197904
0,0,0,6.97174E-07,0,0.496698052,0.903940916,0.139940053,0.375950485,0.767325222
0,0.018367976,0.008699189,0.013549298,0,0.424061835,0.87623167,0.201329976,0.244787961,0.787576795
0.028168545,0.073878282,0.057796778,0.070179459,0.019176917,0.323638082,0.375950485,0.258197904,0.391121477,0.903940916
0.160302325,0.162886631,0.158517318,0.1649287,0.097453136,0.296225339,0.244787961,0.767325222,0.496698052,0.87623167
0.362082816,0.264600588,0.276008548,0.24537725,0.226656626,0.441782176,0.391121477,0.787576795,0.424061835,0.375950485
0.530113946,0.345009389,0.359633278,0.303188768,0.344153534,0.550766826,0.496698052,0.903940916,0.323638082,0.244787961
0.648287274,0.395807962,0.406551005,0.349695235,0.423652467,0.621668816,0.424061835,0.87623167,0.296225339,0.391121477
0.725233531,0.421341656,0.431033394,0.369299561,0.467690279,0.686948419,0.323638082,0.375950485,0.441782176,0.496698052
0.756899066,0.413537762,0.426120426,0.356433124,0.470649699,0.932779849,0.296225339,0.244787961,0.550766826,0.424061835
0.74096579,0.372044019,0.392856392,0.315890947,0.436196213,0.999638379,0.441782176,0.391121477,0.621668816,0.323638082
0.67887097,0.301515608,0.327540149,0.25738533,0.37098972,0.985018253,0.550766826,0.496698052,0.686948419,0.296225339
0.570235264,0.211032957,0.243267778,0.181499574,0.283949661,0.999047577,0.621668816,0.424061835,0.932779849,0.441782176
0.416920384,0.114473305,0.149093864,0.094245247,0.181293397,1,0.686948419,0.323638082,0.999638379,0.550766826
0.221637744,0.03487298,0.060032846,0.026673526,0.082196902,1,0.932779849,0.296225339,0.985018253,0.621668816
0.057293657,0.001742103,0.010929424,0.001714032,0.019225853,1,0.999638379,0.441782176,0.999047577,0.686948419
3.41114E-05,0,0,0,4.95409E-06,1,0.985018253,0.550766826,1,0.932779849
0,0,0,0,0,1,0.999047577,0.621668816,1,0.999638379
0,0,0,0,0,1,1,0.686948419,1,0.985018253
0,0,0,0,0,1,1,0.932779849,1,0.999047577
0,0,0,0,0,0.993162215,1,0.999638379,1,1
0,0,0,0,0,0.98094672,1,0.985018253,1,1
0,0,0,0,0,0.952337444,1,0.999047577,1,1
0,0,0,0,0,0.877646685,1,1,0.993162215,1
0,0,0,0,0,0.917681456,1,1,0.98094672,1
0,0,0,0,0,0.854564667,0.993162215,1,0.952337444,1
0,0.021596612,0.001614276,0.009289247,0,0.640910566,0.98094672,1,0.877646685,1
0.028168545,0.096107401,0.054766203,0.072100959,0.0177531,0.648748994,0.952337444,1,0.917681456,0.993162215
0.160302325,0.208913968,0.182334557,0.190405276,0.099663088,0.517342627,0.877646685,1,0.854564667,0.98094672
0.362082816,0.322561179,0.32461304,0.277139654,0.239711236,0.75304997,0.917681456,1,0.640910566,0.952337444
0.530113946,0.412043789,0.422807408,0.331102721,0.360126451,0.937116444,0.854564667,0.993162215,0.648748994,0.877646685
0.648287274,0.468468826,0.475910669,0.378329198,0.435836919,0.972286224,0.640910566,0.98094672,0.517342627,0.917681456
0.725233531,0.49205162,0.504584821,0.400660292,0.478373291,1,0.648748994,0.952337444,0.75304997,0.854564667
0.756899066,0.484090573,0.497714406,0.392230459,0.484508526,0.559285879,0.517342627,0.877646685,0.937116444,0.640910566
0.74096579,0.436573502,0.453280358,0.350881023,0.449445168,0.705785155,0.75304997,0.917681456,0.972286224,0.648748994
0.67887097,0.351093142,0.376573745,0.284926348,0.378401934,0.477521032,0.937116444,0.854564667,1,0.517342627
0.570235264,0.241245504,0.274951864,0.199204372,0.285959871,0.783579946,0.972286224,0.640910566,0.559285879,0.75304997
0.416920384,0.123367517,0.158785041,0.107543947,0.176977658,0.753980935,1,0.648748994,0.705785155,0.937116444
0.221637744,0.033417793,0.053587996,0.031123546,0.074270379,0.914723337,0.559285879,0.517342627,0.477521032,0.972286224
0.057293657,0.000154151,0.004798177,0.000395911,0.014648873,0.903074682,0.705785155,0.75304997,0.783579946,1
3.41114E-05,0,0,0,0,0.89521426,0.477521032,0.937116444,0.753980935,0.559285879
0,0,0,0,0,0.906263471,0.783579946,0.972286224,0.914723337,0.705785155
0,0,0,0,0,0.830947042,0.753980935,1,0.903074682,0.477521032
0,0,0,0,0,0.688806951,0.914723337,0.559285879,0.89521426,0.783579946
0,0,0,0,0,0.873750508,0.903074682,0.705785155,0.906263471,0.753980935
0,0,0,0,0,0.708367765,0.89521426,0.477521032,0.830947042,0.914723337
0,0,0,0,0,0.427050799,0.906263471,0.783579946,0.688806951,0.903074682
0,0,0,0,0,0.738505423,0.830947042,0.753980935,0.873750508,0.89521426
0,0,0,0,0,0.906119883,0.688806951,0.914723337,0.708367765,0.906263471
0,0,0,0,0,0.901215196,0.873750508,0.903074682,0.427050799,0.830947042
0,0.018129165,9.97578E-06,0.010365576,0,0.81003499,0.708367765,0.89521426,0.738505423,0.688806951
0.028168545,0.098892003,0.065960248,0.10412263,0.024634202,0.813559234,0.427050799,0.906263471,0.906119883,0.873750508
0.160302325,0.224293789,0.221993233,0.278629414,0.1388315,0.902390301,0.738505423,0.830947042,0.901215196,0.708367765
0.362082816,0.335391152,0.379960332,0.407806705,0.316784795,0.808963418,0.906119883,0.688806951,0.81003499,0.427050799
0.530113946,0.404257016,0.473395401,0.480577685,0.455255007,0.494023442,0.901215196,0.873750508,0.813559234,0.738505423
0.648287274,0.44592744,0.519037537,0.525078266,0.539025892,0.388377905,0.81003499,0.708367765,0.902390301,0.906119883
0.725233531,0.46954489,0.53764809,0.530232129,0.580651139,0.175890371,0.813559234,0.427050799,0.808963418,0.901215196
0.756899066,0.458529972,0.520718864,0.502002626,0.575155643,0.208492547,0.902390301,0.738505423,0.494023442,0.81003499
0.74096579,0.405668318,0.467542763,0.437831578,0.526155639,0.738512874,0.808963418,0.906119883,0.388377905,0.813559234
0.67887097,0.308281378,0.379580114,0.351699874,0.438464912,0.092029631,0.494023442,0.901215196,0.175890371,0.902390301
0.570235264,0.191771429,0.266716478,0.239025677,0.328380989,0.442285091,0.388377905,0.81003499,0.208492547,0.808963418
0.416920384,0.078755196,0.138112833,0.10842361,0.197238204,0.591250539,0.175890371,0.813559234,0.738512874,0.494023442
0.221637744,0.012112534,0.036178216,0.022472359,0.070617725,0.398042053,0.208492547,0.902390301,0.092029631,0.388377905
0.057293657,0,0.000114229,7.08008E-07,0.00858835,0.515133202,0.738512874,0.808963418,0.442285091,0.175890371
3.41114E-05,0,0,0,0,0.00138881,0.092029631,0.494023442,0.591250539,0.208492547
0,0,0,0,0,0.342214018,0.442285091,0.388377905,0.398042053,0.738512874
0,0,0,0,0,0.042128015,0.591250539,0.175890371,0.515133202,0.092029631
0,0,0,0,0,0.779057145,0.398042053,0.208492547,0.00138881,0.442285091
0,0,0,0,0,0.673693538,0.515133202,0.738512874,0.342214018,0.591250539
0,0,0,0,0,0.010940572,0.00138881,0.092029631,0.042128015,0.398042053
0,0,0,0,0,0.240113929,0.342214018,0.442285091,0.779057145,0.515133202
0,0,0,0,0,0.000622577,0.042128015,0.591250539,0.673693538,0.00138881
0,0,0,0,0,0.000714916,0.779057145,0.398042053,0.010940572,0.342214018
0,0,0,0,0,0.270867258,0.673693538,0.515133202,0.240113929,0.042128015
0,0.005753611,0,0.008339044,0,0.608322859,0.010940572,0.00138881,0.000622577,0.779057145
0.028168545,0.112826529,0.077506826,0.125738749,0.02556177,0.787960768,0.240113929,0.342214018,0.000714916,0.673693538
0.160302325,0.29605062,0.25839701,0.342778783,0.156097684,0.819174051,0.000622577,0.042128015,0.270867258,0.010940572
0.362082816,0.43061533,0.432675956,0.516879638,0.353591363,0.750757039,0.000714916,0.779057145,0.608322859,0.240113929
0.530113946,0.499194474,0.533182454,0.62658799,0.499175391,0.631903112,0.270867258,0.673693538,0.787960768,0.000622577
0.648287274,0.533077332,0.582899802,0.682536924,0.586025609,0.569544792,0.608322859,0.010940572,0.819174051,0.000714916
0.725233531,0.549128151,0.605466964,0.686536735,0.629005684,0.390066892,0.787960768,0.240113929,0.750757039,0.270867258
0.756899066,0.52604716,0.588487885,0.647163858,0.620883644,0.600500703,0.819174051,0.000622577,0.631903112,0.608322859
0.74096579,0.463501501,0.526844348,0.565915282,0.566066032,0.10643135,0.750757039,0.000714916,0.569544792,0.787960768
0.67887097,0.357537248,0.425540756,0.442333116,0.477118589,0.018097293,0.631903112,0.270867258,0.390066892,0.819174051
0.570235264,0.213653945,0.283684551,0.276098901,0.355129183,0.133739099,0.569544792,0.608322859,0.600500703,0.750757039
0.416920384,0.067541782,0.112683202,0.097498627,0.203556536,0.189501777,0.390066892,0.787960768,0.10643135,0.631903112
0.221637744,0.000363079,0.012219102,0.005894177,0.062029891,0.482799739,0.600500703,0.819174051,0.018097293,0.569544792
0.057293657,0,0,0,0.000766355,0.589737058,0.10643135,0.750757039,0.133739099,0.390066892
3.41114E-05,0,0,0,0,0.3718701,0.018097293,0.631903112,0.189501777,0.600500703
0,0,0,0,0,0.312747627,0.133739099,0.569544792,0.482799739,0.10643135
0,0,0,0,0,0.206773847,0.189501777,0.390066892,0.589737058,0.018097293
0,0,0,0,0,0.111707672,0.482799739,0.600500703,0.3718701,0.133739099
0,0,0,0,0,0.002263496,0.589737058,0.10643135,0.312747627,0.189501777
0,0,0,0,0,0.00603312,0.3718701,0.018097293,0.206773847,0.482799739
0,0,0,0,0,0.000481104,0.312747627,0.133739099,0.111707672,0.589737058
0,0,0,0,0,0.048649795,0.206773847,0.189501777,0.002263496,0.3718701
0,0,0,0,0,1.08E-05,0.111707672,0.482799739,0.00603312,0.312747627
0,0,0,0,0,0.004203369,0.002263496,0.589737058,0.000481104,0.206773847
0,0,0,0.001096135,0,0.077972278,0.00603312,0.3718701,0.048649795,0.111707672
0.028168545,0.109948012,0.051050887,0.107148217,0.008493476,0.378578484,0.000481104,0.312747627,1.08E-05,0.002263496
0.160302325,0.328276278,0.221020596,0.329040347,0.147571789,0.616874814,0.048649795,0.206773847,0.004203369,0.00603312
0.362082816,0.500389856,0.4235184,0.517244325,0.380535076,0.594856858,1.08E-05,0.111707672,0.077972278,0.000481104
0.530113946,0.582692407,0.553563866,0.630445419,0.530433368,0.588433743,0.004203369,0.002263496,0.378578484,0.048649795
0.648287274,0.619939029,0.625051986,0.687481075,0.610164795,0.430401534,0.077972278,0.00603312,0.616874814,1.08E-05
0.725233531,0.636590034,0.650565976,0.695377762,0.649094112,0.870926797,0.378578484,0.000481104,0.594856858,0.004203369
0.756899066,0.608664542,0.631141084,0.661083169,0.640143269,0.975161433,0.616874814,0.048649795,0.588433743,0.077972278
0.74096579,0.533595096,0.566111088,0.581190504,0.589878402,0.447313875,0.594856858,1.08E-05,0.430401534,0.378578484
0.67887097,0.406246521,0.444986446,0.450220806,0.502673365,0.154002219,0.588433743,0.004203369,0.870926797,0.616874814
0.570235264,0.214778245,0.268523736,0.265459406,0.376077865,0.238145694,0.430401534,0.077972278,0.975161433,0.594856858
0.416920384,0.0507441,0.084389002,0.079720202,0.21685208,0.160827205,0.870926797,0.378578484,0.447313875,0.588433743
0.221637744,0,0.000352542,0.000288221,0.065806525,0.040918317,0.975161433,0.616874814,0.154002219,0.430401534
0.057293657,0,0,0,0,0.195152611,0.447313875,0.594856858,0.238145694,0.870926797
3.41114E-05,0,0,0,0,0.577475309,0.154002219,0.588433743,0.160827205,0.975161433
0,0,0,0,0,0.951914668,0.238145694,0.430401534,0.040918317,0.447313875
0,0,0,0,0,0.999493182,0.160827205,0.870926797,0.195152611,0.154002219
0,0,0,0,0,1,0.040918317,0.975161433,0.577475309,0.238145694
0,0,0,0,0,1,0.195152611,0.447313875,0.951914668,0.160827205
0,0,0,0,0,1,0.577475309,0.154002219,0.999493182,0.040918317
0,0,0,0,0,1,0.951914668,0.238145694,1,0.195152611
0,0,0,0,0,1,0.999493182,0.160827205,1,0.577475309
0,0,0,0,0,1,1,0.040918317,1,0.951914668
0,0,0,0,0,1,1,0.195152611,1,0.999493182
0,0,0,0,0,1,1,0.577475309,1,1
0.028168545,0.064766638,0.004242237,0.055830753,0.00006223,1,1,0.951914668,1,1
0.160302325,0.255268649,0.135981336,0.244582415,0.108882234,1,1,0.999493182,1,1
0.362082816,0.453660127,0.354738922,0.450991233,0.329000576,1,1,1,1,1
0.530113946,0.542779921,0.46872776,0.572971741,0.488560151,1,1,1,1,1
0.648287274,0.584379829,0.526999394,0.641610296,0.575258615,1,1,1,1,1
0.725233531,0.610835519,0.57363402,0.660908146,0.625140117,1,1,1,1,1
0.756899066,0.591498424,0.575769929,0.637427114,0.627792799,1,1,1,1,1
0.74096579,0.522767137,0.528135535,0.566945239,0.588121505,1,1,1,1,1
0.67887097,0.398029936,0.418195272,0.445826035,0.507992297,1,1,1,1,1
0.570235264,0.214457839,0.262842486,0.27544807,0.38945216,1,1,1,1,1
0.416920384,0.053774111,0.090474622,0.091087146,0.242685424,0.994575143,1,1,1,1
0.221637744,0,0.001099239,0.001916967,0.082892423,0.981276035,1,1,1,1
0.057293657,0,0,0,0.000256649,0.896311998,1,1,1,1
3.41114E-05,0,0,0,0,0.857198417,1,1,0.994575143,1
0,0,0,0,0,0.807089388,1,1,0.981276035,1
0,0,0,0,0,0.960698903,0.994575143,1,0.896311998,1
0,0,0,0,0,0.857702792,0.981276035,1,0.857198417,1
0,0,0,0,0,0.921978414,0.896311998,1,0.807089388,0.994575143
0,0,0,0,0,0.838033378,0.857198417,1,0.960698903,0.981276035
0,0,0,0,0,0.782606661,0.807089388,1,0.857702792,0.896311998
0,0,0,0,0,0.801607251,0.960698903,0.994575143,0.921978414,0.857198417
0,0,0,0,0,0.925497532,0.857702792,0.981276035,0.838033378,0.807089388
0,0,0,0,0,0.771592259,0.921978414,0.896311998,0.782606661,0.960698903
0,0,0,0,0,0.61442858,0.838033378,0.857198417,0.801607251,0.857702792
0.028168545,0.0412833,3.87821E-07,0.036124838,0,0.375686228,0.782606661,0.807089388,0.925497532,0.921978414
0.160302325,0.21719522,0.123562505,0.227561325,0.099302754,0.484907836,0.801607251,0.960698903,0.771592259,0.838033378
0.362082816,0.437239152,0.350346208,0.474633847,0.322716078,0.538775146,0.925497532,0.857702792,0.61442858,0.782606661
0.530113946,0.555174385,0.470659642,0.621990347,0.515044317,0.687196791,0.771592259,0.921978414,0.375686228,0.801607251
0.648287274,0.618641955,0.530772992,0.703798963,0.630605142,0.615338981,0.61442858,0.838033378,0.484907836,0.925497532
0.725233531,0.654165025,0.593863891,0.73605817,0.697638048,0.595331132,0.375686228,0.782606661,0.538775146,0.771592259
0.756899066,0.644009549,0.61795828,0.727632665,0.716580655,0.357232004,0.484907836,0.801607251,0.687196791,0.61442858
0.74096579,0.584443909,0.591373309,0.67469884,0.694481821,0.375199169,0.538775146,0.925497532,0.615338981,0.375686228
0.67887097,0.461943299,0.497196321,0.57147126,0.629024793,0.477542132,0.687196791,0.771592259,0.595331132,0.484907836
0.570235264,0.279176191,0.34426557,0.40257636,0.517746087,0.534386039,0.615338981,0.61442858,0.357232004,0.538775146
0.416920384,0.087129579,0.143554844,0.167484634,0.350324394,0.702538669,0.595331132,0.375686228,0.375199169,0.687196791
0.221637744,9.21049E-05,0.016104115,0.018261165,0.13445333,0.805244803,0.357232004,0.484907836,0.477542132,0.615338981
0.057293657,0,0,0,0.009415295,0.799776375,0.375199169,0.538775146,0.534386039,0.595331132
3.41114E-05,0,0,0,0,0.895068109,0.477542132,0.687196791,0.702538669,0.357232004
0,0,0,0,0,0.962961137,0.534386039,0.615338981,0.805244803,0.375199169
0,0,0,0,0,0.984760702,0.702538669,0.595331132,0.799776375,0.477542132
0,0,0,0,0,0.994194925,0.805244803,0.357232004,0.895068109,0.534386039
0,0,0,0,0,0.999985814,0.799776375,0.375199169,0.962961137,0.702538669
0,0,0,0,0,0.975248814,0.895068109,0.477542132,0.984760702,0.805244803
0,0,0,0,0,0.58400923,0.962961137,0.534386039,0.994194925,0.799776375
0,0,0,0,0,0.131447449,0.984760702,0.702538669,0.999985814,0.895068109
0,0,0,0,0,0.211835012,0.994194925,0.805244803,0.975248814,0.962961137
0,0,0,0,0,0.529911637,0.999985814,0.799776375,0.58400923,0.984760702
0,0,0,0,0,0.74610889,0.975248814,0.895068109,0.131447449,0.994194925
0.028168545,0.06350896,0.008823963,0.059198695,8.97956E-06,0.90819943,0.58400923,0.962961137,0.211835012,0.999985814
0.160302325,0.226344513,0.148806513,0.260889475,0.107371269,0.989248514,0.131447449,0.984760702,0.529911637,0.975248814
0.362082816,0.399621076,0.382050465,0.494000346,0.345519128,1,0.211835012,0.994194925,0.74610889,0.58400923
0.530113946,0.506024334,0.537776593,0.640014732,0.549781914,1,0.529911637,0.999985814,0.90819943,0.131447449
0.648287274,0.564421175,0.630873886,0.724162328,0.672936237,0.989941597,0.74610889,0.975248814,0.989248514,0.211835012
0.725233531,0.593604255,0.68064409,0.760361472,0.747078476,1,0.90819943,0.58400923,1,0.529911637
0.756899066,0.587792531,0.687478942,0.753486574,0.773695645,1,0.989248514,0.131447449,1,0.74610889
0.74096579,0.535570515,0.650252901,0.702994787,0.755049595,1,1,0.211835012,0.989941597,0.90819943
0.67887097,0.420190117,0.557936247,0.607318086,0.691801778,0.831628621,1,0.529911637,1,0.989248514
0.570235264,0.261012072,0.410027556,0.450924309,0.585818496,0.874698818,0.989941597,0.74610889,1,1
0.416920384,0.091215323,0.208916103,0.221824347,0.423246743,0.678449094,1,0.90819943,1,1
0.221637744,0.004193493,0.048571953,0.044805602,0.193411402,0.892120004,1,0.989248514,0.831628621,0.989941597
0.057293657,0,0,0,0.03130264,0.992359221,1,1,0.874698818,1
3.41114E-05,0,0,0,0,0.970871687,0.831628621,1,0.678449094,1
0,0,0,0,0,0.852099657,0.874698818,0.989941597,0.892120004,1
0,0,0,0,0,0.486421973,0.678449094,1,0.992359221,0.831628621
0,0,0,0,0,0.216737852,0.892120004,1,0.970871687,0.874698818
0,0,0,0,0,0.278561652,0.992359221,1,0.852099657,0.678449094
0,0,0,0,0,0.374386013,0.970871687,0.831628621,0.486421973,0.892120004
0,0,0,0,0,0.399498343,0.852099657,0.874698818,0.216737852,0.992359221
0,0,0,0,0,0.117713973,0.486421973,0.678449094,0.278561652,0.970871687
0,0,0,0,0,3.11E-05,0.216737852,0.892120004,0.374386013,0.852099657
0,0,0,0,0,0,0.278561652,0.992359221,0.399498343,0.486421973
0,0.002818922,0,0.003188397,0,7.66E-06,0.374386013,0.970871687,0.117713973,0.216737852
0.028168545,0.097517573,0.064778894,0.109267752,0.006130837,0.009165339,0.399498343,0.852099657,3.11E-05,0.278561652
0.160302325,0.274908586,0.24802122,0.338044572,0.140814396,0.007611417,0.117713973,0.486421973,0,0.374386013
0.362082816,0.421797906,0.453188661,0.544852225,0.385471322,0.070935778,3.11E-05,0.216737852,7.66E-06,0.399498343
0.530113946,0.509333356,0.591517346,0.678220947,0.569509923,0.079137497,0,0.278561652,0.009165339,0.117713973
0.648287274,0.559454539,0.678417539,0.757915152,0.684429851,0.201639831,7.66E-06,0.374386013,0.007611417,3.11E-05
0.725233531,0.584622242,0.722725413,0.791492929,0.751421627,0.313874096,0.009165339,0.399498343,0.070935778,0
0.756899066,0.574000643,0.726041432,0.782322524,0.768361416,0.429846704,0.007611417,0.117713973,0.079137497,7.66E-06
0.74096579,0.51615533,0.68809343,0.728302747,0.738304208,0.425751865,0.070935778,3.11E-05,0.201639831,0.009165339
0.67887097,0.407322889,0.597813196,0.62888002,0.665766586,0.348758399,0.079137497,0,0.313874096,0.007611417
0.570235264,0.260508761,0.456730347,0.473381589,0.553962919,0.350948006,0.201639831,7.66E-06,0.429846704,0.070935778
0.416920384,0.102553694,0.26401039,0.250336495,0.390631997,0.676447809,0.313874096,0.009165339,0.425751865,0.079137497
0.221637744,0.014300045,0.077175757,0.060944371,0.177615609,0.274712473,0.429846704,0.007611417,0.348758399,0.201639831
0.057293657,0,1.34011E-05,1.38311E-06,0.030836673,0.757452607,0.425751865,0.070935778,0.350948006,0.313874096
3.41114E-05,0,0,0,0,0.838222146,0.348758399,0.079137497,0.676447809,0.429846704
0,0,0,0,0,0.829621434,0.350948006,0.201639831,0.274712473,0.425751865
0,0,0,0,0,0.82702601,0.676447809,0.313874096,0.757452607,0.348758399
0,0,0,0,0,0.664892256,0.274712473,0.429846704,0.838222146,0.350948006
0,0,0,0,0,0.460004807,0.757452607,0.425751865,0.829621434,0.676447809
0,0,0,0,0,0.475810349,0.838222146,0.348758399,0.82702601,0.274712473
0,0,0,0,0,0.462907225,0.829621434,0.350948006,0.664892256,0.757452607
0,0,0,0,0,0.583737373,0.82702601,0.676447809,0.460004807,0.838222146
0,0,0,0,0,0.725647211,0.664892256,0.274712473,0.475810349,0.829621434
0,0,0,0,0,0.66663456,0.460004807,0.757452607,0.462907225,0.82702601
0,0.037532443,0.003868023,0.025073524,0,0.384227782,0.475810349,0.838222146,0.583737373,0.664892256
0.028168545,0.140088176,0.101290592,0.167213774,0.041892604,0.258210659,0.462907225,0.829621434,0.725647211,0.460004807
0.160302325,0.26583767,0.294546236,0.390428629,0.197856604,0.05232789,0.583737373,0.82702601,0.66663456,0.475810349
0.362082816,0.377160786,0.469067997,0.568145263,0.408958317,0.001923672,0.725647211,0.664892256,0.384227782,0.462907225
0.530113946,0.447654768,0.578649811,0.68711925,0.567525801,0.050491221,0.66663456,0.460004807,0.258210659,0.583737373
0.648287274,0.48532939,0.644331343,0.758916818,0.67165112,0.151873454,0.384227782,0.475810349,0.05232789,0.725647211
0.725233531,0.506184212,0.685036796,0.783747726,0.73352516,0.087549679,0.258210659,0.462907225,0.001923672,0.66663456
0.756899066,0.498039613,0.683616935,0.762441927,0.745181335,0.073062316,0.05232789,0.583737373,0.050491221,0.384227782
0.74096579,0.446905322,0.634604094,0.596198017,0.702036772,0.189706743,0.001923672,0.725647211,0.151873454,0.258210659
0.67887097,0.35310421,0.539979251,0.450350691,0.612361932,0.081566021,0.050491221,0.66663456,0.087549679,0.05232789
0.570235264,0.230271213,0.40483065,0.250833166,0.487108263,0.17571032,0.151873454,0.384227782,0.073062316,0.001923672
0.416920384,0.103127727,0.236368341,0.068891904,0.326528888,0.252800405,0.087549679,0.258210659,0.189706743,0.050491221
0.221637744,0.022464273,0.074067777,0.000116228,0.143563538,0.167613626,0.073062316,0.05232789,0.081566021,0.151873454
0.057293657,0,0.000948928,0,0.025041943,0.205849186,0.189706743,0.001923672,0.17571032,0.087549679
3.41114E-05,0,0,0,0,0.195773393,0.081566021,0.050491221,0.252800405,0.073062316
0,0,0,0,0,0.143682986,0.17571032,0.151873454,0.167613626,0.189706743
0,0,0,0,0,0.169551909,0.252800405,0.087549679,0.205849186,0.081566021
0,0,0,0,0,0.08691401,0.167613626,0.073062316,0.195773393,0.17571032
0,0,0,0,0,0.093504399,0.205849186,0.189706743,0.143682986,0.252800405
0,0,0,0,0,0.112257183,0.195773393,0.081566021,0.169551909,0.167613626
0,0,0,0,0,0.028968884,0.143682986,0.17571032,0.08691401,0.205849186
0,0,0,0,0,0.085616671,0.169551909,0.252800405,0.093504399,0.195773393
0,0,0,4.61733E-05,0,0.061119944,0.08691401,0.167613626,0.112257183,0.143682986
0,1.48304E-05,0,0.051132897,0,0.071173981,0.093504399,0.205849186,0.028968884,0.169551909
0,0.041901765,0.031332117,0.201223075,0,0.064284913,0.112257183,0.195773393,0.085616671,0.08691401
0.028168545,0.137421175,0.139127236,0.390759057,0.047171215,0.060024586,0.028968884,0.143682986,0.061119944,0.093504399
0.160302325,0.242002969,0.297028066,0.542294478,0.187775675,0.057546325,0.085616671,0.169551909,0.071173981,0.112257183
0.362082816,0.338567293,0.445079902,0.648332113,0.367188644,0.061525788,0.061119944,0.08691401,0.064284913,0.028968884
0.530113946,0.401563541,0.543373462,0.716780582,0.510468614,0.055358067,0.071173981,0.093504399,0.060024586,0.085616671
0.648287274,0.436941314,0.603885151,0.738765045,0.608344035,0.118819073,0.064284913,0.112257183,0.057546325,0.061119944
0.725233531,0.462796942,0.640312384,0.712781336,0.666862404,0.051605526,0.060024586,0.028968884,0.061525788,0.071173981
0.756899066,0.459183438,0.637826805,0.645864238,0.676640003,0.105943255,0.057546325,0.085616671,0.055358067,0.064284913
0.74096579,0.413408086,0.591346389,0.546613672,0.63468312,0.037954547,0.061525788,0.061119944,0.118819073,0.060024586
0.67887097,0.329442766,0.502125418,0.412264722,0.547155048,0.037108772,0.055358067,0.071173981,0.051605526,0.057546325
0.570235264,0.222679736,0.380468501,0.237827855,0.426888148,0.022562111,0.118819073,0.064284913,0.105943255,0.061525788
0.416920384,0.114757868,0.228503579,0.072066607,0.281131836,0.268651187,0.051605526,0.060024586,0.037954547,0.055358067
0.221637744,0.032010288,0.078080236,0.001617507,0.125623376,0.113432653,0.105943255,0.057546325,0.037108772,0.118819073
0.057293657,0.000034643,0.005393065,0,0.024670557,0.297180057,0.037954547,0.061525788,0.022562111,0.051605526
3.41114E-05,0,0,0,0,0.40935269,0.037108772,0.055358067,0.268651187,0.105943255
0,0,0,0,0,0.234519765,0.022562111,0.118819073,0.113432653,0.037954547
0,0,0,0,0,0.212540716,0.268651187,0.051605526,0.297180057,0.037108772
0,0,0,0,0,0.078753203,0.113432653,0.105943255,0.40935269,0.022562111
0,0,0,0,0,0.089597307,0.297180057,0.037954547,0.234519765,0.268651187
0,0,0,0,0,0.110862322,0.40935269,0.037108772,0.212540716,0.113432653
0,0,0,0,0,0.088026434,0.234519765,0.022562111,0.078753203,0.297180057
0,0,0,0,0,0.104029715,0.212540716,0.268651187,0.089597307,0.40935269
0,0,0,9.70967E-05,0,0.056333922,0.078753203,0.113432653,0.110862322,0.234519765
0,7.14015E-05,0,0.036548051,0,0.026894914,0.089597307,0.297180057,0.088026434,0.212540716
0,0.031869727,0.025743095,0.143809314,0,0.006566415,0.110862322,0.40935269,0.104029715,0.078753203
0.028168545,0.10870986,0.110508646,0.289325059,0.02963198,0.001554266,0.088026434,0.234519765,0.056333922,0.089597307
0.160302325,0.206185735,0.245873715,0.404995217,0.135438419,0.013951137,0.104029715,0.212540716,0.026894914,0.110862322
0.362082816,0.305360592,0.384765591,0.485059818,0.287872523,0.022881504,0.056333922,0.078753203,0.006566415,0.088026434
0.530113946,0.37405333,0.478454849,0.540685957,0.413572375,0.04986918,0.026894914,0.089597307,0.001554266,0.104029715
0.648287274,0.412433023,0.533131936,0.551912019,0.496553231,0.063690074,0.006566415,0.110862322,0.013951137,0.056333922
0.725233531,0.434805188,0.560503147,0.52513961,0.54165551,0.030207729,0.001554266,0.088026434,0.022881504,0.026894914
0.756899066,0.429373165,0.550105804,0.46760344,0.541526563,0.128393963,0.013951137,0.104029715,0.04986918,0.006566415
0.74096579,0.392086579,0.504116346,0.384929871,0.503830855,0.100709587,0.022881504,0.056333922,0.063690074,0.001554266
0.67887097,0.319812186,0.424875087,0.28015749,0.432579925,0.014513038,0.04986918,0.026894914,0.030207729,0.013951137
0.570235264,0.221984813,0.322115372,0.154844094,0.332956098,0.004787193,0.063690074,0.006566415,0.128393963,0.022881504
0.416920384,0.12148518,0.198185993,0.046888747,0.21481898,0.109053329,0.030207729,0.001554266,0.100709587,0.04986918
0.221637744,0.037536667,0.076320581,0.002993463,0.099509431,0.022365799,0.128393963,0.013951137,0.014513038,0.063690074
0.057293657,0.001276633,0.011554049,0,0.023984818,0.072080813,0.100709587,0.022881504,0.004787193,0.030207729
3.41114E-05,0,0,0,5.33106E-06,0.101804055,0.014513038,0.04986918,0.109053329,0.128393963
0,0,0,0,0,0.168863237,0.004787193,0.063690074,0.022365799,0.100709587
0,0,0,0,0,0.499806225,0.109053329,0.030207729,0.072080813,0.014513038
0,0,0,0,0,0.225349441,0.022365799,0.128393963,0.101804055,0.004787193
0,0,0,0,0,0.090544462,0.072080813,0.100709587,0.168863237,0.109053329
0,0,0,0,0,0.548235118,0.101804055,0.014513038,0.499806225,0.022365799
0,0,0,0,0,0.258199215,0.168863237,0.004787193,0.225349441,0.072080813
0,0,0,0,0,0.218325838,0.499806225,0.109053329,0.090544462,0.101804055
0,0,0,6.97174E-07,0,0.158655465,0.225349441,0.022365799,0.548235118,0.168863237
0,0,0,0.013549298,0,0.105145462,0.090544462,0.072080813,0.258199215,0.499806225
0,0.018367976,0.008699189,0.070179459,0,0.062885866,0.548235118,0.101804055,0.218325838,0.225349441
0.028168545,0.073878282,0.057796778,0.1649287,0.019176917,0.03117504,0.258199215,0.168863237,0.158655465,0.090544462
0.160302325,0.162886631,0.158517318,0.24537725,0.097453136,0.010942285,0.218325838,0.499806225,0.105145462,0.548235118
0.362082816,0.264600588,0.276008548,0.303188768,0.226656626,0.004178679,0.158655465,0.225349441,0.062885866,0.258199215
0.530113946,0.345009389,0.359633278,0.349695235,0.344153534,0.002008854,0.105145462,0.090544462,0.03117504,0.218325838
0.648287274,0.395807962,0.406551005,0.369299561,0.423652467,0.007370232,0.062885866,0.548235118,0.010942285,0.158655465
0.725233531,0.421341656,0.431033394,0.356433124,0.467690279,0.010254226,0.03117504,0.258199215,0.004178679,0.105145462
0.756899066,0.413537762,0.426120426,0.315890947,0.470649699,0.003394007,0.010942285,0.218325838,0.002008854,0.062885866
0.74096579,0.372044019,0.392856392,0.25738533,0.436196213,0.002661263,0.004178679,0.158655465,0.007370232,0.03117504
0.67887097,0.301515608,0.327540149,0.181499574,0.37098972,0.06878379,0.002008854,0.105145462,0.010254226,0.010942285
0.570235264,0.211032957,0.243267778,0.094245247,0.283949661,0.054550659,0.007370232,0.062885866,0.003394007,0.004178679
0.416920384,0.114473305,0.149093864,0.026673526,0.181293397,0.052050184,0.010254226,0.03117504,0.002661263,0.002008854
0.221637744,0.03487298,0.060032846,0.001714032,0.082196902,0.062021859,0.003394007,0.010942285,0.06878379,0.007370232
0.057293657,0.001742103,0.010929424,0,0.019225853,0.069348894,0.002661263,0.004178679,0.054550659,0.010254226
3.41114E-05,0,0,0,4.95409E-06,0.111910738,0.06878379,0.002008854,0.052050184,0.003394007
0,0,0,0,0,0.095943481,0.054550659,0.007370232,0.062021859,0.002661263
0,0,0,0,0,0.113639891,0.052050184,0.010254226,0.069348894,0.06878379
0,0,0,0,0,0.090515204,0.062021859,0.003394007,0.111910738,0.054550659
0,0,0,0,0,0.005768371,0.069348894,0.002661263,0.095943481,0.052050184
0,0,0,0,0,0.004326268,0.111910738,0.06878379,0.113639891,0.062021859
0,0,0,0,0,0.018189598,0.095943481,0.054550659,0.090515204,0.069348894
0,0,0,0,0,0.015189807,0.113639891,0.052050184,0.005768371,0.111910738
0,0,0,0,0,0.013287334,0.090515204,0.062021859,0.004326268,0.095943481
0,0,0,0.009289247,0,0.013706244,0.005768371,0.069348894,0.018189598,0.113639891
0,0.021596612,0.001614276,0.072100959,0,0.020444827,0.004326268,0.111910738,0.015189807,0.090515204
0.028168545,0.096107401,0.054766203,0.190405276,0.0177531,0.035538867,0.018189598,0.095943481,0.013287334,0.005768371
0.160302325,0.208913968,0.182334557,0.277139654,0.099663088,0.057279911,0.015189807,0.113639891,0.013706244,0.004326268
0.362082816,0.322561179,0.32461304,0.331102721,0.239711236,0,0.013287334,0.090515204,0.020444827,0.018189598
0.530113946,0.412043789,0.422807408,0.378329198,0.360126451,0.001327389,0.013706244,0.005768371,0.035538867,0.015189807
0.648287274,0.468468826,0.475910669,0.400660292,0.435836919,0.024780901,0.020444827,0.004326268,0.057279911,0.013287334
0.725233531,0.49205162,0.504584821,0.392230459,0.478373291,0.035902314,0.035538867,0.018189598,0,0.013706244
0.756899066,0.484090573,0.497714406,0.350881023,0.484508526,0.022578696,0.057279911,0.015189807,0.001327389,0.020444827
0.74096579,0.436573502,0.453280358,0.284926348,0.449445168,0.014733805,0,0.013287334,0.024780901,0.035538867
0.67887097,0.351093142,0.376573745,0.199204372,0.378401934,0.007492077,0.001327389,0.013706244,0.035902314,0.057279911
0.570235264,0.241245504,0.274951864,0.107543947,0.285959871,0.045484513,0.024780901,0.020444827,0.022578696,0
0.416920384,0.123367517,0.158785041,0.031123546,0.176977658,0.142919555,0.035902314,0.035538867,0.014733805,0.001327389
0.221637744,0.033417793,0.053587996,0.000395911,0.074270379,0.246317014,0.022578696,0.057279911,0.007492077,0.024780901
0.057293657,0.000154151,0.004798177,0,0.014648873,0.138689518,0.014733805,0,0.045484513,0.035902314
3.41114E-05,0,0,0,0,0.108802505,0.007492077,0.001327389,0.142919555,0.022578696
0,0,0,0,0,0.048519075,0.045484513,0.024780901,0.246317014,0.014733805
0,0,0,0,0,0.050109562,0.142919555,0.035902314,0.138689518,0.007492077
0,0,0,0,0,0.039584052,0.246317014,0.022578696,0.108802505,0.045484513
0,0,0,0,0,0.017524129,0.138689518,0.014733805,0.048519075,0.142919555
0,0,0,0,0,0.010153767,0.108802505,0.007492077,0.050109562,0.246317014
0,0,0,0,0,0.012420705,0.048519075,0.045484513,0.039584052,0.138689518
0,0,0,0,0,0,0.050109562,0.142919555,0.017524129,0.108802505
0,0,0,0,0,2.86E-05,0.039584052,0.246317014,0.010153767,0.048519075
0,0,0,0.010365576,0,0.00340222,0.017524129,0.138689518,0.012420705,0.050109562
0,0.018129165,9.97578E-06,0.10412263,0,0.00238833,0.010153767,0.108802505,0,0.039584052
0.028168545,0.098892003,0.065960248,0.278629414,0.024634202,0.002340877,0.012420705,0.048519075,2.86E-05,0.017524129
0.160302325,0.224293789,0.221993233,0.407806705,0.1388315,0.016254757,0,0.050109562,0.00340222,0.010153767
0.362082816,0.335391152,0.379960332,0.480577685,0.316784795,0.044550132,2.86E-05,0.039584052,0.00238833,0.012420705
0.530113946,0.404257016,0.473395401,0.525078266,0.455255007,0.128513008,0.00340222,0.017524129,0.002340877,0
0.648287274,0.44592744,0.519037537,0.530232129,0.539025892,0.255823791,0.00238833,0.010153767,0.016254757,2.86E-05
0.725233531,0.46954489,0.53764809,0.502002626,0.580651139,0.275023997,0.002340877,0.012420705,0.044550132,0.00340222
0.756899066,0.458529972,0.520718864,0.437831578,0.575155643,0.299163222,0.016254757,0,0.128513008,0.00238833
0.74096579,0.405668318,0.467542763,0.351699874,0.526155639,0.328098595,0.044550132,2.86E-05,0.255823791,0.002340877
0.67887097,0.308281378,0.379580114,0.239025677,0.438464912,0.451898903,0.128513008,0.00340222,0.275023997,0.016254757
0.570235264,0.191771429,0.266716478,0.10842361,0.328380989,0.418652683,0.255823791,0.00238833,0.299163222,0.044550132
0.416920384,0.078755196,0.138112833,0.022472359,0.197238204,0.520568132,0.275023997,0.002340877,0.328098595,0.128513008
0.221637744,0.012112534,0.036178216,7.08008E-07,0.070617725,0.537919641,0.299163222,0.016254757,0.451898903,0.255823791
0.057293657,0,0.000114229,0,0.00858835,0.468952566,0.328098595,0.044550132,0.418652683,0.275023997
3.41114E-05,0,0,0,0,0.518067956,0.451898903,0.128513008,0.520568132,0.299163222
0,0,0,0,0,0.687765837,0.418652683,0.255823791,0.537919641,0.328098595
0,0,0,0,0,0.711328745,0.520568132,0.275023997,0.468952566,0.451898903
0,0,0,0,0,0.817015767,0.537919641,0.299163222,0.518067956,0.418652683
0,0,0,0,0,0.916730881,0.468952566,0.328098595,0.687765837,0.520568132
0,0,0,0,0,0.780240059,0.518067956,0.451898903,0.711328745,0.537919641
0,0,0,0,0,0.490199894,0.687765837,0.418652683,0.817015767,0.468952566
0,0,0,0,0,0.031916842,0.711328745,0.520568132,0.916730881,0.518067956
0,0,0,0,0,0,0.817015767,0.537919641,0.780240059,0.687765837
0,0,0,0.008339044,0,0,0.916730881,0.468952566,0.490199894,0.711328745
0,0.005753611,0,0.125738749,0,0.003602037,0.780240059,0.518067956,0.031916842,0.817015767
0.028168545,0.112826529,0.077506826,0.342778783,0.02556177,0.008759916,0.490199894,0.687765837,0,0.916730881
0.160302325,0.29605062,0.25839701,0.516879638,0.156097684,0.144058302,0.031916842,0.711328745,0,0.780240059
0.362082816,0.43061533,0.432675956,0.62658799,0.353591363,0.406045526,0,0.817015767,0.003602037,0.490199894
0.530113946,0.499194474,0.533182454,0.682536924,0.499175391,0.457589835,0,0.916730881,0.008759916,0.031916842
0.648287274,0.533077332,0.582899802,0.686536735,0.586025609,0.552905083,0.003602037,0.780240059,0.144058302,0
0.725233531,0.549128151,0.605466964,0.647163858,0.629005684,0.767144561,0.008759916,0.490199894,0.406045526,0
0.756899066,0.52604716,0.588487885,0.565915282,0.620883644,0.979010284,0.144058302,0.031916842,0.457589835,0.003602037
0.74096579,0.463501501,0.526844348,0.442333116,0.566066032,0.866155326,0.406045526,0,0.552905083,0.008759916
0.67887097,0.357537248,0.425540756,0.276098901,0.477118589,0.534160316,0.457589835,0,0.767144561,0.144058302
0.570235264,0.213653945,0.283684551,0.097498627,0.355129183,0.402927607,0.552905083,0.003602037,0.979010284,0.406045526
0.416920384,0.067541782,0.112683202,0.005894177,0.203556536,0.504087806,0.767144561,0.008759916,0.866155326,0.457589835
0.221637744,0.000363079,0.012219102,0,0.062029891,0.558010459,0.979010284,0.144058302,0.534160316,0.552905083
0.057293657,0,0,0,0.000766355,0.720264733,0.866155326,0.406045526,0.402927607,0.767144561
3.41114E-05,0,0,0,0,0.219298735,0.534160316,0.457589835,0.504087806,0.979010284
0,0,0,0,0,0.158451974,0.402927607,0.552905083,0.558010459,0.866155326
0,0,0,0,0,0.298258722,0.504087806,0.767144561,0.720264733,0.534160316
0,0,0,0,0,0.450397819,0.558010459,0.979010284,0.219298735,0.402927607
0,0,0,0,0,0.234599099,0.720264733,0.866155326,0.158451974,0.504087806
0,0,0,0,0,0.410587072,0.219298735,0.534160316,0.298258722,0.558010459
0,0,0,0,0,0.546035469,0.158451974,0.402927607,0.450397819,0.720264733
0,0,0,0,0,0.695316792,0.298258722,0.504087806,0.234599099,0.219298735
0,0,0,0,0,0.834340334,0.450397819,0.558010459,0.410587072,0.158451974
0,0,0,0.001096135,0,0.92306143,0.234599099,0.720264733,0.546035469,0.298258722
0,0,0,0.107148217,0,0.95623517,0.410587072,0.219298735,0.695316792,0.450397819
0.028168545,0.109948012,0.051050887,0.329040347,0.008493476,0.959093571,0.546035469,0.158451974,0.834340334,0.234599099
0.160302325,0.328276278,0.221020596,0.517244325,0.147571789,0.971156001,0.695316792,0.298258722,0.92306143,0.410587072
0.362082816,0.500389856,0.4235184,0.630445419,0.380535076,0.987286747,0.834340334,0.450397819,0.95623517,0.546035469
0.530113946,0.582692407,0.553563866,0.687481075,0.530433368,1,0.92306143,0.234599099,0.959093571,0.695316792
0.648287274,0.619939029,0.625051986,0.695377762,0.610164795,0.994086385,0.95623517,0.410587072,0.971156001,0.834340334
0.725233531,0.636590034,0.650565976,0.661083169,0.649094112,0.916867077,0.959093571,0.546035469,0.987286747,0.92306143
0.756899066,0.608664542,0.631141084,0.581190504,0.640143269,0.896740079,0.971156001,0.695316792,1,0.95623517
0.74096579,0.533595096,0.566111088,0.450220806,0.589878402,0.78333503,0.987286747,0.834340334,0.994086385,0.959093571
0.67887097,0.406246521,0.444986446,0.265459406,0.502673365,0.786011815,1,0.92306143,0.916867077,0.971156001
0.570235264,0.214778245,0.268523736,0.079720202,0.376077865,0.582567692,0.994086385,0.95623517,0.896740079,0.987286747
0.416920384,0.0507441,0.084389002,0.000288221,0.21685208,0.81801784,0.916867077,0.959093571,0.78333503,1
0.221637744,0,0.000352542,0,0.065806525,0.760315537,0.896740079,0.971156001,0.786011815,0.994086385
0.057293657,0,0,0,0,0.485735118,0.78333503,0.987286747,0.582567692,0.916867077
3.41114E-05,0,0,0,0,0.519115031,0.786011815,1,0.81801784,0.896740079
0,0,0,0,0,0.563973665,0.582567692,0.994086385,0.760315537,0.78333503
0,0,0,0,0,0.409247786,0.81801784,0.916867077,0.485735118,0.786011815
0,0,0,0,0,0.178750813,0.760315537,0.896740079,0.519115031,0.582567692
0,0,0,0,0,0.189539716,0.485735118,0.78333503,0.563973665,0.81801784
0,0,0,0,0,0.106645718,0.519115031,0.786011815,0.409247786,0.760315537
0,0,0,0,0,0.056643635,0.563973665,0.582567692,0.178750813,0.485735118
0,0,0,0,0,0.042929146,0.409247786,0.81801784,0.189539716,0.519115031
0,0,0,0,0,0.08702822,0.178750813,0.760315537,0.106645718,0.563973665
0,0,0,0,0,0.04526265,0.189539716,0.485735118,0.056643635,0.409247786
0,0,0,0.055830753,0,0.023637753,0.106645718,0.519115031,0.042929146,0.178750813
0.028168545,0.064766638,0.004242237,0.244582415,0.00006223,0.011062475,0.056643635,0.563973665,0.08702822,0.189539716
0.160302325,0.255268649,0.135981336,0.450991233,0.108882234,0.008010314,0.042929146,0.409247786,0.04526265,0.106645718
0.362082816,0.453660127,0.354738922,0.572971741,0.329000576,0.00351899,0.08702822,0.178750813,0.023637753,0.056643635
0.530113946,0.542779921,0.46872776,0.641610296,0.488560151,0.003359569,0.04526265,0.189539716,0.011062475,0.042929146
0.648287274,0.584379829,0.526999394,0.660908146,0.575258615,0.017455762,0.023637753,0.106645718,0.008010314,0.08702822
0.725233531,0.610835519,0.57363402,0.637427114,0.625140117,0.037046939,0.011062475,0.056643635,0.00351899,0.04526265
0.756899066,0.591498424,0.575769929,0.566945239,0.627792799,0.008597679,0.008010314,0.042929146,0.003359569,0.023637753
0.74096579,0.522767137,0.528135535,0.445826035,0.588121505,0.000986268,0.00351899,0.08702822,0.017455762,0.011062475
0.67887097,0.398029936,0.418195272,0.27544807,0.507992297,0.037310984,0.003359569,0.04526265,0.037046939,0.008010314
0.570235264,0.214457839,0.262842486,0.091087146,0.38945216,0.020054696,0.017455762,0.023637753,0.008597679,0.00351899
0.416920384,0.053774111,0.090474622,0.001916967,0.242685424,0.002000783,0.037046939,0.011062475,0.000986268,0.003359569
0.221637744,0,0.001099239,0,0.082892423,0.000897393,0.008597679,0.008010314,0.037310984,0.017455762
0.057293657,0,0,0,0.000256649,0.035232082,0.000986268,0.00351899,0.020054696,0.037046939
3.41114E-05,0,0,0,0,0.176428378,0.037310984,0.003359569,0.002000783,0.008597679
0,0,0,0,0,0.552137136,0.020054696,0.017455762,0.000897393,0.000986268
0,0,0,0,0,0.593575895,0.002000783,0.037046939,0.035232082,0.037310984
0,0,0,0,0,0.885067821,0.000897393,0.008597679,0.176428378,0.020054696
0,0,0,0,0,0.846963882,0.035232082,0.000986268,0.552137136,0.002000783
0,0,0,0,0,0.558673799,0.176428378,0.037310984,0.593575895,0.000897393
0,0,0,0,0,0.48018682,0.552137136,0.020054696,0.885067821,0.035232082
0,0,0,0,0,0.295538753,0.593575895,0.002000783,0.846963882,0.176428378
0,0,0,0,0,0.599142075,0.885067821,0.000897393,0.558673799,0.552137136
0,0,0,0,0,0.716417968,0.846963882,0.035232082,0.48018682,0.593575895
0,0,0,0.036124838,0,0.981203675,0.558673799,0.176428378,0.295538753,0.885067821
0.028168545,0.0412833,3.87821E-07,0.227561325,0,0.932976186,0.48018682,0.552137136,0.599142075,0.846963882
0.160302325,0.21719522,0.123562505,0.474633847,0.099302754,0.965925276,0.295538753,0.593575895,0.716417968,0.558673799
0.362082816,0.437239152,0.350346208,0.621990347,0.322716078,0.992571414,0.599142075,0.885067821,0.981203675,0.48018682
0.530113946,0.555174385,0.470659642,0.703798963,0.515044317,0.995408654,0.716417968,0.846963882,0.932976186,0.295538753
0.648287274,0.618641955,0.530772992,0.73605817,0.630605142,0.997192323,0.981203675,0.558673799,0.965925276,0.599142075
0.725233531,0.654165025,0.593863891,0.727632665,0.697638048,0.998346925,0.932976186,0.48018682,0.992571414,0.716417968
0.756899066,0.644009549,0.61795828,0.67469884,0.716580655,0.99641192,0.965925276,0.295538753,0.995408654,0.981203675
0.74096579,0.584443909,0.591373309,0.57147126,0.694481821,0.903582811,0.992571414,0.599142075,0.997192323,0.932976186
0.67887097,0.461943299,0.497196321,0.40257636,0.629024793,0.780468822,0.995408654,0.716417968,0.998346925,0.965925276
0.570235264,0.279176191,0.34426557,0.167484634,0.517746087,0.944914758,0.997192323,0.981203675,0.99641192,0.992571414
0.416920384,0.087129579,0.143554844,0.018261165,0.350324394,0.886872709,0.998346925,0.932976186,0.903582811,0.995408654
0.221637744,9.21049E-05,0.016104115,0,0.13445333,0.765472412,0.99641192,0.965925276,0.780468822,0.997192323
0.057293657,0,0,0,0.009415295,0.799677789,0.903582811,0.992571414,0.944914758,0.998346925
3.41114E-05,0,0,0,0,0.804380536,0.780468822,0.995408654,0.886872709,0.99641192
0,0,0,0,0,0.631342769,0.944914758,0.997192323,0.765472412,0.903582811
0,0,0,0,0,0.720486164,0.886872709,0.998346925,0.799677789,0.780468822
0,0,0,0,0,0.816456854,0.765472412,0.99641192,0.804380536,0.944914758
0,0,0,0,0,0.625677884,0.799677789,0.903582811,0.631342769,0.886872709
0,0,0,0,0,0.784640014,0.804380536,0.780468822,0.720486164,0.765472412
0,0,0,0,0,0.346143126,0.631342769,0.944914758,0.816456854,0.799677789
0,0,0,0,0,0.386752784,0.720486164,0.886872709,0.625677884,0.804380536
0,0,0,0,0,0.810616374,0.816456854,0.765472412,0.784640014,0.631342769
0,0,0,0,0,0.683313668,0.625677884,0.799677789,0.346143126,0.720486164
0,0,0,0.059198695,0,0.856145442,0.784640014,0.804380536,0.386752784,0.816456854
0.028168545,0.06350896,0.008823963,0.260889475,8.97956E-06,0.890915394,0.346143126,0.631342769,0.810616374,0.625677884
0.160302325,0.226344513,0.148806513,0.494000346,0.107371269,0.931729436,0.386752784,0.720486164,0.683313668,0.784640014
0.362082816,0.399621076,0.382050465,0.640014732,0.345519128,0.920571148,0.810616374,0.816456854,0.856145442,0.346143126
0.530113946,0.506024334,0.537776593,0.724162328,0.549781914,0.69789654,0.683313668,0.625677884,0.890915394,0.386752784
0.648287274,0.564421175,0.630873886,0.760361472,0.672936237,0.867569983,0.856145442,0.784640014,0.931729436,0.810616374
0.725233531,0.593604255,0.68064409,0.753486574,0.747078476,0.891906142,0.890915394,0.346143126,0.920571148,0.683313668
0.756899066,0.587792531,0.687478942,0.702994787,0.773695645,0.875813246,0.931729436,0.386752784,0.69789654,0.856145442
0.74096579,0.535570515,0.650252901,0.607318086,0.755049595,0.843635261,0.920571148,0.810616374,0.867569983,0.890915394
0.67887097,0.420190117,0.557936247,0.450924309,0.691801778,0.748836875,0.69789654,0.683313668,0.891906142,0.931729436
0.570235264,0.261012072,0.410027556,0.221824347,0.585818496,0.879656792,0.867569983,0.856145442,0.875813246,0.920571148
0.416920384,0.091215323,0.208916103,0.044805602,0.423246743,0.896986127,0.891906142,0.890915394,0.843635261,0.69789654
0.221637744,0.004193493,0.048571953,0,0.193411402,0.722170234,0.875813246,0.931729436,0.748836875,0.867569983
0.057293657,0,0,0,0.03130264,0.729108512,0.843635261,0.920571148,0.879656792,0.891906142
3.41114E-05,0,0,0,0,0.730243087,0.748836875,0.69789654,0.896986127,0.875813246
0,0,0,0,0,0.553626418,0.879656792,0.867569983,0.722170234,0.843635261
0,0,0,0,0,0.432665884,0.896986127,0.891906142,0.729108512,0.748836875
0,0,0,0,0,0.440661639,0.722170234,0.875813246,0.730243087,0.879656792
0,0,0,0,0,0.370062977,0.729108512,0.843635261,0.553626418,0.896986127
0,0,0,0,0,0.545369148,0.730243087,0.748836875,0.432665884,0.722170234
0,0,0,0,0,0.482397079,0.553626418,0.879656792,0.440661639,0.729108512
0,0,0,0,0,0.100532562,0.432665884,0.896986127,0.370062977,0.730243087
0,0,0,0,0,0.061952468,0.440661639,0.722170234,0.545369148,0.553626418
0,0,0,0.003188397,0,0.083180167,0.370062977,0.729108512,0.482397079,0.432665884
0,0.002818922,0,0.109267752,0,0.143066883,0.545369148,0.730243087,0.100532562,0.440661639
0.028168545,0.097517573,0.064778894,0.338044572,0.006130837,0.263261408,0.482397079,0.553626418,0.061952468,0.370062977
0.160302325,0.274908586,0.24802122,0.544852225,0.140814396,0.311959773,0.100532562,0.432665884,0.083180167,0.545369148
0.362082816,0.421797906,0.453188661,0.678220947,0.385471322,0.317829102,0.061952468,0.440661639,0.143066883,0.482397079
0.530113946,0.509333356,0.591517346,0.757915152,0.569509923,0.390054345,0.083180167,0.370062977,0.263261408,0.100532562
0.648287274,0.559454539,0.678417539,0.791492929,0.684429851,0.377837986,0.143066883,0.545369148,0.311959773,0.061952468
0.725233531,0.584622242,0.722725413,0.782322524,0.751421627,0.443086803,0.263261408,0.482397079,0.317829102,0.083180167
0.756899066,0.574000643,0.726041432,0.728302747,0.768361416,0.291826159,0.311959773,0.100532562,0.390054345,0.143066883
0.74096579,0.51615533,0.68809343,0.62888002,0.738304208,0.324041754,0.317829102,0.061952468,0.377837986,0.263261408
0.67887097,0.407322889,0.597813196,0.473381589,0.665766586,0.414911747,0.390054345,0.083180167,0.443086803,0.311959773
0.570235264,0.260508761,0.456730347,0.250336495,0.553962919,0.556203365,0.377837986,0.143066883,0.291826159,0.317829102
0.416920384,0.102553694,0.26401039,0.060944371,0.390631997,0.813460767,0.443086803,0.263261408,0.324041754,0.390054345
0.221637744,0.014300045,0.077175757,1.38311E-06,0.177615609,0.687758923,0.291826159,0.311959773,0.414911747,0.377837986
0.057293657,0,1.34011E-05,0,0.030836673,0.64671874,0.324041754,0.317829102,0.556203365,0.443086803
3.41114E-05,0,0,0,0,0.518872917,0.414911747,0.390054345,0.813460767,0.291826159
0,0,0,0,0,0.235767365,0.556203365,0.377837986,0.687758923,0.324041754
0,0,0,0,0,0.059003338,0.813460767,0.443086803,0.64671874,0.414911747
0,0,0,0,0,0.031446222,0.687758923,0.291826159,0.518872917,0.556203365
0,0,0,0,0,0.125698119,0.64671874,0.324041754,0.235767365,0.813460767
0,0,0,0,0,0.191374108,0.518872917,0.414911747,0.059003338,0.687758923
0,0,0,0,0,0.135133505,0.235767365,0.556203365,0.031446222,0.64671874
0,0,0,0,0,0.074716635,0.059003338,0.813460767,0.125698119,0.518872917
0,0,0,0,0,0.001091819,0.031446222,0.687758923,0.191374108,0.235767365
0,0,0,0.025073524,0,5.05E-05,0.125698119,0.64671874,0.135133505,0.059003338
0,0.037532443,0.003868023,0.167213774,0,0.00622577,0.191374108,0.518872917,0.074716635,0.031446222
0.028168545,0.140088176,0.101290592,0.390428629,0.041892604,0.110064708,0.135133505,0.235767365,0.001091819,0.125698119
0.160302325,0.26583767,0.294546236,0.568145263,0.197856604,0.21217072,0.074716635,0.059003338,5.05E-05,0.191374108
0.362082816,0.377160786,0.469067997,0.68711925,0.408958317,0.456118405,0.001091819,0.031446222,0.00622577,0.135133505
0.530113946,0.447654768,0.578649811,0.758916818,0.567525801,0.36151585,5.05E-05,0.125698119,0.110064708,0.074716635
0.648287274,0.48532939,0.644331343,0.783747726,0.67165112,0.420416325,0.00622577,0.191374108,0.21217072,0.001091819
0.725233531,0.506184212,0.685036796,0.762441927,0.73352516,0.610432029,0.110064708,0.135133505,0.456118405,5.05E-05
0.756899066,0.498039613,0.683616935,0.698253468,0.745181335,0.406850636,0.21217072,0.074716635,0.36151585,0.00622577
0.74096579,0.446905322,0.634604094,0.596198017,0.702036772,0.897540033,0.456118405,0.001091819,0.420416325,0.110064708
0.67887097,0.35310421,0.539979251,0.450350691,0.612361932,0.91047436,0.36151585,5.05E-05,0.610432029,0.21217072
0.570235264,0.230271213,0.40483065,0.250833166,0.487108263,0.760952532,0.420416325,0.00622577,0.406850636,0.456118405
0.416920384,0.103127727,0.236368341,0.068891904,0.326528888,0.925911427,0.610432029,0.110064708,0.897540033,0.36151585
0.221637744,0.022464273,0.074067777,0.000116228,0.143563538,0.894701898,0.406850636,0.21217072,0.91047436,0.420416325
0.057293657,0,0.000948928,0,0.025041943,0.844014704,0.897540033,0.456118405,0.760952532,0.610432029
3.41114E-05,0,0,0,0,0.889629841,0.91047436,0.36151585,0.925911427,0.406850636
0,0,0,0,0,0.911478758,0.760952532,0.420416325,0.894701898,0.897540033
0,0,0,0,0,0.90429312,0.925911427,0.610432029,0.844014704,0.91047436
0,0,0,0,0,0.933805466,0.894701898,0.406850636,0.889629841,0.760952532
0,0,0,0,0,0.691581488,0.844014704,0.897540033,0.911478758,0.925911427
0,0,0,0,0,0.439968765,0.889629841,0.91047436,0.90429312,0.894701898
0,0,0,0,0,0.56971103,0.911478758,0.760952532,0.933805466,0.844014704
0,0,0,0,0,0.262372345,0.90429312,0.925911427,0.691581488,0.889629841
0,0,0,4.61733E-05,0,0.01781223,0.933805466,0.894701898,0.439968765,0.911478758
0,1.48304E-05,0,0.051132897,0,0.011651794,0.691581488,0.844014704,0.56971103,0.90429312
0,0.041901765,0.031332117,0.201223075,0,0.05142523,0.439968765,0.889629841,0.262372345,0.933805466
0.028168545,0.137421175,0.139127236,0.390759057,0.047171215,0.234933957,0.56971103,0.911478758,0.01781223,0.691581488
0.160302325,0.242002969,0.297028066,0.542294478,0.187775675,0.269241214,0.262372345,0.90429312,0.011651794,0.439968765
0.362082816,0.338567293,0.445079902,0.648332113,0.367188644,0.308216244,0.01781223,0.933805466,0.05142523,0.56971103
0.530113946,0.401563541,0.543373462,0.716780582,0.510468614,0.492160857,0.011651794,0.691581488,0.234933957,0.262372345
0.648287274,0.436941314,0.603885151,0.738765045,0.608344035,0.434786677,0.05142523,0.439968765,0.269241214,0.01781223
0.725233531,0.462796942,0.640312384,0.712781336,0.666862404,0.205275208,0.234933957,0.56971103,0.308216244,0.011651794
0.756899066,0.459183438,0.637826805,0.645864238,0.676640003,0.147605702,0.269241214,0.262372345,0.492160857,0.05142523
0.74096579,0.413408086,0.591346389,0.546613672,0.63468312,0.061660979,0.308216244,0.01781223,0.434786677,0.234933957
0.67887097,0.329442766,0.502125418,0.412264722,0.547155048,0.021133337,0.492160857,0.011651794,0.205275208,0.269241214
0.570235264,0.222679736,0.380468501,0.237827855,0.426888148,0.042154603,0.434786677,0.05142523,0.147605702,0.308216244
0.416920384,0.114757868,0.228503579,0.072066607,0.281131836,0.086964674,0.205275208,0.234933957,0.061660979,0.492160857
0.221637744,0.032010288,0.078080236,0.001617507,0.125623376,0.254774988,0.147605702,0.269241214,0.021133337,0.434786677
0.057293657,0.000034643,0.005393065,0,0.024670557,0.34942171,0.061660979,0.308216244,0.042154603,0.205275208
3.41114E-05,0,0,0,0,0.29196167,0.021133337,0.492160857,0.086964674,0.147605702
0,0,0,0,0,0.434718728,0.042154603,0.434786677,0.254774988,0.061660979
0,0,0,0,0,0.544953108,0.086964674,0.205275208,0.34942171,0.021133337
0,0,0,0,0,0.402739882,0.254774988,0.147605702,0.29196167,0.042154603
0,0,0,0,0,0.265694559,0.34942171,0.061660979,0.434718728,0.086964674
0,0,0,0,0,0.271681249,0.29196167,0.021133337,0.544953108,0.254774988
0,0,0,0,0,0.345898747,0.434718728,0.042154603,0.402739882,0.34942171
0,0,0,0,0,0.269551188,0.544953108,0.086964674,0.265694559,0.29196167
0,0,0,9.70967E-05,0,0.422062159,0.402739882,0.254774988,0.271681249,0.434718728
0,7.14015E-05,0,0.036548051,0,0.565201998,0.265694559,0.34942171,0.345898747,0.544953108
0,0.031869727,0.025743095,0.143809314,0,0.833302319,0.271681249,0.29196167,0.269551188,0.402739882
0.028168545,0.10870986,0.110508646,0.289325059,0.02963198,0.874854088,0.345898747,0.434718728,0.422062159,0.265694559
0.160302325,0.206185735,0.245873715,0.404995217,0.135438419,0.980396271,0.269551188,0.544953108,0.565201998,0.271681249
0.362082816,0.305360592,0.384765591,0.485059818,0.287872523,0.66045928,0.422062159,0.402739882,0.833302319,0.345898747
0.530113946,0.37405333,0.478454849,0.540685957,0.413572375,0.541325271,0.565201998,0.265694559,0.874854088,0.269551188
0.648287274,0.412433023,0.533131936,0.551912019,0.496553231,0.490410298,0.833302319,0.271681249,0.980396271,0.422062159
0.725233531,0.434805188,0.560503147,0.52513961,0.54165551,0.405053049,0.874854088,0.345898747,0.66045928,0.565201998
0.756899066,0.429373165,0.550105804,0.46760344,0.541526563,0.286999673,0.980396271,0.269551188,0.541325271,0.833302319
0.74096579,0.392086579,0.504116346,0.384929871,0.503830855,0.217008129,0.66045928,0.422062159,0.490410298,0.874854088
0.67887097,0.319812186,0.424875087,0.28015749,0.432579925,0.123513862,0.541325271,0.565201998,0.405053049,0.980396271
0.570235264,0.221984813,0.322115372,0.154844094,0.332956098,0.039516836,0.490410298,0.833302319,0.286999673,0.66045928
0.416920384,0.12148518,0.198185993,0.046888747,0.21481898,0.05173675,0.405053049,0.874854088,0.217008129,0.541325271
0.221637744,0.037536667,0.076320581,0.002993463,0.099509431,0.040682856,0.286999673,0.980396271,0.123513862,0.490410298
0.057293657,0.001276633,0.011554049,0,0.023984818,0.05797955,0.217008129,0.66045928,0.039516836,0.405053049
3.41114E-05,0,0,0,5.33106E-06,0.012646789,0.123513862,0.541325271,0.05173675,0.286999673
0,0,0,0,0,0.034530938,0.039516836,0.490410298,0.040682856,0.217008129
0,0,0,0,0,0.076051399,0.05173675,0.405053049,0.05797955,0.123513862
0,0,0,0,0,0.035228528,0.040682856,0.286999673,0.012646789,0.039516836
0,0,0,0,0,0.018820198,0.05797955,0.217008129,0.034530938,0.05173675
0,0,0,0,0,0.002852182,0.012646789,0.123513862,0.076051399,0.040682856
0,0,0,0,0,0.000193164,0.034530938,0.039516836,0.035228528,0.05797955
0,0,0,0,0,0.002148779,0.076051399,0.05173675,0.018820198,0.012646789
0,0,0,6.97174E-07,0,0.007277843,0.035228528,0.040682856,0.002852182,0.034530938
0,0,0,0.013549298,0,0.007993791,0.018820198,0.05797955,0.000193164,0.076051399
0,0.018367976,0.008699189,0.070179459,0,0.005597395,0.002852182,0.012646789,0.002148779,0.035228528
0.028168545,0.073878282,0.057796778,0.1649287,0.019176917,0.000278694,0.000193164,0.034530938,0.007277843,0.018820198
0.160302325,0.162886631,0.158517318,0.24537725,0.097453136,0.001278759,0.002148779,0.076051399,0.007993791,0.002852182
0.362082816,0.264600588,0.276008548,0.303188768,0.226656626,0.046346176,0.007277843,0.035228528,0.005597395,0.000193164
0.530113946,0.345009389,0.359633278,0.349695235,0.344153534,0.131557837,0.007993791,0.018820198,0.000278694,0.002148779
0.648287274,0.395807962,0.406551005,0.369299561,0.423652467,0.267515749,0.005597395,0.002852182,0.001278759,0.007277843
0.725233531,0.421341656,0.431033394,0.356433124,0.467690279,0.322509408,0.000278694,0.000193164,0.046346176,0.007993791
0.756899066,0.413537762,0.426120426,0.315890947,0.470649699,0.250873864,0.001278759,0.002148779,0.131557837,0.005597395
0.74096579,0.372044019,0.392856392,0.25738533,0.436196213,0.326118022,0.046346176,0.007277843,0.267515749,0.000278694
0.67887097,0.301515608,0.327540149,0.181499574,0.37098972,0.556509852,0.131557837,0.007993791,0.322509408,0.001278759
0.570235264,0.211032957,0.243267778,0.094245247,0.283949661,0.7263484,0.267515749,0.005597395,0.250873864,0.046346176
0.416920384,0.114473305,0.149093864,0.026673526,0.181293397,0.575021565,0.322509408,0.000278694,0.326118022,0.131557837
0.221637744,0.03487298,0.060032846,0.001714032,0.082196902,0.781500399,0.250873864,0.001278759,0.556509852,0.267515749
0.057293657,0.001742103,0.010929424,0,0.019225853,0.822874248,0.326118022,0.046346176,0.7263484,0.322509408
3.41114E-05,0,0,0,4.95409E-06,0.913995326,0.556509852,0.131557837,0.575021565,0.250873864
0,0,0,0,0,0.991277099,0.7263484,0.267515749,0.781500399,0.326118022
0,0,0,0,0,0.999656141,0.575021565,0.322509408,0.822874248,0.556509852
0,0,0,0,0,1,0.781500399,0.250873864,0.913995326,0.7263484
0,0,0,0,0,0.998488963,0.822874248,0.326118022,0.991277099,0.575021565
0,0,0,0,0,1,0.913995326,0.556509852,0.999656141,0.781500399
0,0,0,0,0,0.857438207,0.991277099,0.7263484,1,0.822874248
0,0,0,0,0,0.874512911,0.999656141,0.575021565,0.998488963,0.913995326
0,0,0,0,0,0.904477656,1,0.781500399,1,0.991277099
0,0,0,0.009289247,0,0.876388371,0.998488963,0.822874248,0.857438207,0.999656141
0,0.021596612,0.001614276,0.072100959,0,0.377057523,1,0.913995326,0.874512911,1
0.028168545,0.096107401,0.054766203,0.190405276,0.0177531,0.391678184,0.857438207,0.991277099,0.904477656,0.998488963
0.160302325,0.208913968,0.182334557,0.277139654,0.099663088,0.352144361,0.874512911,0.999656141,0.876388371,1
0.362082816,0.322561179,0.32461304,0.331102721,0.239711236,0.238107786,0.904477656,1,0.377057523,0.857438207
0.530113946,0.412043789,0.422807408,0.378329198,0.360126451,0.194672585,0.876388371,0.998488963,0.391678184,0.874512911
0.648287274,0.468468826,0.475910669,0.400660292,0.435836919,0.188734755,0.377057523,1,0.352144361,0.904477656
0.725233531,0.49205162,0.504584821,0.392230459,0.478373291,0.180827931,0.391678184,0.857438207,0.238107786,0.876388371
0.756899066,0.484090573,0.497714406,0.350881023,0.484508526,0.177002564,0.352144361,0.874512911,0.194672585,0.377057523
0.74096579,0.436573502,0.453280358,0.284926348,0.449445168,0.197509423,0.238107786,0.904477656,0.188734755,0.391678184
0.67887097,0.351093142,0.376573745,0.199204372,0.378401934,0.19805795,0.194672585,0.876388371,0.180827931,0.352144361
0.570235264,0.241245504,0.274951864,0.107543947,0.285959871,0.372504592,0.188734755,0.377057523,0.177002564,0.238107786
0.416920384,0.123367517,0.158785041,0.031123546,0.176977658,0.483164936,0.180827931,0.391678184,0.197509423,0.194672585
0.221637744,0.033417793,0.053587996,0.000395911,0.074270379,0.590775192,0.177002564,0.352144361,0.19805795,0.188734755
0.057293657,0.000154151,0.004798177,0,0.014648873,0.861515999,0.197509423,0.238107786,0.372504592,0.180827931
3.41114E-05,0,0,0,0,0.94478178,0.19805795,0.194672585,0.483164936,0.177002564
0,0,0,0,0,0.802502394,0.372504592,0.188734755,0.590775192,0.197509423
0,0,0,0,0,0.762090623,0.483164936,0.180827931,0.861515999,0.19805795
0,0,0,0,0,0.543957233,0.590775192,0.177002564,0.94478178,0.372504592
0,0,0,0,0,0.197991416,0.861515999,0.197509423,0.802502394,0.483164936
0,0,0,0,0,0.587909341,0.94478178,0.19805795,0.762090623,0.590775192
0,0,0,0,0,0.397725999,0.802502394,0.372504592,0.543957233,0.861515999
0,0,0,0,0,0.161050498,0.762090623,0.483164936,0.197991416,0.94478178
0,0,0,0,0,0.024184516,0.543957233,0.590775192,0.587909341,0.802502394
0,0,0,0.010365576,0,5.58E-05,0.197991416,0.861515999,0.397725999,0.762090623
0,0.018129165,9.97578E-06,0.10412263,0,0.004360386,0.587909341,0.94478178,0.161050498,0.543957233
0.028168545,0.098892003,0.065960248,0.278629414,0.024634202,0.061291423,0.397725999,0.802502394,0.024184516,0.197991416
0.160302325,0.224293789,0.221993233,0.407806705,0.1388315,0.112109691,0.161050498,0.762090623,5.58E-05,0.587909341
0.362082816,0.335391152,0.379960332,0.480577685,0.316784795,0.168797493,0.024184516,0.543957233,0.004360386,0.397725999
0.530113946,0.404257016,0.473395401,0.525078266,0.455255007,0.068475597,5.58E-05,0.197991416,0.061291423,0.161050498
0.648287274,0.44592744,0.519037537,0.530232129,0.539025892,0.05623997,0.004360386,0.587909341,0.112109691,0.024184516
0.725233531,0.46954489,0.53764809,0.502002626,0.580651139,0.196977526,0.061291423,0.397725999,0.168797493,5.58E-05
0.756899066,0.458529972,0.520718864,0.437831578,0.575155643,0.145310938,0.112109691,0.161050498,0.068475597,0.004360386
0.74096579,0.405668318,0.467542763,0.351699874,0.526155639,0.08117944,0.168797493,0.024184516,0.05623997,0.061291423
0.67887097,0.308281378,0.379580114,0.239025677,0.438464912,0.395142466,0.068475597,5.58E-05,0.196977526,0.112109691
0.570235264,0.191771429,0.266716478,0.10842361,0.328380989,0.576718569,0.05623997,0.004360386,0.145310938,0.168797493
0.416920384,0.078755196,0.138112833,0.022472359,0.197238204,0.496503055,0.196977526,0.061291423,0.08117944,0.068475597
0.221637744,0.012112534,0.036178216,7.08008E-07,0.070617725,0.311145484,0.145310938,0.112109691,0.395142466,0.05623997
0.057293657,0,0.000114229,0,0.00858835,0.279244363,0.08117944,0.168797493,0.576718569,0.196977526
3.41114E-05,0,0,0,0,0.238546878,0.395142466,0.068475597,0.496503055,0.145310938
0,0,0,0,0,0.265967458,0.576718569,0.05623997,0.311145484,0.08117944
0,0,0,0,0,0.106788628,0.496503055,0.196977526,0.279244363,0.395142466
0,0,0,0,0,0.08154732,0.311145484,0.145310938,0.238546878,0.576718569
0,0,0,0,0,0.541567147,0.279244363,0.08117944,0.265967458,0.496503055
0,0,0,0,0,0.602012873,0.238546878,0.395142466,0.106788628,0.311145484
0,0,0,0,0,0.42094329,0.265967458,0.576718569,0.08154732,0.279244363
0,0,0,0,0,0.024047125,0.106788628,0.496503055,0.541567147,0.238546878
0,0,0,0,0,0.000509609,0.08154732,0.311145484,0.602012873,0.265967458
0,0,0,0.008339044,0,0.00273765,0.541567147,0.279244363,0.42094329,0.106788628
0,0.005753611,0,0.125738749,0,0.000276542,0.602012873,0.238546878,0.024047125,0.08154732
0.028168545,0.112826529,0.077506826,0.342778783,0.02556177,0.000615481,0.42094329,0.265967458,0.000509609,0.541567147
0.160302325,0.29605062,0.25839701,0.516879638,0.156097684,0.041605111,0.024047125,0.106788628,0.00273765,0.602012873
0.362082816,0.43061533,0.432675956,0.62658799,0.353591363,0.019711893,0.000509609,0.08154732,0.000276542,0.42094329
0.530113946,0.499194474,0.533182454,0.682536924,0.499175391,0.007141376,0.00273765,0.541567147,0.000615481,0.024047125
0.648287274,0.533077332,0.582899802,0.686536735,0.586025609,0.024200801,0.000276542,0.602012873,0.041605111,0.000509609
0.725233531,0.549128151,0.605466964,0.647163858,0.629005684,0.067909464,0.000615481,0.42094329,0.019711893,0.00273765
0.756899066,0.52604716,0.588487885,0.565915282,0.620883644,0.101461813,0.041605111,0.024047125,0.007141376,0.000276542
0.74096579,0.463501501,0.526844348,0.442333116,0.566066032,0.117638834,0.019711893,0.000509609,0.024200801,0.000615481
0.67887097,0.357537248,0.425540756,0.276098901,0.477118589,0.241314113,0.007141376,0.00273765,0.067909464,0.041605111
0.570235264,0.213653945,0.283684551,0.097498627,0.355129183,0.276252449,0.024200801,0.000276542,0.101461813,0.019711893
0.416920384,0.067541782,0.112683202,0.005894177,0.203556536,0.316608757,0.067909464,0.000615481,0.117638834,0.007141376
0.221637744,0.000363079,0.012219102,0,0.062029891,0.316823721,0.101461813,0.041605111,0.241314113,0.024200801
0.057293657,0,0,0,0.000766355,0.393531919,0.117638834,0.019711893,0.276252449,0.067909464
3.41114E-05,0,0,0,0,0.462306619,0.241314113,0.007141376,0.316608757,0.101461813
0,0,0,0,0,0.378718853,0.276252449,0.024200801,0.316823721,0.117638834
0,0,0,0,0,0.241549402,0.316608757,0.067909464,0.393531919,0.241314113
0,0,0,0,0,0.351319104,0.316823721,0.101461813,0.462306619,0.276252449
0,0,0,0,0,0.448488265,0.393531919,0.117638834,0.378718853,0.316608757
0,0,0,0,0,0.370012134,0.462306619,0.241314113,0.241549402,0.316823721
0,0,0,0,0,0.051599134,0.378718853,0.276252449,0.351319104,0.393531919
0,0,0,0,0,0.011911712,0.241549402,0.316608757,0.448488265,0.462306619
0,0,0,0,0,1.80E-05,0.351319104,0.316823721,0.370012134,0.378718853
0,0,0,0.001096135,0,2.58E-05,0.448488265,0.393531919,0.051599134,0.241549402
0,0,0,0.107148217,0,0.00863152,0.370012134,0.462306619,0.011911712,0.351319104
0.028168545,0.109948012,0.051050887,0.329040347,0.008493476,0.024309885,0.051599134,0.378718853,1.80E-05,0.448488265
0.160302325,0.328276278,0.221020596,0.517244325,0.147571789,0.069976583,0.011911712,0.241549402,2.58E-05,0.370012134
0.362082816,0.500389856,0.4235184,0.630445419,0.380535076,0.191727817,1.80E-05,0.351319104,0.00863152,0.051599134
0.530113946,0.582692407,0.553563866,0.687481075,0.530433368,0.294740021,2.58E-05,0.448488265,0.024309885,0.011911712
0.648287274,0.619939029,0.625051986,0.695377762,0.610164795,0.356500685,0.00863152,0.370012134,0.069976583,1.80E-05
0.725233531,0.636590034,0.650565976,0.661083169,0.649094112,0.649786055,0.024309885,0.051599134,0.191727817,2.58E-05
0.756899066,0.608664542,0.631141084,0.581190504,0.640143269,0.734186053,0.069976583,0.011911712,0.294740021,0.00863152
0.74096579,0.533595096,0.566111088,0.450220806,0.589878402,0.37502557,0.191727817,1.80E-05,0.356500685,0.024309885
0.67887097,0.406246521,0.444986446,0.265459406,0.502673365,0.266916722,0.294740021,2.58E-05,0.649786055,0.069976583
0.570235264,0.214778245,0.268523736,0.079720202,0.376077865,0.500507832,0.356500685,0.00863152,0.734186053,0.191727817
0.416920384,0.0507441,0.084389002,0.000288221,0.21685208,0.625470519,0.649786055,0.024309885,0.37502557,0.294740021
0.221637744,0,0.000352542,0,0.065806525,0.27575326,0.734186053,0.069976583,0.266916722,0.356500685
0.057293657,0,0,0,0,0.23257494,0.37502557,0.191727817,0.500507832,0.649786055
3.41114E-05,0,0,0,0,0.243426248,0.266916722,0.294740021,0.625470519,0.734186053
0,0,0,0,0,0.242995322,0.500507832,0.356500685,0.27575326,0.37502557
0,0,0,0,0,0.327035606,0.625470519,0.649786055,0.23257494,0.266916722
0,0,0,0,0,0.419548184,0.27575326,0.734186053,0.243426248,0.500507832
0,0,0,0,0,0.568132997,0.23257494,0.37502557,0.242995322,0.625470519
0,0,0,0,0,0.456603318,0.243426248,0.266916722,0.327035606,0.27575326
0,0,0,0,0,0.153531626,0.242995322,0.500507832,0.419548184,0.23257494
0,0,0,0,0,0.135696828,0.327035606,0.625470519,0.568132997,0.243426248
0,0,0,0,0,0.065468155,0.419548184,0.27575326,0.456603318,0.242995322
0,0,0,0,0,0.071466975,0.568132997,0.23257494,0.153531626,0.327035606
0,0,0,0.055830753,0,0.035836052,0.456603318,0.243426248,0.135696828,0.419548184
0.028168545,0.064766638,0.004242237,0.244582415,0.00006223,0.057364896,0.153531626,0.242995322,0.065468155,0.568132997
0.160302325,0.255268649,0.135981336,0.450991233,0.108882234,0.066013575,0.135696828,0.327035606,0.071466975,0.456603318
0.362082816,0.453660127,0.354738922,0.572971741,0.329000576,0.164272979,0.065468155,0.419548184,0.035836052,0.153531626
0.530113946,0.542779921,0.46872776,0.641610296,0.488560151,0.413717777,0.071466975,0.568132997,0.057364896,0.135696828
0.648287274,0.584379829,0.526999394,0.660908146,0.575258615,0.43738243,0.035836052,0.456603318,0.066013575,0.065468155
0.725233531,0.610835519,0.57363402,0.637427114,0.625140117,0.304690957,0.057364896,0.153531626,0.164272979,0.071466975
0.756899066,0.591498424,0.575769929,0.566945239,0.627792799,0.120182425,0.066013575,0.135696828,0.413717777,0.035836052
0.74096579,0.522767137,0.528135535,0.445826035,0.588121505,0.335924417,0.164272979,0.065468155,0.43738243,0.057364896
0.67887097,0.398029936,0.418195272,0.27544807,0.507992297,0.130231023,0.413717777,0.071466975,0.304690957,0.066013575
0.570235264,0.214457839,0.262842486,0.091087146,0.38945216,0.000935106,0.43738243,0.035836052,0.120182425,0.164272979
0.416920384,0.053774111,0.090474622,0.001916967,0.242685424,0.242175356,0.304690957,0.057364896,0.335924417,0.413717777
0.221637744,0,0.001099239,0,0.082892423,0.175084844,0.120182425,0.066013575,0.130231023,0.43738243
0.057293657,0,0,0,0.000256649,0.270066261,0.335924417,0.164272979,0.000935106,0.304690957
3.41114E-05,0,0,0,0,0.345055819,0.130231023,0.413717777,0.242175356,0.120182425
0,0,0,0,0,0.375122994,0.000935106,0.43738243,0.175084844,0.335924417
0,0,0,0,0,0.321881682,0.242175356,0.304690957,0.270066261,0.130231023
0,0,0,0,0,0.290718645,0.175084844,0.120182425,0.345055819,0.000935106
0,0,0,0,0,0.285740972,0.270066261,0.335924417,0.375122994,0.242175356
0,0,0,0,0,0.275949091,0.345055819,0.130231023,0.321881682,0.175084844
0,0,0,0,0,0.118105657,0.375122994,0.000935106,0.290718645,0.270066261
0,0,0,0,0,0.245885074,0.321881682,0.242175356,0.285740972,0.345055819
0,0,0,0,0,0.278495699,0.290718645,0.175084844,0.275949091,0.375122994
0,0,0,0,0,0.234589428,0.285740972,0.270066261,0.118105657,0.321881682
0,0,0,0.036124838,0,0.198746011,0.275949091,0.345055819,0.245885074,0.290718645
0.028168545,0.0412833,3.87821E-07,0.227561325,0,0.148561239,0.118105657,0.375122994,0.278495699,0.285740972
0.160302325,0.21719522,0.123562505,0.474633847,0.099302754,0.245118678,0.245885074,0.321881682,0.234589428,0.275949091
0.362082816,0.437239152,0.350346208,0.621990347,0.322716078,0.091001235,0.278495699,0.290718645,0.198746011,0.118105657
0.530113946,0.555174385,0.470659642,0.703798963,0.515044317,0.117032401,0.234589428,0.285740972,0.148561239,0.245885074
0.648287274,0.618641955,0.530772992,0.73605817,0.630605142,0.212878972,0.198746011,0.275949091,0.245118678,0.278495699
0.725233531,0.654165025,0.593863891,0.727632665,0.697638048,0.32815662,0.148561239,0.118105657,0.091001235,0.234589428
0.756899066,0.644009549,0.61795828,0.67469884,0.716580655,0.058632214,0.245118678,0.245885074,0.117032401,0.198746011
0.74096579,0.584443909,0.591373309,0.57147126,0.694481821,0.076176144,0.091001235,0.278495699,0.212878972,0.148561239
0.67887097,0.461943299,0.497196321,0.40257636,0.629024793,0.042524107,0.117032401,0.234589428,0.32815662,0.245118678
0.570235264,0.279176191,0.34426557,0.167484634,0.517746087,0.022035673,0.212878972,0.198746011,0.058632214,0.091001235
0.416920384,0.087129579,0.143554844,0.018261165,0.350324394,0.031880006,0.32815662,0.148561239,0.076176144,0.117032401
0.221637744,9.21049E-05,0.016104115,0,0.13445333,0.068542995,0.058632214,0.245118678,0.042524107,0.212878972
0.057293657,0,0,0,0.009415295,0.01043357,0.076176144,0.091001235,0.022035673,0.32815662
3.41114E-05,0,0,0,0,0.000379262,0.042524107,0.117032401,0.031880006,0.058632214
0,0,0,0,0,4.22E-05,0.022035673,0.212878972,0.068542995,0.076176144
0,0,0,0,0,0.00096238,0.031880006,0.32815662,0.01043357,0.042524107
0,0,0,0,0,0.006140336,0.068542995,0.058632214,0.000379262,0.022035673
0,0,0,0,0,0.000176214,0.01043357,0.076176144,4.22E-05,0.031880006
0,0,0,0,0,0.00478695,0.000379262,0.042524107,0.00096238,0.068542995
0,0,0,0,0,0.003498926,4.22E-05,0.022035673,0.006140336,0.01043357
0,0,0,0,0,0,0.00096238,0.031880006,0.000176214,0.000379262
0,0,0,0,0,0,0.006140336,0.068542995,0.00478695,4.22E-05
0,0,0,0,0,0,0.000176214,0.01043357,0.003498926,0.00096238
0,0,0,0.059198695,0,0,0.00478695,0.000379262,0,0.006140336
0.028168545,0.06350896,0.008823963,0.260889475,8.97956E-06,7.53E-06,0.003498926,4.22E-05,0,0.000176214
0.160302325,0.226344513,0.148806513,0.494000346,0.107371269,0.002907261,0,0.00096238,0,0.00478695
0.362082816,0.399621076,0.382050465,0.640014732,0.345519128,0.028743783,0,0.006140336,0,0.003498926
0.530113946,0.506024334,0.537776593,0.724162328,0.549781914,0.048778936,0,0.000176214,7.53E-06,0
0.648287274,0.564421175,0.630873886,0.760361472,0.672936237,0.068387553,0,0.00478695,0.002907261,0
0.725233531,0.593604255,0.68064409,0.753486574,0.747078476,0.017793536,7.53E-06,0.003498926,0.028743783,0
0.756899066,0.587792531,0.687478942,0.702994787,0.773695645,0.028155876,0.002907261,0,0.048778936,0
0.74096579,0.535570515,0.650252901,0.607318086,0.755049595,0.007636398,0.028743783,0,0.068387553,7.53E-06
0.67887097,0.420190117,0.557936247,0.450924309,0.691801778,0.056259312,0.048778936,0,0.017793536,0.002907261
0.570235264,0.261012072,0.410027556,0.221824347,0.585818496,0.173777133,0.068387553,0,0.028155876,0.028743783
0.416920384,0.091215323,0.208916103,0.044805602,0.423246743,0.140292421,0.017793536,7.53E-06,0.007636398,0.048778936
0.221637744,0.004193493,0.048571953,0,0.193411402,0.117787331,0.028155876,0.002907261,0.056259312,0.068387553
0.057293657,0,0,0,0.03130264,0.060551696,0.007636398,0.028743783,0.173777133,0.017793536
3.41114E-05,0,0,0,0,0.008954635,0.056259312,0.048778936,0.140292421,0.028155876
0,0,0,0,0,3.52E-05,0.173777133,0.068387553,0.117787331,0.007636398
0,0,0,0,0,0.010338285,0.140292421,0.017793536,0.060551696,0.056259312
0,0,0,0,0,0.000245371,0.117787331,0.028155876,0.008954635,0.173777133
0,0,0,0,0,0.004288086,0.060551696,0.007636398,3.52E-05,0.140292421
0,0,0,0,0,0.007012418,0.008954635,0.056259312,0.010338285,0.117787331
0,0,0,0,0,0.031757198,3.52E-05,0.173777133,0.000245371,0.060551696
0,0,0,0,0,0.05991846,0.010338285,0.140292421,0.004288086,0.008954635
0,0,0,0,0,0.026519999,0.000245371,0.117787331,0.007012418,3.52E-05
0,0,0,0.003188397,0,0.042636495,0.004288086,0.060551696,0.031757198,0.010338285
0,0.002818922,0,0.109267752,0,0.133638188,0.007012418,0.008954635,0.05991846,0.000245371
0.028168545,0.097517573,0.064778894,0.338044572,0.006130837,0.226642102,0.031757198,3.52E-05,0.026519999,0.004288086
0.160302325,0.274908586,0.24802122,0.544852225,0.140814396,0.506121755,0.05991846,0.010338285,0.042636495,0.007012418
0.362082816,0.421797906,0.453188661,0.678220947,0.385471322,0.472669721,0.026519999,0.000245371,0.133638188,0.031757198
0.530113946,0.509333356,0.591517346,0.757915152,0.569509923,0.670481324,0.042636495,0.004288086,0.226642102,0.05991846
0.648287274,0.559454539,0.678417539,0.791492929,0.684429851,0.58980298,0.133638188,0.007012418,0.506121755,0.026519999
0.725233531,0.584622242,0.722725413,0.782322524,0.751421627,0.335111022,0.226642102,0.031757198,0.472669721,0.042636495
0.756899066,0.574000643,0.726041432,0.728302747,0.768361416,0.484965205,0.506121755,0.05991846,0.670481324,0.133638188
0.74096579,0.51615533,0.68809343,0.62888002,0.738304208,0.183717415,0.472669721,0.026519999,0.58980298,0.226642102
0.67887097,0.407322889,0.597813196,0.473381589,0.665766586,0.165811986,0.670481324,0.042636495,0.335111022,0.506121755
0.570235264,0.260508761,0.456730347,0.250336495,0.553962919,0.126315966,0.58980298,0.133638188,0.484965205,0.472669721
0.416920384,0.102553694,0.26401039,0.060944371,0.390631997,0.250408709,0.335111022,0.226642102,0.183717415,0.670481324
0.221637744,0.014300045,0.077175757,1.38311E-06,0.177615609,0.072479136,0.484965205,0.506121755,0.165811986,0.58980298
0.057293657,0,1.34011E-05,0,0.030836673,0.117565282,0.183717415,0.472669721,0.126315966,0.335111022
3.41114E-05,0,0,0,0,0.155604973,0.165811986,0.670481324,0.250408709,0.484965205
0,0,0,0,0,0.093684286,0.126315966,0.58980298,0.072479136,0.183717415
0,0,0,0,0,0.104687713,0.250408709,0.335111022,0.117565282,0.165811986
0,0,0,0,0,0.08506234,0.072479136,0.484965205,0.155604973,0.126315966
0,0,0,0,0,0.029061718,0.117565282,0.183717415,0.093684286,0.250408709
0,0,0,0,0,0.015472491,0.155604973,0.165811986,0.104687713,0.072479136
0,0,0,0,0,0.034845442,0.093684286,0.126315966,0.08506234,0.117565282
0,0,0,0,0,0.039674755,0.104687713,0.250408709,0.029061718,0.155604973
0,0,0,0,0,0.033386283,0.08506234,0.072479136,0.015472491,0.093684286
0,0,0,0.025073524,0,0.044556201,0.029061718,0.117565282,0.034845442,0.104687713
0,0.037532443,0.003868023,0.167213774,0,0.054628227,0.015472491,0.155604973,0.039674755,0.08506234
0.028168545,0.140088176,0.101290592,0.390428629,0.041892604,0.033980265,0.034845442,0.093684286,0.033386283,0.029061718
0.160302325,0.26583767,0.294546236,0.568145263,0.197856604,0.092461862,0.039674755,0.104687713,0.044556201,0.015472491
0.362082816,0.377160786,0.469067997,0.68711925,0.408958317,0.213491201,0.033386283,0.08506234,0.054628227,0.034845442
0.530113946,0.447654768,0.578649811,0.758916818,0.567525801,0.510708034,0.044556201,0.029061718,0.033980265,0.039674755
0.648287274,0.48532939,0.644331343,0.783747726,0.67165112,0.325402647,0.054628227,0.015472491,0.092461862,0.033386283
0.725233531,0.506184212,0.685036796,0.762441927,0.73352516,0.109231673,0.033980265,0.034845442,0.213491201,0.044556201
0.756899066,0.498039613,0.683616935,0.698253468,0.745181335,0.141412899,0.092461862,0.039674755,0.510708034,0.054628227
0.74096579,0.446905322,0.634604094,0.596198017,0.702036772,0.200787768,0.213491201,0.033386283,0.325402647,0.033980265
0.67887097,0.35310421,0.539979251,0.450350691,0.612361932,0.165741012,0.510708034,0.044556201,0.109231673,0.092461862
0.570235264,0.230271213,0.40483065,0.250833166,0.487108263,0.262918055,0.325402647,0.054628227,0.141412899,0.213491201
0.416920384,0.103127727,0.236368341,0.068891904,0.326528888,0.114421457,0.109231673,0.033980265,0.200787768,0.510708034
0.221637744,0.022464273,0.074067777,0.000116228,0.143563538,0.190887183,0.141412899,0.092461862,0.165741012,0.325402647
0.057293657,0,0.000948928,0,0.025041943,0.310047299,0.200787768,0.213491201,0.262918055,0.109231673
3.41114E-05,0,0,0,0,0.328402042,0.165741012,0.510708034,0.114421457,0.141412899
0,0,0,0,0,0.291265547,0.262918055,0.325402647,0.190887183,0.200787768
0,0,0,0,0,0.258420199,0.114421457,0.109231673,0.310047299,0.165741012
0,0,0,0,0,0.565356612,0.190887183,0.141412899,0.328402042,0.262918055
0,0,0,0,0,0.474641234,0.310047299,0.200787768,0.291265547,0.114421457
0,0,0,0,0,0.477968991,0.328402042,0.165741012,0.258420199,0.190887183
0,0,0,0,0,0.283202529,0.291265547,0.262918055,0.565356612,0.310047299
0,0,0,0,0,0.239412189,0.258420199,0.114421457,0.474641234,0.328402042
0,0,0,4.61733E-05,0,0.047368106,0.565356612,0.190887183,0.477968991,0.291265547
0,1.48304E-05,0,0.051132897,0,0.027056068,0.474641234,0.310047299,0.283202529,0.258420199
0,0.041901765,0.031332117,0.201223075,0,0.021032324,0.477968991,0.328402042,0.239412189,0.565356612
0.028168545,0.137421175,0.139127236,0.390759057,0.047171215,0.109893739,0.283202529,0.291265547,0.047368106,0.474641234
0.160302325,0.242002969,0.297028066,0.542294478,0.187775675,0.105706513,0.239412189,0.258420199,0.027056068,0.477968991
0.362082816,0.338567293,0.445079902,0.648332113,0.367188644,0.035984442,0.047368106,0.565356612,0.021032324,0.283202529
0.530113946,0.401563541,0.543373462,0.716780582,0.510468614,0.038465872,0.027056068,0.474641234,0.109893739,0.239412189
0.648287274,0.436941314,0.603885151,0.738765045,0.608344035,0.073451944,0.021032324,0.477968991,0.105706513,0.047368106
0.725233531,0.462796942,0.640312384,0.712781336,0.666862404,0.063978247,0.109893739,0.283202529,0.035984442,0.027056068
0.756899066,0.459183438,0.637826805,0.645864238,0.676640003,0.242393762,0.105706513,0.239412189,0.038465872,0.021032324
0.74096579,0.413408086,0.591346389,0.546613672,0.63468312,0.310654491,0.035984442,0.047368106,0.073451944,0.109893739
0.67887097,0.329442766,0.502125418,0.412264722,0.547155048,0.112023175,0.038465872,0.027056068,0.063978247,0.105706513
0.570235264,0.222679736,0.380468501,0.237827855,0.426888148,0.101019211,0.073451944,0.021032324,0.242393762,0.035984442
0.416920384,0.114757868,0.228503579,0.072066607,0.281131836,0.275274158,0.063978247,0.109893739,0.310654491,0.038465872
0.221637744,0.032010288,0.078080236,0.001617507,0.125623376,0.541148543,0.242393762,0.105706513,0.112023175,0.073451944
0.057293657,0.000034643,0.005393065,0,0.024670557,0.774360359,0.310654491,0.035984442,0.101019211,0.063978247
3.41114E-05,0,0,0,0,0.821982026,0.112023175,0.038465872,0.275274158,0.242393762
0,0,0,0,0,0.700980961,0.101019211,0.073451944,0.541148543,0.310654491
0,0,0,0,0,0.801712751,0.275274158,0.063978247,0.774360359,0.112023175
0,0,0,0,0,0.915125668,0.541148543,0.242393762,0.821982026,0.101019211
0,0,0,0,0,0.810273886,0.774360359,0.310654491,0.700980961,0.275274158
0,0,0,0,0,0.794160008,0.821982026,0.112023175,0.801712751,0.541148543
0,0,0,0,0,0.588351786,0.700980961,0.101019211,0.915125668,0.774360359
0,0,0,0,0,0.165884137,0.801712751,0.275274158,0.810273886,0.821982026
0,0,0,9.70967E-05,0,0.007752342,0.915125668,0.541148543,0.794160008,0.700980961
0,7.14015E-05,0,0.036548051,0,0.002333932,0.810273886,0.774360359,0.588351786,0.801712751
0,0.031869727,0.025743095,0.143809314,0,0.004906158,0.794160008,0.821982026,0.165884137,0.915125668
0.028168545,0.10870986,0.110508646,0.289325059,0.02963198,0.001559391,0.588351786,0.700980961,0.007752342,0.810273886
0.160302325,0.206185735,0.245873715,0.404995217,0.135438419,0.003853343,0.165884137,0.801712751,0.002333932,0.794160008
0.362082816,0.305360592,0.384765591,0.485059818,0.287872523,0.020731987,0.007752342,0.915125668,0.004906158,0.588351786
0.530113946,0.37405333,0.478454849,0.540685957,0.413572375,0.044360351,0.002333932,0.810273886,0.001559391,0.165884137
0.648287274,0.412433023,0.533131936,0.551912019,0.496553231,0.129721001,0.004906158,0.794160008,0.003853343,0.007752342
0.725233531,0.434805188,0.560503147,0.52513961,0.54165551,0.218008369,0.001559391,0.588351786,0.020731987,0.002333932
0.756899066,0.429373165,0.550105804,0.46760344,0.541526563,0.120932437,0.003853343,0.165884137,0.044360351,0.004906158
0.74096579,0.392086579,0.504116346,0.384929871,0.503830855,0.244646087,0.020731987,0.007752342,0.129721001,0.001559391
0.67887097,0.319812186,0.424875087,0.28015749,0.432579925,0.349717855,0.044360351,0.002333932,0.218008369,0.003853343
0.570235264,0.221984813,0.322115372,0.154844094,0.332956098,0.435120702,0.129721001,0.004906158,0.120932437,0.020731987
0.416920384,0.12148518,0.198185993,0.046888747,0.21481898,0.385955334,0.218008369,0.001559391,0.244646087,0.044360351
0.221637744,0.037536667,0.076320581,0.002993463,0.099509431,0.351412594,0.120932437,0.003853343,0.349717855,0.129721001
0.057293657,0.001276633,0.011554049,0,0.023984818,0.596184611,0.244646087,0.020731987,0.435120702,0.218008369
3.41114E-05,0,0,0,5.33106E-06,0.50612253,0.349717855,0.044360351,0.385955334,0.120932437
0,0,0,0,0,0.439719141,0.435120702,0.129721001,0.351412594,0.244646087
0,0,0,0,0,0.396310747,0.385955334,0.218008369,0.596184611,0.349717855
0,0,0,0,0,0.252001613,0.351412594,0.120932437,0.50612253,0.435120702
0,0,0,0,0,0.164836094,0.596184611,0.244646087,0.439719141,0.385955334
0,0,0,0,0,0.112762094,0.50612253,0.349717855,0.396310747,0.351412594
0,0,0,0,0,0.024541836,0.439719141,0.435120702,0.252001613,0.596184611
0,0,0,0,0,0,0.396310747,0.385955334,0.164836094,0.50612253
0,0,0,6.97174E-07,0,0,0.252001613,0.351412594,0.112762094,0.439719141
0,0,0,0.013549298,0,0,0.164836094,0.596184611,0.024541836,0.396310747
0,0.018367976,0.008699189,0.070179459,0,0.00021771,0.112762094,0.50612253,0,0.252001613
0.028168545,0.073878282,0.057796778,0.1649287,0.019176917,0.003627726,0.024541836,0.439719141,0,0.164836094
0.160302325,0.162886631,0.158517318,0.24537725,0.097453136,0.005180619,0,0.396310747,0,0.112762094
0.362082816,0.264600588,0.276008548,0.303188768,0.226656626,0.013858401,0,0.252001613,0.00021771,0.024541836
0.530113946,0.345009389,0.359633278,0.349695235,0.344153534,0.057711627,0,0.164836094,0.003627726,0
0.648287274,0.395807962,0.406551005,0.369299561,0.423652467,0.157608062,0.00021771,0.112762094,0.005180619,0
0.725233531,0.421341656,0.431033394,0.356433124,0.467690279,0.261276841,0.003627726,0.024541836,0.013858401,0
0.756899066,0.413537762,0.426120426,0.315890947,0.470649699,0.693738103,0.005180619,0,0.057711627,0.00021771
0.74096579,0.372044019,0.392856392,0.25738533,0.436196213,0.689512074,0.013858401,0,0.157608062,0.003627726
0.67887097,0.301515608,0.327540149,0.181499574,0.37098972,0.092596047,0.057711627,0,0.261276841,0.005180619
0.570235264,0.211032957,0.243267778,0.094245247,0.283949661,0.396835536,0.157608062,0.00021771,0.693738103,0.013858401
0.416920384,0.114473305,0.149093864,0.026673526,0.181293397,0.573901832,0.261276841,0.003627726,0.689512074,0.057711627
0.221637744,0.03487298,0.060032846,0.001714032,0.082196902,0.473673373,0.693738103,0.005180619,0.092596047,0.157608062
0.057293657,0.001742103,0.010929424,0,0.019225853,0.372144997,0.689512074,0.013858401,0.396835536,0.261276841
3.41114E-05,0,0,0,4.95409E-06,0.335529357,0.092596047,0.057711627,0.573901832,0.693738103
0,0,0,0,0,0.577467382,0.396835536,0.157608062,0.473673373,0.689512074
0,0,0,0,0,0.420860052,0.573901832,0.261276841,0.372144997,0.092596047
0,0,0,0,0,0.336124241,0.473673373,0.693738103,0.335529357,0.396835536
0,0,0,0,0,0.35094744,0.372144997,0.689512074,0.577467382,0.573901832
0,0,0,0,0,0.133149713,0.335529357,0.092596047,0.420860052,0.473673373
0,0,0,0,0,0.175064206,0.577467382,0.396835536,0.336124241,0.372144997
0,0,0,0,0,0.033648532,0.420860052,0.573901832,0.35094744,0.335529357
0,0,0,0,0,0.043337997,0.336124241,0.473673373,0.133149713,0.577467382
0,0,0,0.009289247,0,0.054791007,0.35094744,0.372144997,0.175064206,0.420860052
0,0.021596612,0.001614276,0.072100959,0,0.100047372,0.133149713,0.335529357,0.033648532,0.336124241
0.028168545,0.096107401,0.054766203,0.190405276,0.0177531,0.154166386,0.175064206,0.577467382,0.043337997,0.35094744
0.160302325,0.208913968,0.182334557,0.277139654,0.099663088,0.256388754,0.033648532,0.420860052,0.054791007,0.133149713
0.362082816,0.322561179,0.32461304,0.331102721,0.239711236,0.643416405,0.043337997,0.336124241,0.100047372,0.175064206
0.530113946,0.412043789,0.422807408,0.378329198,0.360126451,0.996047556,0.054791007,0.35094744,0.154166386,0.033648532
0.648287274,0.468468826,0.475910669,0.400660292,0.435836919,1,0.100047372,0.133149713,0.256388754,0.043337997
0.725233531,0.49205162,0.504584821,0.392230459,0.478373291,0.998457193,0.154166386,0.175064206,0.643416405,0.054791007
0.756899066,0.484090573,0.497714406,0.350881023,0.484508526,0.713982761,0.256388754,0.033648532,0.996047556,0.100047372
0.74096579,0.436573502,0.453280358,0.284926348,0.449445168,0.330301642,0.643416405,0.043337997,1,0.154166386
0.67887097,0.351093142,0.376573745,0.199204372,0.378401934,0.11632435,0.996047556,0.054791007,0.998457193,0.256388754
0.570235264,0.241245504,0.274951864,0.107543947,0.285959871,0.509747505,1,0.100047372,0.713982761,0.643416405
0.416920384,0.123367517,0.158785041,0.031123546,0.176977658,0.14129746,0.998457193,0.154166386,0.330301642,0.996047556
0.221637744,0.033417793,0.053587996,0.000395911,0.074270379,0.294713587,0.713982761,0.256388754,0.11632435,1
0.057293657,0.000154151,0.004798177,0,0.014648873,0.061555017,0.330301642,0.643416405,0.509747505,0.998457193
3.41114E-05,0,0,0,0,0.046286587,0.11632435,0.996047556,0.14129746,0.713982761
0,0,0,0,0,0.059597321,0.509747505,1,0.294713587,0.330301642
0,0,0,0,0,0.192871124,0.14129746,0.998457193,0.061555017,0.11632435
0,0,0,0,0,0.137313008,0.294713587,0.713982761,0.046286587,0.509747505
0,0,0,0,0,0.221143961,0.061555017,0.330301642,0.059597321,0.14129746
0,0,0,0,0,0.159366176,0.046286587,0.11632435,0.192871124,0.294713587
0,0,0,0,0,0.068274453,0.059597321,0.509747505,0.137313008,0.061555017
0,0,0,0,0,0.007517537,0.192871124,0.14129746,0.221143961,0.046286587
0,0,0,0,0,0,0.137313008,0.294713587,0.159366176,0.059597321
0,0,0,0.010365576,0,0,0.221143961,0.061555017,0.068274453,0.192871124
0,0.018129165,9.97578E-06,0.10412263,0,0,0.159366176,0.046286587,0.007517537,0.137313008
0.028168545,0.098892003,0.065960248,0.278629414,0.024634202,0.000263174,0.068274453,0.059597321,0,0.221143961
0.160302325,0.224293789,0.221993233,0.407806705,0.1388315,0.034426995,0.007517537,0.192871124,0,0.159366176
0.362082816,0.335391152,0.379960332,0.480577685,0.316784795,0.24553968,0,0.137313008,0,0.068274453
0.530113946,0.404257016,0.473395401,0.525078266,0.455255007,0.384792089,0,0.221143961,0.000263174,0.007517537
0.648287274,0.44592744,0.519037537,0.530232129,0.539025892,0.663590193,0,0.159366176,0.034426995,0
0.725233531,0.46954489,0.53764809,0.502002626,0.580651139,0.588318467,0.000263174,0.068274453,0.24553968,0
0.756899066,0.458529972,0.520718864,0.437831578,0.575155643,0.257833183,0.034426995,0.007517537,0.384792089,0
0.74096579,0.405668318,0.467542763,0.351699874,0.526155639,0.083281688,0.24553968,0,0.663590193,0.000263174
0.67887097,0.308281378,0.379580114,0.239025677,0.438464912,0.014595712,0.384792089,0,0.588318467,0.034426995
0.570235264,0.191771429,0.266716478,0.10842361,0.328380989,0.007882358,0.663590193,0,0.257833183,0.24553968
0.416920384,0.078755196,0.138112833,0.022472359,0.197238204,0.014691974,0.588318467,0.000263174,0.083281688,0.384792089
0.221637744,0.012112534,0.036178216,7.08008E-07,0.070617725,0.006744284,0.257833183,0.034426995,0.014595712,0.663590193
0.057293657,0,0.000114229,0,0.00858835,0.035791069,0.083281688,0.24553968,0.007882358,0.588318467
3.41114E-05,0,0,0,0,0.213271976,0.014595712,0.384792089,0.014691974,0.257833183
0,0,0,0,0,0.26437673,0.007882358,0.663590193,0.006744284,0.083281688
0,0,0,0,0,0.313043445,0.014691974,0.588318467,0.035791069,0.014595712
0,0,0,0,0,0.272349954,0.006744284,0.257833183,0.213271976,0.007882358
0,0,0,0,0,0.323159635,0.035791069,0.083281688,0.26437673,0.014691974
0,0,0,0,0,0.565906525,0.213271976,0.014595712,0.313043445,0.006744284
0,0,0,0,0,0.401118368,0.26437673,0.007882358,0.272349954,0.035791069
0,0,0,0,0,0.277439266,0.313043445,0.014691974,0.323159635,0.213271976
0,0,0,0,0,0.58269614,0.272349954,0.006744284,0.565906525,0.26437673
0,0,0,0.008339044,0,0.63700372,0.323159635,0.035791069,0.401118368,0.313043445
0,0.005753611,0,0.125738749,0,0.556640267,0.565906525,0.213271976,0.277439266,0.272349954
0.028168545,0.112826529,0.077506826,0.342778783,0.02556177,0.46975401,0.401118368,0.26437673,0.58269614,0.323159635
0.160302325,0.29605062,0.25839701,0.516879638,0.156097684,0.353936702,0.277439266,0.313043445,0.63700372,0.565906525
0.362082816,0.43061533,0.432675956,0.62658799,0.353591363,0.626455665,0.58269614,0.272349954,0.556640267,0.401118368
0.530113946,0.499194474,0.533182454,0.682536924,0.499175391,0.684770346,0.63700372,0.323159635,0.46975401,0.277439266
0.648287274,0.533077332,0.582899802,0.686536735,0.586025609,0.873882055,0.556640267,0.565906525,0.353936702,0.58269614
0.725233531,0.549128151,0.605466964,0.647163858,0.629005684,0.857548714,0.46975401,0.401118368,0.626455665,0.63700372
0.756899066,0.52604716,0.588487885,0.565915282,0.620883644,0.941248,0.353936702,0.277439266,0.684770346,0.556640267
0.74096579,0.463501501,0.526844348,0.442333116,0.566066032,0.892931879,0.626455665,0.58269614,0.873882055,0.46975401
0.67887097,0.357537248,0.425540756,0.276098901,0.477118589,0.441198021,0.684770346,0.63700372,0.857548714,0.353936702
0.570235264,0.213653945,0.283684551,0.097498627,0.355129183,0.804124355,0.873882055,0.556640267,0.941248,0.626455665
0.416920384,0.067541782,0.112683202,0.005894177,0.203556536,0.777744949,0.857548714,0.46975401,0.892931879,0.684770346
0.221637744,0.000363079,0.012219102,0,0.062029891,0.590156674,0.941248,0.353936702,0.441198021,0.873882055
0.057293657,0,0,0,0.000766355,0.96927464,0.892931879,0.626455665,0.804124355,0.857548714
3.41114E-05,0,0,0,0,0.8942222,0.441198021,0.684770346,0.777744949,0.941248
0,0,0,0,0,0.769201338,0.804124355,0.873882055,0.590156674,0.892931879
0,0,0,0,0,0.940108478,0.777744949,0.857548714,0.96927464,0.441198021
0,0,0,0,0,0.949091196,0.590156674,0.941248,0.8942222,0.804124355
0,0,0,0,0,0.915408969,0.96927464,0.892931879,0.769201338,0.777744949
0,0,0,0,0,0.538560987,0.8942222,0.441198021,0.940108478,0.590156674
0,0,0,0,0,0.390999079,0.769201338,0.804124355,0.949091196,0.96927464
0,0,0,0,0,0.302547395,0.940108478,0.777744949,0.915408969,0.8942222
0,0,0,0,0,0.260403156,0.949091196,0.590156674,0.538560987,0.769201338
0,0,0,0.001096135,0,0.282947987,0.915408969,0.96927464,0.390999079,0.940108478
0,0,0,0.107148217,0,0.312752575,0.538560987,0.8942222,0.302547395,0.949091196
0.028168545,0.109948012,0.051050887,0.329040347,0.008493476,0.230304271,0.390999079,0.769201338,0.260403156,0.915408969
0.160302325,0.328276278,0.221020596,0.517244325,0.147571789,0.26898095,0.302547395,0.940108478,0.282947987,0.538560987
0.362082816,0.500389856,0.4235184,0.630445419,0.380535076,0.463752359,0.260403156,0.949091196,0.312752575,0.390999079
0.530113946,0.582692407,0.553563866,0.687481075,0.530433368,0.57847029,0.282947987,0.915408969,0.230304271,0.302547395
0.648287274,0.619939029,0.625051986,0.695377762,0.610164795,0.692777276,0.312752575,0.538560987,0.26898095,0.260403156
0.725233531,0.636590034,0.650565976,0.661083169,0.649094112,0.682074547,0.230304271,0.390999079,0.463752359,0.282947987
0.756899066,0.608664542,0.631141084,0.581190504,0.640143269,0.862738907,0.26898095,0.302547395,0.57847029,0.312752575
0.74096579,0.533595096,0.566111088,0.450220806,0.589878402,0.922656059,0.463752359,0.260403156,0.692777276,0.230304271
0.67887097,0.406246521,0.444986446,0.265459406,0.502673365,0.752157927,0.57847029,0.282947987,0.682074547,0.26898095
0.570235264,0.214778245,0.268523736,0.079720202,0.376077865,0.963895619,0.692777276,0.312752575,0.862738907,0.463752359
0.416920384,0.0507441,0.084389002,0.000288221,0.21685208,0.919813931,0.682074547,0.230304271,0.922656059,0.57847029
0.221637744,0,0.000352542,0,0.065806525,0.977416396,0.862738907,0.26898095,0.752157927,0.692777276
0.057293657,0,0,0,0,0.973724425,0.922656059,0.463752359,0.963895619,0.682074547
3.41114E-05,0,0,0,0,0.959806979,0.752157927,0.57847029,0.919813931,0.862738907
0,0,0,0,0,0.910041988,0.963895619,0.692777276,0.977416396,0.922656059
0,0,0,0,0,0.9713552,0.919813931,0.682074547,0.973724425,0.752157927
0,0,0,0,0,0.979087889,0.977416396,0.862738907,0.959806979,0.963895619
0,0,0,0,0,0.732850432,0.973724425,0.922656059,0.910041988,0.919813931
0,0,0,0,0,0.739898324,0.959806979,0.752157927,0.9713552,0.977416396
0,0,0,0,0,0.500873685,0.910041988,0.963895619,0.979087889,0.973724425
0,0,0,0,0,0.508430839,0.9713552,0.919813931,0.732850432,0.959806979
0,0,0,0,0,0.820336461,0.979087889,0.977416396,0.739898324,0.910041988
0,0,0,0,0,0.782557905,0.732850432,0.973724425,0.500873685,0.9713552
0,0,0,0.055830753,0,0.858328044,0.739898324,0.959806979,0.508430839,0.979087889
0.028168545,0.064766638,0.004242237,0.244582415,0.00006223,0.692649126,0.500873685,0.910041988,0.820336461,0.732850432
0.160302325,0.255268649,0.135981336,0.450991233,0.108882234,0.306432724,0.508430839,0.9713552,0.782557905,0.739898324
0.362082816,0.453660127,0.354738922,0.572971741,0.329000576,0.100512467,0.820336461,0.979087889,0.858328044,0.500873685
0.530113946,0.542779921,0.46872776,0.641610296,0.488560151,0.041830737,0.782557905,0.732850432,0.692649126,0.508430839
0.648287274,0.584379829,0.526999394,0.660908146,0.575258615,0.02653528,0.858328044,0.739898324,0.306432724,0.820336461
0.725233531,0.610835519,0.57363402,0.637427114,0.625140117,0.020282567,0.692649126,0.500873685,0.100512467,0.782557905
0.756899066,0.591498424,0.575769929,0.566945239,0.627792799,0.019815017,0.306432724,0.508430839,0.041830737,0.858328044
0.74096579,0.522767137,0.528135535,0.445826035,0.588121505,0.015476249,0.100512467,0.820336461,0.02653528,0.692649126
0.67887097,0.398029936,0.418195272,0.27544807,0.507992297,0.025032993,0.041830737,0.782557905,0.020282567,0.306432724
0.570235264,0.214457839,0.262842486,0.091087146,0.38945216,0.026088623,0.02653528,0.858328044,0.019815017,0.100512467
0.416920384,0.053774111,0.090474622,0.001916967,0.242685424,0.053992137,0.020282567,0.692649126,0.015476249,0.041830737
0.221637744,0,0.001099239,0,0.082892423,0.560624301,0.019815017,0.306432724,0.025032993,0.02653528
0.057293657,0,0,0,0.000256649,0.400855303,0.015476249,0.100512467,0.026088623,0.020282567
3.41114E-05,0,0,0,0,0.321068406,0.025032993,0.041830737,0.053992137,0.019815017
0,0,0,0,0,0.344112098,0.026088623,0.02653528,0.560624301,0.015476249
0,0,0,0,0,0.415599406,0.053992137,0.020282567,0.400855303,0.025032993
0,0,0,0,0,0.302300781,0.560624301,0.019815017,0.321068406,0.026088623
0,0,0,0,0,0.302801818,0.400855303,0.015476249,0.344112098,0.053992137
0,0,0,0,0,0.271998793,0.321068406,0.025032993,0.415599406,0.560624301
0,0,0,0,0,0.099373236,0.344112098,0.026088623,0.302300781,0.400855303
0,0,0,0,0,0.059438132,0.415599406,0.053992137,0.302801818,0.321068406
0,0,0,0,0,0.085320905,0.302300781,0.560624301,0.271998793,0.344112098
0,0,0,0,0,0.156296745,0.302801818,0.400855303,0.099373236,0.415599406
0,0,0,0.036124838,0,0.112095825,0.271998793,0.321068406,0.059438132,0.302300781
0.028168545,0.0412833,3.87821E-07,0.227561325,0,0.10100577,0.099373236,0.344112098,0.085320905,0.302801818
0.160302325,0.21719522,0.123562505,0.474633847,0.099302754,0.130413011,0.059438132,0.415599406,0.156296745,0.271998793
0.362082816,0.437239152,0.350346208,0.621990347,0.322716078,0.041272134,0.085320905,0.302300781,0.112095825,0.099373236
0.530113946,0.555174385,0.470659642,0.703798963,0.515044317,0.080067798,0.156296745,0.302801818,0.10100577,0.059438132
0.648287274,0.618641955,0.530772992,0.73605817,0.630605142,0.240012556,0.112095825,0.271998793,0.130413011,0.085320905
0.725233531,0.654165025,0.593863891,0.727632665,0.697638048,0.069805428,0.10100577,0.099373236,0.041272134,0.156296745
0.756899066,0.644009549,0.61795828,0.67469884,0.716580655,0.058023103,0.130413011,0.059438132,0.080067798,0.112095825
0.74096579,0.584443909,0.591373309,0.57147126,0.694481821,0.10852275,0.041272134,0.085320905,0.240012556,0.10100577
0.67887097,0.461943299,0.497196321,0.40257636,0.629024793,0.13149038,0.080067798,0.156296745,0.069805428,0.130413011
0.570235264,0.279176191,0.34426557,0.167484634,0.517746087,0.225687385,0.240012556,0.112095825,0.058023103,0.041272134
0.416920384,0.087129579,0.143554844,0.018261165,0.350324394,0.388284713,0.069805428,0.10100577,0.10852275,0.080067798
0.221637744,9.21049E-05,0.016104115,0,0.13445333,0.288683116,0.058023103,0.130413011,0.13149038,0.240012556
0.057293657,0,0,0,0.009415295,0.169994295,0.10852275,0.041272134,0.225687385,0.069805428
3.41114E-05,0,0,0,0,0.097527966,0.13149038,0.080067798,0.388284713,0.058023103
0,0,0,0,0,0.08142294,0.225687385,0.240012556,0.288683116,0.10852275
0,0,0,0,0,0.090510286,0.388284713,0.069805428,0.169994295,0.13149038
0,0,0,0,0,0.083085209,0.288683116,0.058023103,0.097527966,0.225687385
0,0,0,0,0,0.157645449,0.169994295,0.10852275,0.08142294,0.388284713
0,0,0,0,0,0.139673591,0.097527966,0.13149038,0.090510286,0.288683116
0,0,0,0,0,0.056160308,0.08142294,0.225687385,0.083085209,0.169994295
0,0,0,0,0,0.018709628,0.090510286,0.388284713,0.157645449,0.097527966
0,0,0,0,0,0.41582638,0.083085209,0.288683116,0.139673591,0.08142294
0,0,0,0,0,0.792123079,0.157645449,0.169994295,0.056160308,0.090510286
0,0,0,0.059198695,0,0.510253847,0.139673591,0.097527966,0.018709628,0.083085209
0.028168545,0.06350896,0.008823963,0.260889475,8.97956E-06,0.560122728,0.056160308,0.08142294,0.41582638,0.157645449
0.160302325,0.226344513,0.148806513,0.494000346,0.107371269,0.672975481,0.018709628,0.090510286,0.792123079,0.139673591
0.362082816,0.399621076,0.382050465,0.640014732,0.345519128,0.64916873,0.41582638,0.083085209,0.510253847,0.056160308
0.530113946,0.506024334,0.537776593,0.724162328,0.549781914,0.570341051,0.792123079,0.157645449,0.560122728,0.018709628
0.648287274,0.564421175,0.630873886,0.760361472,0.672936237,0.615030766,0.510253847,0.139673591,0.672975481,0.41582638
0.725233531,0.593604255,0.68064409,0.753486574,0.747078476,0.677582085,0.560122728,0.056160308,0.64916873,0.792123079
0.756899066,0.587792531,0.687478942,0.702994787,0.773695645,0.832187772,0.672975481,0.018709628,0.570341051,0.510253847
0.74096579,0.535570515,0.650252901,0.607318086,0.755049595,0.653441906,0.64916873,0.41582638,0.615030766,0.560122728
0.67887097,0.420190117,0.557936247,0.450924309,0.691801778,0.341995627,0.570341051,0.792123079,0.677582085,0.672975481
0.570235264,0.261012072,0.410027556,0.221824347,0.585818496,0.581668198,0.615030766,0.510253847,0.832187772,0.64916873
0.416920384,0.091215323,0.208916103,0.044805602,0.423246743,0.34516561,0.677582085,0.560122728,0.653441906,0.570341051
0.221637744,0.004193493,0.048571953,0,0.193411402,0.267816097,0.832187772,0.672975481,0.341995627,0.615030766
0.057293657,0,0,0,0.03130264,0.443960428,0.653441906,0.64916873,0.581668198,0.677582085
3.41114E-05,0,0,0,0,0.632405758,0.341995627,0.570341051,0.34516561,0.832187772
0,0,0,0,0,0.507775664,0.581668198,0.615030766,0.267816097,0.653441906
0,0,0,0,0,0.448591948,0.34516561,0.677582085,0.443960428,0.341995627
0,0,0,0,0,0.570345581,0.267816097,0.832187772,0.632405758,0.581668198
0,0,0,0,0,0.486665815,0.443960428,0.653441906,0.507775664,0.34516561
0,0,0,0,0,0.3174043,0.632405758,0.341995627,0.448591948,0.267816097
0,0,0,0,0,0.147287667,0.507775664,0.581668198,0.570345581,0.443960428
0,0,0,0,0,0.042292546,0.448591948,0.34516561,0.486665815,0.632405758
0,0,0,0,0,0.13928318,0.570345581,0.267816097,0.3174043,0.507775664
0,0,0,0.003188397,0,0.116768688,0.486665815,0.443960428,0.147287667,0.448591948
0,0.002818922,0,0.109267752,0,0.323526323,0.3174043,0.632405758,0.042292546,0.570345581
0.028168545,0.097517573,0.064778894,0.338044572,0.006130837,0.374864936,0.147287667,0.507775664,0.13928318,0.486665815
0.160302325,0.274908586,0.24802122,0.544852225,0.140814396,0.239087999,0.042292546,0.448591948,0.116768688,0.3174043
0.362082816,0.421797906,0.453188661,0.678220947,0.385471322,0.160967872,0.13928318,0.570345581,0.323526323,0.147287667
0.530113946,0.509333356,0.591517346,0.757915152,0.569509923,0.259420633,0.116768688,0.486665815,0.374864936,0.042292546
0.648287274,0.559454539,0.678417539,0.791492929,0.684429851,0.17646119,0.323526323,0.3174043,0.239087999,0.13928318
0.725233531,0.584622242,0.722725413,0.782322524,0.751421627,0.170048535,0.374864936,0.147287667,0.160967872,0.116768688
0.756899066,0.574000643,0.726041432,0.728302747,0.768361416,0.009064877,0.239087999,0.042292546,0.259420633,0.323526323
0.74096579,0.51615533,0.68809343,0.62888002,0.738304208,0.004807596,0.160967872,0.13928318,0.17646119,0.374864936
0.67887097,0.407322889,0.597813196,0.473381589,0.665766586,0.010724803,0.259420633,0.116768688,0.170048535,0.239087999
0.570235264,0.260508761,0.456730347,0.250336495,0.553962919,0.010153291,0.17646119,0.323526323,0.009064877,0.160967872
0.416920384,0.102553694,0.26401039,0.060944371,0.390631997,0.006465196,0.170048535,0.374864936,0.004807596,0.259420633
0.221637744,0.014300045,0.077175757,1.38311E-06,0.177615609,0.008591793,0.009064877,0.239087999,0.010724803,0.17646119
0.057293657,0,1.34011E-05,0,0.030836673,0.035846695,0.004807596,0.160967872,0.010153291,0.170048535
3.41114E-05,0,0,0,0,0.01711542,0.010724803,0.259420633,0.006465196,0.009064877
0,0,0,0,0,0.007934814,0.010153291,0.17646119,0.008591793,0.004807596
0,0,0,0,0,0.002103917,0.006465196,0.170048535,0.035846695,0.010724803
0,0,0,0,0,0.053712618,0.008591793,0.009064877,0.01711542,0.010153291
0,0,0,0,0,0.05756275,0.035846695,0.004807596,0.007934814,0.006465196
0,0,0,0,0,0.004540667,0.01711542,0.010724803,0.002103917,0.008591793
0,0,0,0,0,0,0.007934814,0.010153291,0.053712618,0.035846695
0,0,0,0,0,0,0.002103917,0.006465196,0.05756275,0.01711542
0,0,0,0,0,0,0.053712618,0.008591793,0.004540667,0.007934814
0,0,0,0.025073524,0,0,0.05756275,0.035846695,0,0.002103917
0,0.037532443,0.003868023,0.167213774,0,0.006321272,0.004540667,0.01711542,0,0.053712618
0.028168545,0.140088176,0.101290592,0.390428629,0.041892604,0.007047143,0,0.007934814,0,0.05756275
0.160302325,0.26583767,0.294546236,0.568145263,0.197856604,0.014544066,0,0.002103917,0,0.004540667
0.362082816,0.377160786,0.469067997,0.68711925,0.408958317,0.006545129,0,0.053712618,0.006321272,0
0.530113946,0.447654768,0.578649811,0.758916818,0.567525801,0.023277665,0,0.05756275,0.007047143,0
0.648287274,0.48532939,0.644331343,0.783747726,0.67165112,0.026524091,0.006321272,0.004540667,0.014544066,0
0.725233531,0.506184212,0.685036796,0.762441927,0.73352516,0.046904068,0.007047143,0,0.006545129,0
0.756899066,0.498039613,0.683616935,0.698253468,0.745181335,0.057291318,0.014544066,0,0.023277665,0.006321272
0.74096579,0.446905322,0.634604094,0.596198017,0.702036772,0.038426433,0.006545129,0,0.026524091,0.007047143
0.67887097,0.35310421,0.539979251,0.450350691,0.612361932,0.018014334,0.023277665,0,0.046904068,0.014544066
0.570235264,0.230271213,0.40483065,0.250833166,0.487108263,0.013994863,0.026524091,0.006321272,0.057291318,0.006545129
0.416920384,0.103127727,0.236368341,0.068891904,0.326528888,0.028973341,0.046904068,0.007047143,0.038426433,0.023277665
0.221637744,0.022464273,0.074067777,0.000116228,0.143563538,0.009481954,0.057291318,0.014544066,0.018014334,0.026524091
0.057293657,0,0.000948928,0,0.025041943,0.005807774,0.038426433,0.006545129,0.013994863,0.046904068
3.41114E-05,0,0,0,0,0.008907974,0.018014334,0.023277665,0.028973341,0.057291318
0,0,0,0,0,0.004422473,0.013994863,0.026524091,0.009481954,0.038426433
0,0,0,0,0,0.001729675,0.028973341,0.046904068,0.005807774,0.018014334
0,0,0,0,0,0.000609619,0.009481954,0.057291318,0.008907974,0.013994863
0,0,0,0,0,0.000546983,0.005807774,0.038426433,0.004422473,0.028973341
0,0,0,0,0,0.000184846,0.008907974,0.018014334,0.001729675,0.009481954
0,0,0,0,0,0.001076665,0.004422473,0.013994863,0.000609619,0.005807774
0,0,0,0,0,0.001230243,0.001729675,0.028973341,0.000546983,0.008907974
0,0,0,4.61733E-05,0,0,0.000609619,0.009481954,0.000184846,0.004422473
0,1.48304E-05,0,0.051132897,0,0,0.000546983,0.005807774,0.001076665,0.001729675
0,0.041901765,0.031332117,0.201223075,0,0.000407621,0.000184846,0.008907974,0.001230243,0.000609619
0.028168545,0.137421175,0.139127236,0.390759057,0.047171215,0.011313511,0.001076665,0.004422473,0,0.000546983
0.160302325,0.242002969,0.297028066,0.542294478,0.187775675,0.053868286,0.001230243,0.001729675,0,0.000184846
0.362082816,0.338567293,0.445079902,0.648332113,0.367188644,0.091597453,0,0.000609619,0.000407621,0.001076665
0.530113946,0.401563541,0.543373462,0.716780582,0.510468614,0.080519408,0,0.000546983,0.011313511,0.001230243
0.648287274,0.436941314,0.603885151,0.738765045,0.608344035,0.067189418,0.000407621,0.000184846,0.053868286,0
0.725233531,0.462796942,0.640312384,0.712781336,0.666862404,0.040083602,0.011313511,0.001076665,0.091597453,0
0.756899066,0.459183438,0.637826805,0.645864238,0.676640003,0.020806827,0.053868286,0.001230243,0.080519408,0.000407621
0.74096579,0.413408086,0.591346389,0.546613672,0.63468312,0.009634342,0.091597453,0,0.067189418,0.011313511
0.67887097,0.329442766,0.502125418,0.412264722,0.547155048,0.051237151,0.080519408,0,0.040083602,0.053868286
0.570235264,0.222679736,0.380468501,0.237827855,0.426888148,0.160259739,0.067189418,0.000407621,0.020806827,0.091597453
0.416920384,0.114757868,0.228503579,0.072066607,0.281131836,0.041418966,0.040083602,0.011313511,0.009634342,0.080519408
0.221637744,0.032010288,0.078080236,0.001617507,0.125623376,0.063408449,0.020806827,0.053868286,0.051237151,0.067189418
0.057293657,0.000034643,0.005393065,0,0.024670557,0.129543737,0.009634342,0.091597453,0.160259739,0.040083602
3.41114E-05,0,0,0,0,0.094713077,0.051237151,0.080519408,0.041418966,0.020806827
0,0,0,0,0,0.023442168,0.160259739,0.067189418,0.063408449,0.009634342
0,0,0,0,0,0.004088309,0.041418966,0.040083602,0.129543737,0.051237151
0,0,0,0,0,0.001392275,0.063408449,0.020806827,0.094713077,0.160259739
0,0,0,0,0,0.000396826,0.129543737,0.009634342,0.023442168,0.041418966
0,0,0,0,0,0.000198432,0.094713077,0.051237151,0.004088309,0.063408449
0,0,0,0,0,0.094568282,0.023442168,0.160259739,0.001392275,0.129543737
0,0,0,0,0,0.063239977,0.004088309,0.041418966,0.000396826,0.094713077
0,0,0,9.70967E-05,0,0.005013379,0.001392275,0.063408449,0.000198432,0.023442168
0,7.14015E-05,0,0.036548051,0,0.00996952,0.000396826,0.129543737,0.094568282,0.004088309
0,0.031869727,0.025743095,0.143809314,0,0.054631084,0.000198432,0.094713077,0.063239977,0.001392275
0.028168545,0.10870986,0.110508646,0.289325059,0.02963198,0.087931298,0.094568282,0.023442168,0.005013379,0.000396826
0.160302325,0.206185735,0.245873715,0.404995217,0.135438419,0.185013369,0.063239977,0.004088309,0.00996952,0.000198432
0.362082816,0.305360592,0.384765591,0.485059818,0.287872523,0.111303464,0.005013379,0.001392275,0.054631084,0.094568282
0.530113946,0.37405333,0.478454849,0.540685957,0.413572375,0.267634392,0.00996952,0.000396826,0.087931298,0.063239977
0.648287274,0.412433023,0.533131936,0.551912019,0.496553231,0.597898066,0.054631084,0.000198432,0.185013369,0.005013379
0.725233531,0.434805188,0.560503147,0.52513961,0.54165551,0.639086604,0.087931298,0.094568282,0.111303464,0.00996952
0.756899066,0.429373165,0.550105804,0.46760344,0.541526563,0.377754807,0.185013369,0.063239977,0.267634392,0.054631084
0.74096579,0.392086579,0.504116346,0.384929871,0.503830855,0.29969877,0.111303464,0.005013379,0.597898066,0.087931298
0.67887097,0.319812186,0.424875087,0.28015749,0.432579925,0.59928298,0.267634392,0.00996952,0.639086604,0.185013369
0.570235264,0.221984813,0.322115372,0.154844094,0.332956098,0.634791017,0.597898066,0.054631084,0.377754807,0.111303464
0.416920384,0.12148518,0.198185993,0.046888747,0.21481898,0.436932206,0.639086604,0.087931298,0.29969877,0.267634392
0.221637744,0.037536667,0.076320581,0.002993463,0.099509431,0.472496331,0.377754807,0.185013369,0.59928298,0.597898066
0.057293657,0.001276633,0.011554049,0,0.023984818,0.528963506,0.29969877,0.111303464,0.634791017,0.639086604
3.41114E-05,0,0,0,5.33106E-06,0.845213175,0.59928298,0.267634392,0.436932206,0.377754807
0,0,0,0,0,0.775620699,0.634791017,0.597898066,0.472496331,0.29969877
0,0,0,0,0,0.913939059,0.436932206,0.639086604,0.528963506,0.59928298
0,0,0,0,0,0.81367439,0.472496331,0.377754807,0.845213175,0.634791017
0,0,0,0,0,0.767334878,0.528963506,0.29969877,0.775620699,0.436932206
0,0,0,0,0,0.558653474,0.845213175,0.59928298,0.913939059,0.472496331
0,0,0,0,0,0.118551731,0.775620699,0.634791017,0.81367439,0.528963506
0,0,0,0,0,0.10359019,0.913939059,0.436932206,0.767334878,0.845213175
0,0,0,6.97174E-07,0,0.03248892,0.81367439,0.472496331,0.558653474,0.775620699
0,0,0,0.013549298,0,0.037821814,0.767334878,0.528963506,0.118551731,0.913939059
0,0.018367976,0.008699189,0.070179459,0,0.001000893,0.558653474,0.845213175,0.10359019,0.81367439
0.028168545,0.073878282,0.057796778,0.1649287,0.019176917,0.004710303,0.118551731,0.775620699,0.03248892,0.767334878
0.160302325,0.162886631,0.158517318,0.24537725,0.097453136,0.099116199,0.10359019,0.913939059,0.037821814,0.558653474
0.362082816,0.264600588,0.276008548,0.303188768,0.226656626,0.084734373,0.03248892,0.81367439,0.001000893,0.118551731
0.530113946,0.345009389,0.359633278,0.349695235,0.344153534,0.04629115,0.037821814,0.767334878,0.004710303,0.10359019
0.648287274,0.395807962,0.406551005,0.369299561,0.423652467,0.057556406,0.001000893,0.558653474,0.099116199,0.03248892
0.725233531,0.421341656,0.431033394,0.356433124,0.467690279,0.15720284,0.004710303,0.118551731,0.084734373,0.037821814
0.756899066,0.413537762,0.426120426,0.315890947,0.470649699,0.286508739,0.099116199,0.10359019,0.04629115,0.001000893
0.74096579,0.372044019,0.392856392,0.25738533,0.436196213,0.113553435,0.084734373,0.03248892,0.057556406,0.004710303
0.67887097,0.301515608,0.327540149,0.181499574,0.37098972,0.028128216,0.04629115,0.037821814,0.15720284,0.099116199
0.570235264,0.211032957,0.243267778,0.094245247,0.283949661,0.035332881,0.057556406,0.001000893,0.286508739,0.084734373
0.416920384,0.114473305,0.149093864,0.026673526,0.181293397,0.046850897,0.15720284,0.004710303,0.113553435,0.04629115
0.221637744,0.03487298,0.060032846,0.001714032,0.082196902,0.046135139,0.286508739,0.099116199,0.028128216,0.057556406
0.057293657,0.001742103,0.010929424,0,0.019225853,0.035557158,0.113553435,0.084734373,0.035332881,0.15720284
3.41114E-05,0,0,0,4.95409E-06,0.073900893,0.028128216,0.04629115,0.046850897,0.286508739
0,0,0,0,0,0.099516481,0.035332881,0.057556406,0.046135139,0.113553435
0,0,0,0,0,0.111981876,0.046850897,0.15720284,0.035557158,0.028128216
0,0,0,0,0,0.035248477,0.046135139,0.286508739,0.073900893,0.035332881
0,0,0,0,0,0.030522835,0.035557158,0.113553435,0.099516481,0.046850897
0,0,0,0,0,0.050227776,0.073900893,0.028128216,0.111981876,0.046135139
0,0,0,0,0,0.036223508,0.099516481,0.035332881,0.035248477,0.035557158
0,0,0,0,0,0.006066109,0.111981876,0.046850897,0.030522835,0.073900893
0,0,0,0,0,0,0.035248477,0.046135139,0.050227776,0.099516481
0,0,0,0.009289247,0,0,0.030522835,0.035557158,0.036223508,0.111981876
0,0.021596612,0.001614276,0.072100959,0,0,0.050227776,0.073900893,0.006066109,0.035248477
0.028168545,0.096107401,0.054766203,0.190405276,0.0177531,0.00088492,0.036223508,0.099516481,0,0.030522835
0.160302325,0.208913968,0.182334557,0.277139654,0.099663088,0.006793105,0.006066109,0.111981876,0,0.050227776
0.362082816,0.322561179,0.32461304,0.331102721,0.239711236,0.030086147,0,0.035248477,0,0.036223508
0.530113946,0.412043789,0.422807408,0.378329198,0.360126451,0.084888652,0,0.030522835,0.00088492,0.006066109
0.648287274,0.468468826,0.475910669,0.400660292,0.435836919,0.170863658,0,0.050227776,0.006793105,0
0.725233531,0.49205162,0.504584821,0.392230459,0.478373291,0.22004661,0.00088492,0.036223508,0.030086147,0
0.756899066,0.484090573,0.497714406,0.350881023,0.484508526,0.287057668,0.006793105,0.006066109,0.084888652,0
0.74096579,0.436573502,0.453280358,0.284926348,0.449445168,0.464647084,0.030086147,0,0.170863658,0.00088492
0.67887097,0.351093142,0.376573745,0.199204372,0.378401934,0.431260109,0.084888652,0,0.22004661,0.006793105
0.570235264,0.241245504,0.274951864,0.107543947,0.285959871,0.429862708,0.170863658,0,0.287057668,0.030086147
0.416920384,0.123367517,0.158785041,0.031123546,0.176977658,0.006805271,0.22004661,0.00088492,0.464647084,0.084888652
0.221637744,0.033417793,0.053587996,0.000395911,0.074270379,0.284196377,0.287057668,0.006793105,0.431260109,0.170863658
0.057293657,0.000154151,0.004798177,0,0.014648873,0.2357205,0.464647084,0.030086147,0.429862708,0.22004661
3.41114E-05,0,0,0,0,0.255533934,0.431260109,0.084888652,0.006805271,0.287057668
0,0,0,0,0,0.157546759,0.429862708,0.170863658,0.284196377,0.464647084
0,0,0,0,0,0.199761152,0.006805271,0.22004661,0.2357205,0.431260109
0,0,0,0,0,0.195887998,0.284196377,0.287057668,0.255533934,0.429862708
0,0,0,0,0,0.206376255,0.2357205,0.464647084,0.157546759,0.006805271
0,0,0,0,0,0.220516995,0.255533934,0.431260109,0.199761152,0.284196377
0,0,0,0,0,0.063040741,0.157546759,0.429862708,0.195887998,0.2357205
0,0,0,0,0,0.109704487,0.199761152,0.006805271,0.206376255,0.255533934
0,0,0,0,0,0.179136857,0.195887998,0.284196377,0.220516995,0.157546759
0,0,0,0.010365576,0,0.200069875,0.206376255,0.2357205,0.063040741,0.199761152
0,0.018129165,9.97578E-06,0.10412263,0,0.356357276,0.220516995,0.255533934,0.109704487,0.195887998
0.028168545,0.098892003,0.065960248,0.278629414,0.024634202,0.50347507,0.063040741,0.157546759,0.179136857,0.206376255
0.160302325,0.224293789,0.221993233,0.407806705,0.1388315,0.717685103,0.109704487,0.199761152,0.200069875,0.220516995
0.362082816,0.335391152,0.379960332,0.480577685,0.316784795,0.871921659,0.179136857,0.195887998,0.356357276,0.063040741
0.530113946,0.404257016,0.473395401,0.525078266,0.455255007,0.800152361,0.200069875,0.206376255,0.50347507,0.109704487
0.648287274,0.44592744,0.519037537,0.530232129,0.539025892,0.725072324,0.356357276,0.220516995,0.717685103,0.179136857
0.725233531,0.46954489,0.53764809,0.502002626,0.580651139,0.708724082,0.50347507,0.063040741,0.871921659,0.200069875
0.756899066,0.458529972,0.520718864,0.437831578,0.575155643,0.657537103,0.717685103,0.109704487,0.800152361,0.356357276
0.74096579,0.405668318,0.467542763,0.351699874,0.526155639,0.363562495,0.871921659,0.179136857,0.725072324,0.50347507
0.67887097,0.308281378,0.379580114,0.239025677,0.438464912,0.504807055,0.800152361,0.200069875,0.708724082,0.717685103
0.570235264,0.191771429,0.266716478,0.10842361,0.328380989,0.408079177,0.725072324,0.356357276,0.657537103,0.871921659
0.416920384,0.078755196,0.138112833,0.022472359,0.197238204,0.531135499,0.708724082,0.50347507,0.363562495,0.800152361
0.221637744,0.012112534,0.036178216,7.08008E-07,0.070617725,0.233968467,0.657537103,0.717685103,0.504807055,0.725072324
0.057293657,0,0.000114229,0,0.00858835,0.317590177,0.363562495,0.871921659,0.408079177,0.708724082
3.41114E-05,0,0,0,0,0.431610733,0.504807055,0.800152361,0.531135499,0.657537103
0,0,0,0,0,0.574139476,0.408079177,0.725072324,0.233968467,0.363562495
0,0,0,0,0,0.5398283,0.531135499,0.708724082,0.317590177,0.504807055
0,0,0,0,0,0.201132476,0.233968467,0.657537103,0.431610733,0.408079177
0,0,0,0,0,0.107555799,0.317590177,0.363562495,0.574139476,0.531135499
0,0,0,0,0,0.144015923,0.431610733,0.504807055,0.5398283,0.233968467
0,0,0,0,0,0.071583487,0.574139476,0.408079177,0.201132476,0.317590177
0,0,0,0,0,0.205921009,0.5398283,0.531135499,0.107555799,0.431610733
0,0,0,0,0,0.161220312,0.201132476,0.233968467,0.144015923,0.574139476
0,0,0,0.008339044,0,0.336054265,0.107555799,0.317590177,0.071583487,0.5398283
0,0.005753611,0,0.125738749,0,0.368090123,0.144015923,0.431610733,0.205921009,0.201132476
0.028168545,0.112826529,0.077506826,0.342778783,0.02556177,0.454866886,0.071583487,0.574139476,0.161220312,0.107555799
0.160302325,0.29605062,0.25839701,0.516879638,0.156097684,0.460774302,0.205921009,0.5398283,0.336054265,0.144015923
0.362082816,0.43061533,0.432675956,0.62658799,0.353591363,0.431218863,0.161220312,0.201132476,0.368090123,0.071583487
0.530113946,0.499194474,0.533182454,0.682536924,0.499175391,0.424021393,0.336054265,0.107555799,0.454866886,0.205921009
0.648287274,0.533077332,0.582899802,0.686536735,0.586025609,0.402401239,0.368090123,0.144015923,0.460774302,0.161220312
0.725233531,0.549128151,0.605466964,0.647163858,0.629005684,0.201657325,0.454866886,0.071583487,0.431218863,0.336054265
0.756899066,0.52604716,0.588487885,0.565915282,0.620883644,0.31398356,0.460774302,0.205921009,0.424021393,0.368090123
0.74096579,0.463501501,0.526844348,0.442333116,0.566066032,0.642302394,0.431218863,0.161220312,0.402401239,0.454866886
0.67887097,0.357537248,0.425540756,0.276098901,0.477118589,0.458561152,0.424021393,0.336054265,0.201657325,0.460774302
0.570235264,0.213653945,0.283684551,0.097498627,0.355129183,0.278454691,0.402401239,0.368090123,0.31398356,0.431218863
0.416920384,0.067541782,0.112683202,0.005894177,0.203556536,0.406244844,0.201657325,0.454866886,0.642302394,0.424021393
0.221637744,0.000363079,0.012219102,0,0.062029891,0.48908928,0.31398356,0.460774302,0.458561152,0.402401239
0.057293657,0,0,0,0.000766355,0.247558758,0.642302394,0.431218863,0.278454691,0.201657325
3.41114E-05,0,0,0,0,0.342755079,0.458561152,0.424021393,0.406244844,0.31398356
0,0,0,0,0,0.309545279,0.278454691,0.402401239,0.48908928,0.642302394
0,0,0,0,0,0.171430543,0.406244844,0.201657325,0.247558758,0.458561152
0,0,0,0,0,0.143114701,0.48908928,0.31398356,0.342755079,0.278454691
0,0,0,0,0,0.098292246,0.247558758,0.642302394,0.309545279,0.406244844
0,0,0,0,0,0.035499647,0.342755079,0.458561152,0.171430543,0.48908928
0,0,0,0,0,0.059476066,0.309545279,0.278454691,0.143114701,0.247558758
0,0,0,0,0,0.11565797,0.171430543,0.406244844,0.098292246,0.342755079
0,0,0,0,0,0.450230718,0.143114701,0.48908928,0.035499647,0.309545279
0,0,0,0.001096135,0,0.528750181,0.098292246,0.247558758,0.059476066,0.171430543
0,0,0,0.107148217,0,0.409164637,0.035499647,0.342755079,0.11565797,0.143114701
0.028168545,0.109948012,0.051050887,0.329040347,0.008493476,0.186176032,0.059476066,0.309545279,0.450230718,0.098292246
0.160302325,0.328276278,0.221020596,0.517244325,0.147571789,0.088073134,0.11565797,0.171430543,0.528750181,0.035499647
0.362082816,0.500389856,0.4235184,0.630445419,0.380535076,0.035387903,0.450230718,0.143114701,0.409164637,0.059476066
0.530113946,0.582692407,0.553563866,0.687481075,0.530433368,0.104915872,0.528750181,0.098292246,0.186176032,0.11565797
0.648287274,0.619939029,0.625051986,0.695377762,0.610164795,0.058641382,0.409164637,0.035499647,0.088073134,0.450230718
0.725233531,0.636590034,0.650565976,0.661083169,0.649094112,0.102075763,0.186176032,0.059476066,0.035387903,0.528750181
0.756899066,0.608664542,0.631141084,0.581190504,0.640143269,0.119901411,0.088073134,0.11565797,0.104915872,0.409164637
0.74096579,0.533595096,0.566111088,0.450220806,0.589878402,0.0421708,0.035387903,0.450230718,0.058641382,0.186176032
0.67887097,0.406246521,0.444986446,0.265459406,0.502673365,0.026643943,0.104915872,0.528750181,0.102075763,0.088073134
0.570235264,0.214778245,0.268523736,0.079720202,0.376077865,0.006000017,0.058641382,0.409164637,0.119901411,0.035387903
0.416920384,0.0507441,0.084389002,0.000288221,0.21685208,0.011312632,0.102075763,0.186176032,0.0421708,0.104915872
0.221637744,0,0.000352542,0,0.065806525,0.147607014,0.119901411,0.088073134,0.026643943,0.058641382
0.057293657,0,0,0,0,0.327344626,0.0421708,0.035387903,0.006000017,0.102075763
3.41114E-05,0,0,0,0,0.510582566,0.026643943,0.104915872,0.011312632,0.119901411
0,0,0,0,0,0.665729821,0.006000017,0.058641382,0.147607014,0.0421708
0,0,0,0,0,0.769778907,0.011312632,0.102075763,0.327344626,0.026643943
0,0,0,0,0,0.781615794,0.147607014,0.119901411,0.510582566,0.006000017
0,0,0,0,0,0.923156559,0.327344626,0.0421708,0.665729821,0.011312632
0,0,0,0,0,0.872993588,0.510582566,0.026643943,0.769778907,0.147607014
0,0,0,0,0,0.416936696,0.665729821,0.006000017,0.781615794,0.327344626
0,0,0,0,0,0.640715778,0.769778907,0.011312632,0.923156559,0.510582566
0,0,0,0,0,0.548123121,0.781615794,0.147607014,0.872993588,0.665729821
0,0,0,0,0,0.678181589,0.923156559,0.327344626,0.416936696,0.769778907
0,0,0,0.055830753,0,0.523655593,0.872993588,0.510582566,0.640715778,0.781615794
0.028168545,0.064766638,0.004242237,0.244582415,0.00006223,0.422979057,0.416936696,0.665729821,0.548123121,0.923156559
0.160302325,0.255268649,0.135981336,0.450991233,0.108882234,0.440276533,0.640715778,0.769778907,0.678181589,0.872993588
0.362082816,0.453660127,0.354738922,0.572971741,0.329000576,0.288656324,0.548123121,0.781615794,0.523655593,0.416936696
0.530113946,0.542779921,0.46872776,0.641610296,0.488560151,0.088861234,0.678181589,0.923156559,0.422979057,0.640715778
0.648287274,0.584379829,0.526999394,0.660908146,0.575258615,0.048434187,0.523655593,0.872993588,0.440276533,0.548123121
0.725233531,0.610835519,0.57363402,0.637427114,0.625140117,0.015997954,0.422979057,0.416936696,0.288656324,0.678181589
0.756899066,0.591498424,0.575769929,0.566945239,0.627792799,0.02092329,0.440276533,0.640715778,0.088861234,0.523655593
0.74096579,0.522767137,0.528135535,0.445826035,0.588121505,0.016852297,0.288656324,0.548123121,0.048434187,0.422979057
0.67887097,0.398029936,0.418195272,0.27544807,0.507992297,0.024710625,0.088861234,0.678181589,0.015997954,0.440276533
0.570235264,0.214457839,0.262842486,0.091087146,0.38945216,0.056830518,0.048434187,0.523655593,0.02092329,0.288656324
0.416920384,0.053774111,0.090474622,0.001916967,0.242685424,0.067118898,0.015997954,0.422979057,0.016852297,0.088861234
0.221637744,0,0.001099239,0,0.082892423,0.083863556,0.02092329,0.440276533,0.024710625,0.048434187
0.057293657,0,0,0,0.000256649,0.224713877,0.016852297,0.288656324,0.056830518,0.015997954
3.41114E-05,0,0,0,0,0.295715094,0.024710625,0.088861234,0.067118898,0.02092329
0,0,0,0,0,0.475750923,0.056830518,0.048434187,0.083863556,0.016852297
0,0,0,0,0,0.429904968,0.067118898,0.015997954,0.224713877,0.024710625
0,0,0,0,0,0.133806333,0.083863556,0.02092329,0.295715094,0.056830518
0,0,0,0,0,0.097172618,0.224713877,0.016852297,0.475750923,0.067118898
0,0,0,0,0,0.178564966,0.295715094,0.024710625,0.429904968,0.083863556
0,0,0,0,0,0.15810056,0.475750923,0.056830518,0.133806333,0.224713877
0,0,0,0,0,0.085907668,0.429904968,0.067118898,0.097172618,0.295715094
0,0,0,0,0,0.136811152,0.133806333,0.083863556,0.178564966,0.475750923
0,0,0,0,0,0.16231443,0.097172618,0.224713877,0.15810056,0.429904968
0,0,0,0.036124838,0,0.265915275,0.178564966,0.295715094,0.085907668,0.133806333
0.028168545,0.0412833,3.87821E-07,0.227561325,0,0.404657096,0.15810056,0.475750923,0.136811152,0.097172618
0.160302325,0.21719522,0.123562505,0.474633847,0.099302754,0.51797837,0.085907668,0.429904968,0.16231443,0.178564966
0.362082816,0.437239152,0.350346208,0.621990347,0.322716078,0.590401947,0.136811152,0.133806333,0.265915275,0.15810056
0.530113946,0.555174385,0.470659642,0.703798963,0.515044317,0.492305607,0.16231443,0.097172618,0.404657096,0.085907668
0.648287274,0.618641955,0.530772992,0.73605817,0.630605142,0.327540308,0.265915275,0.178564966,0.51797837,0.136811152
0.725233531,0.654165025,0.593863891,0.727632665,0.697638048,0.226276025,0.404657096,0.15810056,0.590401947,0.16231443
0.756899066,0.644009549,0.61795828,0.67469884,0.716580655,0.203923002,0.51797837,0.085907668,0.492305607,0.265915275
0.74096579,0.584443909,0.591373309,0.57147126,0.694481821,0.11941237,0.590401947,0.136811152,0.327540308,0.404657096
0.67887097,0.461943299,0.497196321,0.40257636,0.629024793,0.280301064,0.492305607,0.16231443,0.226276025,0.51797837
0.570235264,0.279176191,0.34426557,0.167484634,0.517746087,0.350494742,0.327540308,0.265915275,0.203923002,0.590401947
0.416920384,0.087129579,0.143554844,0.018261165,0.350324394,0.308144778,0.226276025,0.404657096,0.11941237,0.492305607
0.221637744,9.21049E-05,0.016104115,0,0.13445333,0.317373067,0.203923002,0.51797837,0.280301064,0.327540308
0.057293657,0,0,0,0.009415295,0.228583589,0.11941237,0.590401947,0.350494742,0.226276025
3.41114E-05,0,0,0,0,0.126057819,0.280301064,0.492305607,0.308144778,0.203923002
0,0,0,0,0,0.145783231,0.350494742,0.327540308,0.317373067,0.11941237
0,0,0,0,0,0.1197372,0.308144778,0.226276025,0.228583589,0.280301064
0,0,0,0,0,0.130558938,0.317373067,0.203923002,0.126057819,0.350494742
0,0,0,0,0,0.122706443,0.228583589,0.11941237,0.145783231,0.308144778
0,0,0,0,0,0.212007314,0.126057819,0.280301064,0.1197372,0.317373067
0,0,0,0,0,0.1003922,0.145783231,0.350494742,0.130558938,0.228583589
0,0,0,0,0,0.031912338,0.1197372,0.308144778,0.122706443,0.126057819
0,0,0,0,0,0.048532557,0.130558938,0.317373067,0.212007314,0.145783231
0,0,0,0,0,0.043898437,0.122706443,0.228583589,0.1003922,0.1197372
0,0,0,0.059198695,0,0.071059972,0.212007314,0.126057819,0.031912338,0.130558938
0.028168545,0.06350896,0.008823963,0.260889475,8.97956E-06,0.042385492,0.1003922,0.145783231,0.048532557,0.122706443
0.160302325,0.226344513,0.148806513,0.494000346,0.107371269,0.089992523,0.031912338,0.1197372,0.043898437,0.212007314
0.362082816,0.399621076,0.382050465,0.640014732,0.345519128,0.129399985,0.048532557,0.130558938,0.071059972,0.1003922
0.530113946,0.506024334,0.537776593,0.724162328,0.549781914,0.140253082,0.043898437,0.122706443,0.042385492,0.031912338
0.648287274,0.564421175,0.630873886,0.760361472,0.672936237,0.140412569,0.071059972,0.212007314,0.089992523,0.048532557
0.725233531,0.593604255,0.68064409,0.753486574,0.747078476,0.338652551,0.042385492,0.1003922,0.129399985,0.043898437
0.756899066,0.587792531,0.687478942,0.702994787,0.773695645,0.413234174,0.089992523,0.031912338,0.140253082,0.071059972
0.74096579,0.535570515,0.650252901,0.607318086,0.755049595,0.488830209,0.129399985,0.048532557,0.140412569,0.042385492
0.67887097,0.420190117,0.557936247,0.450924309,0.691801778,0.315008312,0.140253082,0.043898437,0.338652551,0.089992523
0.570235264,0.261012072,0.410027556,0.221824347,0.585818496,0.294467419,0.140412569,0.071059972,0.413234174,0.129399985
0.416920384,0.091215323,0.208916103,0.044805602,0.423246743,0.33345896,0.338652551,0.042385492,0.488830209,0.140253082
0.221637744,0.004193493,0.048571953,0,0.193411402,0.247955799,0.413234174,0.089992523,0.315008312,0.140412569
0.057293657,0,0,0,0.03130264,0.21165216,0.488830209,0.129399985,0.294467419,0.338652551
3.41114E-05,0,0,0,0,0.08057832,0.315008312,0.140253082,0.33345896,0.413234174
0,0,0,0,0,0.05053981,0.294467419,0.140412569,0.247955799,0.488830209
0,0,0,0,0,0.027604669,0.33345896,0.338652551,0.21165216,0.315008312
0,0,0,0,0,0.024256045,0.247955799,0.413234174,0.08057832,0.294467419
0,0,0,0,0,0.022627071,0.21165216,0.488830209,0.05053981,0.33345896
0,0,0,0,0,0.007028688,0.08057832,0.315008312,0.027604669,0.247955799
0,0,0,0,0,0.000443146,0.05053981,0.294467419,0.024256045,0.21165216
0,0,0,0,0,0.000209463,0.027604669,0.33345896,0.022627071,0.08057832
0,0,0,0,0,0.006409309,0.024256045,0.247955799,0.007028688,0.05053981
0,0,0,0.003188397,0,0.000249937,0.022627071,0.21165216,0.000443146,0.027604669
0,0.002818922,0,0.109267752,0,2.38E-05,0.007028688,0.08057832,0.000209463,0.024256045
0.028168545,0.097517573,0.064778894,0.338044572,0.006130837,0.003048241,0.000443146,0.05053981,0.006409309,0.022627071
0.160302325,0.274908586,0.24802122,0.544852225,0.140814396,0.042286195,0.000209463,0.027604669,0.000249937,0.007028688
0.362082816,0.421797906,0.453188661,0.678220947,0.385471322,0.053152397,0.006409309,0.024256045,2.38E-05,0.000443146
0.530113946,0.509333356,0.591517346,0.757915152,0.569509923,0.090882063,0.000249937,0.022627071,0.003048241,0.000209463
0.648287274,0.559454539,0.678417539,0.791492929,0.684429851,0.133875713,2.38E-05,0.007028688,0.042286195,0.006409309
0.725233531,0.584622242,0.722725413,0.782322524,0.751421627,0.328875691,0.003048241,0.000443146,0.053152397,0.000249937
0.756899066,0.574000643,0.726041432,0.728302747,0.768361416,0.303652883,0.042286195,0.000209463,0.090882063,2.38E-05
0.74096579,0.51615533,0.68809343,0.62888002,0.738304208,0.411599845,0.053152397,0.006409309,0.133875713,0.003048241
0.67887097,0.407322889,0.597813196,0.473381589,0.665766586,0.407856643,0.090882063,0.000249937,0.328875691,0.042286195
0.570235264,0.260508761,0.456730347,0.250336495,0.553962919,0.466663718,0.133875713,2.38E-05,0.303652883,0.053152397
0.416920384,0.102553694,0.26401039,0.060944371,0.390631997,0.442651212,0.328875691,0.003048241,0.411599845,0.090882063
0.221637744,0.014300045,0.077175757,1.38311E-06,0.177615609,0.190238789,0.303652883,0.042286195,0.407856643,0.133875713
0.057293657,0,1.34011E-05,0,0.030836673,0.081739865,0.411599845,0.053152397,0.466663718,0.328875691
3.41114E-05,0,0,0,0,0.084794655,0.407856643,0.090882063,0.442651212,0.303652883
0,0,0,0,0,0.042004775,0.466663718,0.133875713,0.190238789,0.411599845
0,0,0,0,0,0.035979014,0.442651212,0.328875691,0.081739865,0.407856643
0,0,0,0,0,0.079702616,0.190238789,0.303652883,0.084794655,0.466663718
0,0,0,0,0,0.049946934,0.081739865,0.411599845,0.042004775,0.442651212
0,0,0,0,0,0.079176895,0.084794655,0.407856643,0.035979014,0.190238789
0,0,0,0,0,0.043667104,0.042004775,0.466663718,0.079702616,0.081739865
0,0,0,0,0,0.018809691,0.035979014,0.442651212,0.049946934,0.084794655
0,0,0,0,0,0.019106941,0.079702616,0.190238789,0.079176895,0.042004775
0,0,0,0.025073524,0,0.01859187,0.049946934,0.081739865,0.043667104,0.035979014
0,0.037532443,0.003868023,0.167213774,0,0.031475447,0.079176895,0.084794655,0.018809691,0.079702616
0.028168545,0.140088176,0.101290592,0.390428629,0.041892604,0.072725773,0.043667104,0.042004775,0.019106941,0.049946934
0.160302325,0.26583767,0.294546236,0.568145263,0.197856604,0.054304734,0.018809691,0.035979014,0.01859187,0.079176895
0.362082816,0.377160786,0.469067997,0.68711925,0.408958317,0.015936963,0.019106941,0.079702616,0.031475447,0.043667104
0.530113946,0.447654768,0.578649811,0.758916818,0.567525801,0.034133233,0.01859187,0.049946934,0.072725773,0.018809691
0.648287274,0.48532939,0.644331343,0.783747726,0.67165112,0.086897612,0.031475447,0.079176895,0.054304734,0.019106941
0.725233531,0.506184212,0.685036796,0.762441927,0.73352516,0.103999987,0.072725773,0.043667104,0.015936963,0.01859187
0.756899066,0.498039613,0.683616935,0.698253468,0.745181335,0.174804866,0.054304734,0.018809691,0.034133233,0.031475447
0.74096579,0.446905322,0.634604094,0.596198017,0.702036772,0.2201747,0.015936963,0.019106941,0.086897612,0.072725773
0.67887097,0.35310421,0.539979251,0.450350691,0.612361932,0.491415381,0.034133233,0.01859187,0.103999987,0.054304734
0.570235264,0.230271213,0.40483065,0.250833166,0.487108263,0.2646541,0.086897612,0.031475447,0.174804866,0.015936963
0.416920384,0.103127727,0.236368341,0.068891904,0.326528888,0.403209776,0.103999987,0.072725773,0.2201747,0.034133233
0.221637744,0.022464273,0.074067777,0.000116228,0.143563538,0.051038079,0.174804866,0.054304734,0.491415381,0.086897612
0.057293657,0,0.000948928,0,0.025041943,0.340327442,0.2201747,0.015936963,0.2646541,0.103999987
3.41114E-05,0,0,0,0,0.249855042,0.491415381,0.034133233,0.403209776,0.174804866
0,0,0,0,0,0.233947083,0.2646541,0.086897612,0.051038079,0.2201747
0,0,0,0,0,0.323539913,0.403209776,0.103999987,0.340327442,0.491415381
0,0,0,0,0,0.213226259,0.051038079,0.174804866,0.249855042,0.2646541
0,0,0,0,0,0.119329244,0.340327442,0.2201747,0.233947083,0.403209776
0,0,0,0,0,0.088602558,0.249855042,0.491415381,0.323539913,0.051038079
0,0,0,0,0,0.036639493,0.233947083,0.2646541,0.213226259,0.340327442
0,0,0,0,0,0.036242433,0.323539913,0.403209776,0.119329244,0.249855042
0,0,0,4.61733E-05,0,0.059083246,0.213226259,0.051038079,0.088602558,0.233947083
0,1.48304E-05,0,0.051132897,0,0.036041401,0.119329244,0.340327442,0.036639493,0.323539913
0,0.041901765,0.031332117,0.201223075,0,0.02953428,0.088602558,0.249855042,0.036242433,0.213226259
0.028168545,0.137421175,0.139127236,0.390759057,0.047171215,0.066774137,0.036639493,0.233947083,0.059083246,0.119329244
0.160302325,0.242002969,0.297028066,0.542294478,0.187775675,0.192922726,0.036242433,0.323539913,0.036041401,0.088602558
0.362082816,0.338567293,0.445079902,0.648332113,0.367188644,0.067628443,0.059083246,0.213226259,0.02953428,0.036639493
0.530113946,0.401563541,0.543373462,0.716780582,0.510468614,0.266051859,0.036041401,0.119329244,0.066774137,0.036242433
0.648287274,0.436941314,0.603885151,0.738765045,0.608344035,0.356875837,0.02953428,0.088602558,0.192922726,0.059083246
0.725233531,0.462796942,0.640312384,0.712781336,0.666862404,0.20736599,0.066774137,0.036639493,0.067628443,0.036041401
0.756899066,0.459183438,0.637826805,0.645864238,0.676640003,0.143969849,0.192922726,0.036242433,0.266051859,0.02953428
0.74096579,0.413408086,0.591346389,0.546613672,0.63468312,0.059980564,0.067628443,0.059083246,0.356875837,0.066774137
0.67887097,0.329442766,0.502125418,0.412264722,0.547155048,0.063000545,0.266051859,0.036041401,0.20736599,0.192922726
0.570235264,0.222679736,0.380468501,0.237827855,0.426888148,0.09858638,0.356875837,0.02953428,0.143969849,0.067628443
0.416920384,0.114757868,0.228503579,0.072066607,0.281131836,0.236438587,0.20736599,0.066774137,0.059980564,0.266051859
0.221637744,0.032010288,0.078080236,0.001617507,0.125623376,0.422417998,0.143969849,0.192922726,0.063000545,0.356875837
0.057293657,0.000034643,0.005393065,0,0.024670557,0.640400648,0.059980564,0.067628443,0.09858638,0.20736599
3.41114E-05,0,0,0,0,0.682912886,0.063000545,0.266051859,0.236438587,0.143969849
0,0,0,0,0,0.764979541,0.09858638,0.356875837,0.422417998,0.059980564
0,0,0,0,0,0.866993368,0.236438587,0.20736599,0.640400648,0.063000545
0,0,0,0,0,0.843771875,0.422417998,0.143969849,0.682912886,0.09858638
0,0,0,0,0,0.623076618,0.640400648,0.059980564,0.764979541,0.236438587
0,0,0,0,0,0.527433455,0.682912886,0.063000545,0.866993368,0.422417998
0,0,0,0,0,0.251504213,0.764979541,0.09858638,0.843771875,0.640400648
0,0,0,0,0,0.325605392,0.866993368,0.236438587,0.623076618,0.682912886
0,0,0,9.70967E-05,0,0.321369052,0.843771875,0.422417998,0.527433455,0.764979541
0,7.14015E-05,0,0.036548051,0,0.248315796,0.623076618,0.640400648,0.251504213,0.866993368
0,0.031869727,0.025743095,0.143809314,0,0.237923905,0.527433455,0.682912886,0.325605392,0.843771875
0.028168545,0.10870986,0.110508646,0.289325059,0.02963198,0.241748586,0.251504213,0.764979541,0.321369052,0.623076618
0.160302325,0.206185735,0.245873715,0.404995217,0.135438419,0.487741411,0.325605392,0.866993368,0.248315796,0.527433455
0.362082816,0.305360592,0.384765591,0.485059818,0.287872523,0.396230996,0.321369052,0.843771875,0.237923905,0.251504213
0.530113946,0.37405333,0.478454849,0.540685957,0.413572375,0.527969956,0.248315796,0.623076618,0.241748586,0.325605392
0.648287274,0.412433023,0.533131936,0.551912019,0.496553231,0.545257628,0.237923905,0.527433455,0.487741411,0.321369052
0.725233531,0.434805188,0.560503147,0.52513961,0.54165551,0.5638237,0.241748586,0.251504213,0.396230996,0.248315796
0.756899066,0.429373165,0.550105804,0.46760344,0.541526563,0.464383125,0.487741411,0.325605392,0.527969956,0.237923905
0.74096579,0.392086579,0.504116346,0.384929871,0.503830855,0.409658939,0.396230996,0.321369052,0.545257628,0.241748586
0.67887097,0.319812186,0.424875087,0.28015749,0.432579925,0.262474149,0.527969956,0.248315796,0.5638237,0.487741411
0.570235264,0.221984813,0.322115372,0.154844094,0.332956098,0.328620791,0.545257628,0.237923905,0.464383125,0.396230996
0.416920384,0.12148518,0.198185993,0.046888747,0.21481898,0.430390537,0.5638237,0.241748586,0.409658939,0.527969956
0.221637744,0.037536667,0.076320581,0.002993463,0.099509431,0.235219836,0.464383125,0.487741411,0.262474149,0.545257628
0.057293657,0.001276633,0.011554049,0,0.023984818,0.394154638,0.409658939,0.396230996,0.328620791,0.5638237
3.41114E-05,0,0,0,5.33106E-06,0.466048807,0.262474149,0.527969956,0.430390537,0.464383125
0,0,0,0,0,0.608515501,0.328620791,0.545257628,0.235219836,0.409658939
0,0,0,0,0,0.761140108,0.430390537,0.5638237,0.394154638,0.262474149
0,0,0,0,0,0.697440565,0.235219836,0.464383125,0.466048807,0.328620791
0,0,0,0,0,0.831147194,0.394154638,0.409658939,0.608515501,0.430390537
0,0,0,0,0,0.632953525,0.466048807,0.262474149,0.761140108,0.235219836
0,0,0,0,0,0.435421795,0.608515501,0.328620791,0.697440565,0.394154638
0,0,0,0,0,0.392530501,0.761140108,0.430390537,0.831147194,0.466048807
0,0,0,6.97174E-07,0,0.367562801,0.697440565,0.235219836,0.632953525,0.608515501
0,0,0,0.013549298,0,0.392703414,0.831147194,0.394154638,0.435421795,0.761140108
0,0.018367976,0.008699189,0.070179459,0,0.343956143,0.632953525,0.466048807,0.392530501,0.697440565
0.028168545,0.073878282,0.057796778,0.1649287,0.019176917,0.32486552,0.435421795,0.608515501,0.367562801,0.831147194
0.160302325,0.162886631,0.158517318,0.24537725,0.097453136,0.498742372,0.392530501,0.761140108,0.392703414,0.632953525
0.362082816,0.264600588,0.276008548,0.303188768,0.226656626,0.226122901,0.367562801,0.697440565,0.343956143,0.435421795
0.530113946,0.345009389,0.359633278,0.349695235,0.344153534,0.19922635,0.392703414,0.831147194,0.32486552,0.392530501
0.648287274,0.395807962,0.406551005,0.369299561,0.423652467,0.123126708,0.343956143,0.632953525,0.498742372,0.367562801
0.725233531,0.421341656,0.431033394,0.356433124,0.467690279,0.134108841,0.32486552,0.435421795,0.226122901,0.392703414
0.756899066,0.413537762,0.426120426,0.315890947,0.470649699,0.138937175,0.498742372,0.392530501,0.19922635,0.343956143
0.74096579,0.372044019,0.392856392,0.25738533,0.436196213,0.044449497,0.226122901,0.367562801,0.123126708,0.32486552
0.67887097,0.301515608,0.327540149,0.181499574,0.37098972,0.136284024,0.19922635,0.392703414,0.134108841,0.498742372
0.570235264,0.211032957,0.243267778,0.094245247,0.283949661,0.051417522,0.123126708,0.343956143,0.138937175,0.226122901
0.416920384,0.114473305,0.149093864,0.026673526,0.181293397,0.094535545,0.134108841,0.32486552,0.044449497,0.19922635
0.221637744,0.03487298,0.060032846,0.001714032,0.082196902,0.160265326,0.138937175,0.498742372,0.136284024,0.123126708
0.057293657,0.001742103,0.010929424,0,0.019225853,0.272460938,0.044449497,0.226122901,0.051417522,0.134108841
3.41114E-05,0,0,0,4.95409E-06,0.481402189,0.136284024,0.19922635,0.094535545,0.138937175
0,0,0,0,0,0.544087946,0.051417522,0.123126708,0.160265326,0.044449497
0,0,0,0,0,0.510268867,0.094535545,0.134108841,0.272460938,0.136284024
0,0,0,0,0,0.595044971,0.160265326,0.138937175,0.481402189,0.051417522
0,0,0,0,0,0.547915876,0.272460938,0.044449497,0.544087946,0.094535545
0,0,0,0,0,0.361241817,0.481402189,0.136284024,0.510268867,0.160265326
0,0,0,0,0,0.301407814,0.544087946,0.051417522,0.595044971,0.272460938
0,0,0,0,0,0.200391904,0.510268867,0.094535545,0.547915876,0.481402189
0,0,0,0,0,0.096890703,0.595044971,0.160265326,0.361241817,0.544087946
0,0,0,0.009289247,0,0.215718269,0.547915876,0.272460938,0.301407814,0.510268867
0,0.021596612,0.001614276,0.072100959,0,0.113970622,0.361241817,0.481402189,0.200391904,0.595044971
0.028168545,0.096107401,0.054766203,0.190405276,0.0177531,0.066572145,0.301407814,0.544087946,0.096890703,0.547915876
0.160302325,0.208913968,0.182334557,0.277139654,0.099663088,0.030067835,0.200391904,0.510268867,0.215718269,0.361241817
0.362082816,0.322561179,0.32461304,0.331102721,0.239711236,0.027404794,0.096890703,0.595044971,0.113970622,0.301407814
0.530113946,0.412043789,0.422807408,0.378329198,0.360126451,0.032034814,0.215718269,0.547915876,0.066572145,0.200391904
0.648287274,0.468468826,0.475910669,0.400660292,0.435836919,0.320604116,0.113970622,0.361241817,0.030067835,0.096890703
0.725233531,0.49205162,0.504584821,0.392230459,0.478373291,0.087928981,0.066572145,0.301407814,0.027404794,0.215718269
0.756899066,0.484090573,0.497714406,0.350881023,0.484508526,0.274061024,0.030067835,0.200391904,0.032034814,0.113970622
0.74096579,0.436573502,0.453280358,0.284926348,0.449445168,0.161947623,0.027404794,0.096890703,0.320604116,0.066572145
0.67887097,0.351093142,0.376573745,0.199204372,0.378401934,0.016573334,0.032034814,0.215718269,0.087928981,0.030067835
0.570235264,0.241245504,0.274951864,0.107543947,0.285959871,0.025352208,0.320604116,0.113970622,0.274061024,0.027404794
0.416920384,0.123367517,0.158785041,0.031123546,0.176977658,0.206886709,0.087928981,0.066572145,0.161947623,0.032034814
0.221637744,0.033417793,0.053587996,0.000395911,0.074270379,0.302340716,0.274061024,0.030067835,0.016573334,0.320604116
0.057293657,0.000154151,0.004798177,0,0.014648873,0.39352867,0.161947623,0.027404794,0.025352208,0.087928981
3.41114E-05,0,0,0,0,0.744931817,0.016573334,0.032034814,0.206886709,0.274061024
0,0,0,0,0,0.589511573,0.025352208,0.320604116,0.302340716,0.161947623
0,0,0,0,0,0.623819411,0.206886709,0.087928981,0.39352867,0.016573334
0,0,0,0,0,0.623697937,0.302340716,0.274061024,0.744931817,0.025352208
0,0,0,0,0,0.575999022,0.39352867,0.161947623,0.589511573,0.206886709
0,0,0,0,0,0.583417833,0.744931817,0.016573334,0.623819411,0.302340716
0,0,0,0,0,0.491086632,0.589511573,0.025352208,0.623697937,0.39352867
0,0,0,0,0,0.332933605,0.623819411,0.206886709,0.575999022,0.744931817
0,0,0,0,0,0.225157857,0.623697937,0.302340716,0.583417833,0.589511573
0,0,0,0.010365576,0,0.25522694,0.575999022,0.39352867,0.491086632,0.623819411
0,0.018129165,9.97578E-06,0.10412263,0,0.273181945,0.583417833,0.744931817,0.332933605,0.623697937
0.028168545,0.098892003,0.065960248,0.278629414,0.024634202,0.189565584,0.491086632,0.589511573,0.225157857,0.575999022
0.160302325,0.224293789,0.221993233,0.407806705,0.1388315,0.322386295,0.332933605,0.623819411,0.25522694,0.583417833
0.362082816,0.335391152,0.379960332,0.480577685,0.316784795,0.269486487,0.225157857,0.623697937,0.273181945,0.491086632
0.530113946,0.404257016,0.473395401,0.525078266,0.455255007,0.29595688,0.25522694,0.575999022,0.189565584,0.332933605
0.648287274,0.44592744,0.519037537,0.530232129,0.539025892,0.446696162,0.273181945,0.583417833,0.322386295,0.225157857
0.725233531,0.46954489,0.53764809,0.502002626,0.580651139,0.830243707,0.189565584,0.491086632,0.269486487,0.25522694
0.756899066,0.458529972,0.520718864,0.437831578,0.575155643,0.930709779,0.322386295,0.332933605,0.29595688,0.273181945
0.74096579,0.405668318,0.467542763,0.351699874,0.526155639,0.77305305,0.269486487,0.225157857,0.446696162,0.189565584
0.67887097,0.308281378,0.379580114,0.239025677,0.438464912,0.098763205,0.29595688,0.25522694,0.830243707,0.322386295
0.570235264,0.191771429,0.266716478,0.10842361,0.328380989,0.2546314,0.446696162,0.273181945,0.930709779,0.269486487
0.416920384,0.078755196,0.138112833,0.022472359,0.197238204,0.467610925,0.830243707,0.189565584,0.77305305,0.29595688
0.221637744,0.012112534,0.036178216,7.08008E-07,0.070617725,0.531553447,0.930709779,0.322386295,0.098763205,0.446696162
0.057293657,0,0.000114229,0,0.00858835,0.718726754,0.77305305,0.269486487,0.2546314,0.830243707
3.41114E-05,0,0,0,0,0.64421773,0.098763205,0.29595688,0.467610925,0.930709779
0,0,0,0,0,0.720784247,0.2546314,0.446696162,0.531553447,0.77305305
0,0,0,0,0,0.748633087,0.467610925,0.830243707,0.718726754,0.098763205
0,0,0,0,0,0.748998642,0.531553447,0.930709779,0.64421773,0.2546314
0,0,0,0,0,0.840037346,0.718726754,0.77305305,0.720784247,0.467610925
0,0,0,0,0,0.847282112,0.64421773,0.098763205,0.748633087,0.531553447
0,0,0,0,0,0.242995247,0.720784247,0.2546314,0.748998642,0.718726754
0,0,0,0,0,0.216114059,0.748633087,0.467610925,0.840037346,0.64421773
0,0,0,0,0,0.055512123,0.748998642,0.531553447,0.847282112,0.720784247
0,0,0,0.008339044,0,0.164602801,0.840037346,0.718726754,0.242995247,0.748633087
0,0.005753611,0,0.125738749,0,0.048733409,0.847282112,0.64421773,0.216114059,0.748998642
0.028168545,0.112826529,0.077506826,0.342778783,0.02556177,0.064304769,0.242995247,0.720784247,0.055512123,0.840037346
0.160302325,0.29605062,0.25839701,0.516879638,0.156097684,0.051508918,0.216114059,0.748633087,0.164602801,0.847282112
0.362082816,0.43061533,0.432675956,0.62658799,0.353591363,0.043250464,0.055512123,0.748998642,0.048733409,0.242995247
0.530113946,0.499194474,0.533182454,0.682536924,0.499175391,0.029379277,0.164602801,0.840037346,0.064304769,0.216114059
0.648287274,0.533077332,0.582899802,0.686536735,0.586025609,0.047085375,0.048733409,0.847282112,0.051508918,0.055512123
0.725233531,0.549128151,0.605466964,0.647163858,0.629005684,0.193007842,0.064304769,0.242995247,0.043250464,0.164602801
0.756899066,0.52604716,0.588487885,0.565915282,0.620883644,0.219697356,0.051508918,0.216114059,0.029379277,0.048733409
0.74096579,0.463501501,0.526844348,0.442333116,0.566066032,0.261437625,0.043250464,0.055512123,0.047085375,0.064304769
0.67887097,0.357537248,0.425540756,0.276098901,0.477118589,0.179465726,0.029379277,0.164602801,0.193007842,0.051508918
0.570235264,0.213653945,0.283684551,0.097498627,0.355129183,0.370052457,0.047085375,0.048733409,0.219697356,0.043250464
0.416920384,0.067541782,0.112683202,0.005894177,0.203556536,0.558752239,0.193007842,0.064304769,0.261437625,0.029379277
0.221637744,0.000363079,0.012219102,0,0.062029891,0.56825763,0.219697356,0.051508918,0.179465726,0.047085375
0.057293657,0,0,0,0.000766355,0.44103545,0.261437625,0.043250464,0.370052457,0.193007842
3.41114E-05,0,0,0,0,0.532149136,0.179465726,0.029379277,0.558752239,0.219697356
0,0,0,0,0,0.69571346,0.370052457,0.047085375,0.56825763,0.261437625
0,0,0,0,0,0.645955563,0.558752239,0.193007842,0.44103545,0.179465726
0,0,0,0,0,0.658834159,0.56825763,0.219697356,0.532149136,0.370052457
0,0,0,0,0,0.38859278,0.44103545,0.261437625,0.69571346,0.558752239
0,0,0,0,0,0.416368484,0.532149136,0.179465726,0.645955563,0.56825763
0,0,0,0,0,0.143241048,0.69571346,0.370052457,0.658834159,0.44103545
0,0,0,0,0,0.010817611,0.645955563,0.558752239,0.38859278,0.532149136
0,0,0,0,0,0.029109452,0.658834159,0.56825763,0.416368484,0.69571346
0,0,0,0.001096135,0,0.021189345,0.38859278,0.44103545,0.143241048,0.645955563
0,0,0,0.107148217,0,0.0332046,0.416368484,0.532149136,0.010817611,0.658834159
0.028168545,0.109948012,0.051050887,0.329040347,0.008493476,0.029827075,0.143241048,0.69571346,0.029109452,0.38859278
0.160302325,0.328276278,0.221020596,0.517244325,0.147571789,0.039100565,0.010817611,0.645955563,0.021189345,0.416368484
0.362082816,0.500389856,0.4235184,0.630445419,0.380535076,0.268610835,0.029109452,0.658834159,0.0332046,0.143241048
0.530113946,0.582692407,0.553563866,0.687481075,0.530433368,0.178610861,0.021189345,0.38859278,0.029827075,0.010817611
0.648287274,0.619939029,0.625051986,0.695377762,0.610164795,0.17755425,0.0332046,0.416368484,0.039100565,0.029109452
0.725233531,0.636590034,0.650565976,0.661083169,0.649094112,0.161512882,0.029827075,0.143241048,0.268610835,0.021189345
0.756899066,0.608664542,0.631141084,0.581190504,0.640143269,0.100277871,0.039100565,0.010817611,0.178610861,0.0332046
0.74096579,0.533595096,0.566111088,0.450220806,0.589878402,0.082407333,0.268610835,0.029109452,0.17755425,0.029827075
0.67887097,0.406246521,0.444986446,0.265459406,0.502673365,0.257081002,0.178610861,0.021189345,0.161512882,0.039100565
0.570235264,0.214778245,0.268523736,0.079720202,0.376077865,0.543916464,0.17755425,0.0332046,0.100277871,0.268610835
0.416920384,0.0507441,0.084389002,0.000288221,0.21685208,0.599047542,0.161512882,0.029827075,0.082407333,0.178610861
0.221637744,0,0.000352542,0,0.065806525,0.61217916,0.100277871,0.039100565,0.257081002,0.17755425
0.057293657,0,0,0,0,0.950617909,0.082407333,0.268610835,0.543916464,0.161512882
3.41114E-05,0,0,0,0,0.896876037,0.257081002,0.178610861,0.599047542,0.100277871
0,0,0,0,0,0.901314676,0.543916464,0.17755425,0.61217916,0.082407333
0,0,0,0,0,0.905268729,0.599047542,0.161512882,0.950617909,0.257081002
0,0,0,0,0,0.797776461,0.61217916,0.100277871,0.896876037,0.543916464
0,0,0,0,0,0.781698048,0.950617909,0.082407333,0.901314676,0.599047542
0,0,0,0,0,0.807386637,0.896876037,0.257081002,0.905268729,0.61217916
0,0,0,0,0,0.689081967,0.901314676,0.543916464,0.797776461,0.950617909
0,0,0,0,0,0.417755067,0.905268729,0.599047542,0.781698048,0.896876037
0,0,0,0,0,0.616696656,0.797776461,0.61217916,0.807386637,0.901314676
0,0,0,0,0,0.423230201,0.781698048,0.950617909,0.689081967,0.905268729
0,0,0,0.055830753,0,0.739763916,0.807386637,0.896876037,0.417755067,0.797776461
0.028168545,0.064766638,0.004242237,0.244582415,0.00006223,0.850536525,0.689081967,0.901314676,0.616696656,0.781698048
0.160302325,0.255268649,0.135981336,0.450991233,0.108882234,0.987946272,0.417755067,0.905268729,0.423230201,0.807386637
0.362082816,0.453660127,0.354738922,0.572971741,0.329000576,0.992906868,0.616696656,0.797776461,0.739763916,0.689081967
0.530113946,0.542779921,0.46872776,0.641610296,0.488560151,0.954949856,0.423230201,0.781698048,0.850536525,0.417755067
0.648287274,0.584379829,0.526999394,0.660908146,0.575258615,0.957483649,0.739763916,0.807386637,0.987946272,0.616696656
0.725233531,0.610835519,0.57363402,0.637427114,0.625140117,0.995159686,0.850536525,0.689081967,0.992906868,0.423230201
0.756899066,0.591498424,0.575769929,0.566945239,0.627792799,0.957313597,0.987946272,0.417755067,0.954949856,0.739763916
0.74096579,0.522767137,0.528135535,0.445826035,0.588121505,0.839267194,0.992906868,0.616696656,0.957483649,0.850536525
0.67887097,0.398029936,0.418195272,0.27544807,0.507992297,0.669839799,0.954949856,0.423230201,0.995159686,0.987946272
0.570235264,0.214457839,0.262842486,0.091087146,0.38945216,0.615554631,0.957483649,0.739763916,0.957313597,0.992906868
0.416920384,0.053774111,0.090474622,0.001916967,0.242685424,0.531172693,0.995159686,0.850536525,0.839267194,0.954949856
0.221637744,0,0.001099239,0,0.082892423,0.374284714,0.957313597,0.987946272,0.669839799,0.957483649
0.057293657,0,0,0,0.000256649,0.899301589,0.839267194,0.992906868,0.615554631,0.995159686
3.41114E-05,0,0,0,0,0.987569451,0.669839799,0.954949856,0.531172693,0.957313597
0,0,0,0,0,0.831888318,0.615554631,0.957483649,0.374284714,0.839267194
0,0,0,0,0,0.820104659,0.531172693,0.995159686,0.899301589,0.669839799
0,0,0,0,0,0.661965132,0.374284714,0.957313597,0.987569451,0.615554631
0,0,0,0,0,0.557559967,0.899301589,0.839267194,0.831888318,0.531172693
0,0,0,0,0,0.71585691,0.987569451,0.669839799,0.820104659,0.374284714
0,0,0,0,0,0.532644331,0.831888318,0.615554631,0.661965132,0.899301589
0,0,0,0,0,0.381418973,0.820104659,0.531172693,0.557559967,0.987569451
0,0,0,0,0,0.719067872,0.661965132,0.374284714,0.71585691,0.831888318
0,0,0,0,0,0.915469408,0.557559967,0.899301589,0.532644331,0.820104659
0,0,0,0.036124838,0,0.991534948,0.71585691,0.987569451,0.381418973,0.661965132
0.028168545,0.0412833,3.87821E-07,0.227561325,0,0.994274199,0.532644331,0.831888318,0.719067872,0.557559967
0.160302325,0.21719522,0.123562505,0.474633847,0.099302754,0.984071434,0.381418973,0.820104659,0.915469408,0.71585691
0.362082816,0.437239152,0.350346208,0.621990347,0.322716078,0.930274308,0.719067872,0.661965132,0.991534948,0.532644331
0.530113946,0.555174385,0.470659642,0.703798963,0.515044317,0.940155029,0.915469408,0.557559967,0.994274199,0.381418973
0.648287274,0.618641955,0.530772992,0.73605817,0.630605142,0.849161148,0.991534948,0.71585691,0.984071434,0.719067872
0.725233531,0.654165025,0.593863891,0.727632665,0.697638048,0.938407242,0.994274199,0.532644331,0.930274308,0.915469408
0.756899066,0.644009549,0.61795828,0.67469884,0.716580655,0.88310343,0.984071434,0.381418973,0.940155029,0.991534948
0.74096579,0.584443909,0.591373309,0.57147126,0.694481821,0.43992117,0.930274308,0.719067872,0.849161148,0.994274199
0.67887097,0.461943299,0.497196321,0.40257636,0.629024793,0.482916027,0.940155029,0.915469408,0.938407242,0.984071434
0.570235264,0.279176191,0.34426557,0.167484634,0.517746087,0.635671675,0.849161148,0.991534948,0.88310343,0.930274308
0.416920384,0.087129579,0.143554844,0.018261165,0.350324394,0.544813573,0.938407242,0.994274199,0.43992117,0.940155029
0.221637744,9.21049E-05,0.016104115,0,0.13445333,0.408325285,0.88310343,0.984071434,0.482916027,0.849161148
0.057293657,0,0,0,0.009415295,0.781023324,0.43992117,0.930274308,0.635671675,0.938407242
3.41114E-05,0,0,0,0,0.815511405,0.482916027,0.940155029,0.544813573,0.88310343
0,0,0,0,0,0.918238223,0.635671675,0.849161148,0.408325285,0.43992117
0,0,0,0,0,0.966636121,0.544813573,0.938407242,0.781023324,0.482916027
0,0,0,0,0,0.959990978,0.408325285,0.88310343,0.815511405,0.635671675
0,0,0,0,0,0.725447237,0.781023324,0.43992117,0.918238223,0.544813573
0,0,0,0,0,0.245298237,0.815511405,0.482916027,0.966636121,0.408325285
0,0,0,0,0,0.279651493,0.918238223,0.635671675,0.959990978,0.781023324
0,0,0,0,0,0.388571203,0.966636121,0.544813573,0.725447237,0.815511405
0,0,0,0,0,0.398834586,0.959990978,0.408325285,0.245298237,0.918238223
0,0,0,0,0,0.250578254,0.725447237,0.781023324,0.279651493,0.966636121
0,0,0,0.059198695,0,0.184600756,0.245298237,0.815511405,0.388571203,0.959990978
0.028168545,0.06350896,0.008823963,0.260889475,8.97956E-06,0.186699167,0.279651493,0.918238223,0.398834586,0.725447237
0.160302325,0.226344513,0.148806513,0.494000346,0.107371269,0.201297894,0.388571203,0.966636121,0.250578254,0.245298237
0.362082816,0.399621076,0.382050465,0.640014732,0.345519128,0.112629965,0.398834586,0.959990978,0.184600756,0.279651493
0.530113946,0.506024334,0.537776593,0.724162328,0.549781914,0.120832451,0.250578254,0.725447237,0.186699167,0.388571203
0.648287274,0.564421175,0.630873886,0.760361472,0.672936237,0.072467804,0.184600756,0.245298237,0.201297894,0.398834586
0.725233531,0.593604255,0.68064409,0.753486574,0.747078476,0.054361761,0.186699167,0.279651493,0.112629965,0.250578254
0.756899066,0.587792531,0.687478942,0.702994787,0.773695645,0.092879415,0.201297894,0.388571203,0.120832451,0.184600756
0.74096579,0.535570515,0.650252901,0.607318086,0.755049595,0.072004206,0.112629965,0.398834586,0.072467804,0.186699167
0.67887097,0.420190117,0.557936247,0.450924309,0.691801778,0.066791676,0.120832451,0.250578254,0.054361761,0.201297894
0.570235264,0.261012072,0.410027556,0.221824347,0.585818496,0.190585867,0.072467804,0.184600756,0.092879415,0.112629965
0.416920384,0.091215323,0.208916103,0.044805602,0.423246743,0.457088739,0.054361761,0.186699167,0.072004206,0.120832451
0.221637744,0.004193493,0.048571953,0,0.193411402,0.45988068,0.092879415,0.201297894,0.066791676,0.072467804
0.057293657,0,0,0,0.03130264,0.472866714,0.072004206,0.112629965,0.190585867,0.054361761
3.41114E-05,0,0,0,0,0.466151059,0.066791676,0.120832451,0.457088739,0.092879415
0,0,0,0,0,0.474777311,0.190585867,0.072467804,0.45988068,0.072004206
0,0,0,0,0,0.806126058,0.457088739,0.054361761,0.472866714,0.066791676
0,0,0,0,0,0.779218495,0.45988068,0.092879415,0.466151059,0.190585867
0,0,0,0,0,0.442314804,0.472866714,0.072004206,0.474777311,0.457088739
0,0,0,0,0,0.624453485,0.466151059,0.066791676,0.806126058,0.45988068
0,0,0,0,0,0.696367621,0.474777311,0.190585867,0.779218495,0.472866714
0,0,0,0,0,0.65118432,0.806126058,0.457088739,0.442314804,0.466151059
0,0,0,0,0,0.172671884,0.779218495,0.45988068,0.624453485,0.474777311
0,0,0,0.003188397,0,0.051805969,0.442314804,0.472866714,0.696367621,0.806126058
0,0.002818922,0,0.109267752,0,0.036903031,0.624453485,0.466151059,0.65118432,0.779218495
0.028168545,0.097517573,0.064778894,0.338044572,0.006130837,0.026239254,0.696367621,0.474777311,0.172671884,0.442314804
0.160302325,0.274908586,0.24802122,0.544852225,0.140814396,0.01181122,0.65118432,0.806126058,0.051805969,0.624453485
0.362082816,0.421797906,0.453188661,0.678220947,0.385471322,0.190033689,0.172671884,0.779218495,0.036903031,0.696367621
0.530113946,0.509333356,0.591517346,0.757915152,0.569509923,0.529028535,0.051805969,0.442314804,0.026239254,0.65118432
0.648287274,0.559454539,0.678417539,0.791492929,0.684429851,0.826584518,0.036903031,0.624453485,0.01181122,0.172671884
0.725233531,0.584622242,0.722725413,0.782322524,0.751421627,0.861350298,0.026239254,0.696367621,0.190033689,0.051805969
0.756899066,0.574000643,0.726041432,0.728302747,0.768361416,0.827531636,0.01181122,0.65118432,0.529028535,0.036903031
0.74096579,0.51615533,0.68809343,0.62888002,0.738304208,0.568184793,0.190033689,0.172671884,0.826584518,0.026239254
0.67887097,0.407322889,0.597813196,0.473381589,0.665766586,0.277791977,0.529028535,0.051805969,0.861350298,0.01181122
0.570235264,0.260508761,0.456730347,0.250336495,0.553962919,0.586958945,0.826584518,0.036903031,0.827531636,0.190033689
0.416920384,0.102553694,0.26401039,0.060944371,0.390631997,0.798252046,0.861350298,0.026239254,0.568184793,0.529028535
0.221637744,0.014300045,0.077175757,1.38311E-06,0.177615609,0.876728177,0.827531636,0.01181122,0.277791977,0.826584518
0.057293657,0,1.34011E-05,0,0.030836673,0.558286965,0.568184793,0.190033689,0.586958945,0.861350298
3.41114E-05,0,0,0,0,0.458582252,0.277791977,0.529028535,0.798252046,0.827531636
0,0,0,0,0,0.475991964,0.586958945,0.826584518,0.876728177,0.568184793
0,0,0,0,0,0.68334502,0.798252046,0.861350298,0.558286965,0.277791977
0,0,0,0,0,0.839030862,0.876728177,0.827531636,0.458582252,0.586958945
0,0,0,0,0,0.835533857,0.558286965,0.568184793,0.475991964,0.798252046
0,0,0,0,0,0.920808613,0.458582252,0.277791977,0.68334502,0.876728177
0,0,0,0,0,0.772970855,0.475991964,0.586958945,0.839030862,0.558286965
0,0,0,0,0,0.327633321,0.68334502,0.798252046,0.835533857,0.458582252
0,0,0,0,0,0.179378852,0.839030862,0.876728177,0.920808613,0.475991964
0,0,0,0.025073524,0,0.521349788,0.835533857,0.558286965,0.772970855,0.68334502
0,0.037532443,0.003868023,0.167213774,0,0.634025276,0.920808613,0.458582252,0.327633321,0.839030862
0.028168545,0.140088176,0.101290592,0.390428629,0.041892604,0.727685094,0.772970855,0.475991964,0.179378852,0.835533857
0.160302325,0.26583767,0.294546236,0.568145263,0.197856604,0.655138195,0.327633321,0.68334502,0.521349788,0.920808613
0.362082816,0.377160786,0.469067997,0.68711925,0.408958317,0.694265127,0.179378852,0.839030862,0.634025276,0.772970855
0.530113946,0.447654768,0.578649811,0.758916818,0.567525801,0.392424762,0.521349788,0.835533857,0.727685094,0.327633321
0.648287274,0.48532939,0.644331343,0.783747726,0.67165112,0.338385493,0.634025276,0.920808613,0.655138195,0.179378852
0.725233531,0.506184212,0.685036796,0.762441927,0.73352516,0.652789056,0.727685094,0.772970855,0.694265127,0.521349788
0.756899066,0.498039613,0.683616935,0.596198017,0.745181335,0.57474345,0.655138195,0.327633321,0.392424762,0.634025276
0.74096579,0.446905322,0.634604094,0.450350691,0.702036772,0.370055348,0.694265127,0.179378852,0.338385493,0.727685094
0.67887097,0.35310421,0.539979251,0.250833166,0.612361932,0.291444421,0.392424762,0.521349788,0.652789056,0.655138195
0.570235264,0.230271213,0.40483065,0.068891904,0.487108263,0.414478302,0.338385493,0.634025276,0.57474345,0.694265127
0.416920384,0.103127727,0.236368341,0.000116228,0.326528888,0.827148199,0.652789056,0.727685094,0.370055348,0.392424762
0.221637744,0.022464273,0.074067777,0,0.143563538,0.916300356,0.57474345,0.655138195,0.291444421,0.338385493
0.057293657,0,0.000948928,0,0.025041943,0.881966531,0.370055348,0.694265127,0.414478302,0.652789056
3.41114E-05,0,0,0,0,0.923477471,0.291444421,0.392424762,0.827148199,0.57474345
0,0,0,0,0,0.94402045,0.414478302,0.338385493,0.916300356,0.370055348
0,0,0,0,0,0.983298659,0.827148199,0.652789056,0.881966531,0.291444421
0,0,0,0,0,0.978707671,0.916300356,0.57474345,0.923477471,0.414478302
0,0,0,0,0,0.877108097,0.881966531,0.370055348,0.94402045,0.827148199
0,0,0,0,0,0.683879137,0.923477471,0.291444421,0.983298659,0.916300356
0,0,0,0,0,0.204530478,0.94402045,0.414478302,0.978707671,0.881966531
0,0,0,4.61733E-05,0,0.013544839,0.983298659,0.827148199,0.877108097,0.923477471
0,0,0,0.051132897,0,0.00128691,0.978707671,0.916300356,0.683879137,0.94402045
0,1.48304E-05,0,0.201223075,0,0.112565652,0.877108097,0.881966531,0.204530478,0.983298659
0,0.041901765,0.031332117,0.390759057,0,0.100983456,0.683879137,0.923477471,0.013544839,0.978707671
0.028168545,0.137421175,0.139127236,0.542294478,0.047171215,0.084440075,0.204530478,0.94402045,0.00128691,0.877108097
0.160302325,0.242002969,0.297028066,0.648332113,0.187775675,0.154688537,0.013544839,0.983298659,0.112565652,0.683879137
0.362082816,0.338567293,0.445079902,0.716780582,0.367188644,0.221458226,0.00128691,0.978707671,0.100983456,0.204530478
0.530113946,0.401563541,0.543373462,0.738765045,0.510468614,0.204176635,0.112565652,0.877108097,0.084440075,0.013544839
0.648287274,0.436941314,0.603885151,0.712781336,0.608344035,0.097894594,0.100983456,0.683879137,0.154688537,0.00128691
0.725233531,0.462796942,0.640312384,0.645864238,0.666862404,0.139793471,0.084440075,0.204530478,0.221458226,0.112565652
0.756899066,0.459183438,0.637826805,0.546613672,0.676640003,0.52677238,0.154688537,0.013544839,0.204176635,0.100983456
0.74096579,0.413408086,0.591346389,0.412264722,0.63468312,0.307773411,0.221458226,0.00128691,0.097894594,0.084440075
0.67887097,0.329442766,0.502125418,0.237827855,0.547155048,0.279155374,0.204176635,0.112565652,0.139793471,0.154688537
0.570235264,0.222679736,0.380468501,0.072066607,0.426888148,0.365559608,0.097894594,0.100983456,0.52677238,0.221458226
0.416920384,0.114757868,0.228503579,0.001617507,0.281131836,0.502807021,0.139793471,0.084440075,0.307773411,0.204176635
0.221637744,0.032010288,0.078080236,0,0.125623376,0.626967907,0.52677238,0.154688537,0.279155374,0.097894594
0.057293657,0.000034643,0.005393065,0,0.024670557,0.705600381,0.307773411,0.221458226,0.365559608,0.139793471
3.41114E-05,0,0,0,0,0.788164437,0.279155374,0.204176635,0.502807021,0.52677238
0,0,0,0,0,0.832224965,0.365559608,0.097894594,0.626967907,0.307773411
0,0,0,0,0,0.734846413,0.502807021,0.139793471,0.705600381,0.279155374
0,0,0,0,0,0.590619326,0.626967907,0.52677238,0.788164437,0.365559608
0,0,0,0,0,0.436024427,0.705600381,0.307773411,0.832224965,0.502807021
0,0,0,0,0,0.47070837,0.788164437,0.279155374,0.734846413,0.626967907
0,0,0,0,0,0.1722188,0.832224965,0.365559608,0.590619326,0.705600381
0,0,0,9.70967E-05,0,0.083201431,0.734846413,0.502807021,0.436024427,0.788164437
0,0,0,0.036548051,0,0.358199447,0.590619326,0.626967907,0.47070837,0.832224965
0,7.14015E-05,0,0.143809314,0,0.258043587,0.436024427,0.705600381,0.1722188,0.734846413
0,0.031869727,0.025743095,0.289325059,0,0.145203382,0.47070837,0.788164437,0.083201431,0.590619326
0.028168545,0.10870986,0.110508646,0.404995217,0.02963198,0.216392785,0.1722188,0.832224965,0.358199447,0.436024427
0.160302325,0.206185735,0.245873715,0.485059818,0.135438419,0.052372407,0.083201431,0.734846413,0.258043587,0.47070837
0.362082816,0.305360592,0.384765591,0.540685957,0.287872523,0.241585031,0.358199447,0.590619326,0.145203382,0.1722188
0.530113946,0.37405333,0.478454849,0.551912019,0.413572375,0.488935351,0.258043587,0.436024427,0.216392785,0.083201431
0.648287274,0.412433023,0.533131936,0.52513961,0.496553231,0.506256759,0.145203382,0.47070837,0.052372407,0.358199447
0.725233531,0.434805188,0.560503147,0.46760344,0.54165551,0.352107048,0.216392785,0.1722188,0.241585031,0.258043587
0.756899066,0.429373165,0.550105804,0.384929871,0.541526563,0.081939735,0.052372407,0.083201431,0.488935351,0.145203382
0.74096579,0.392086579,0.504116346,0.28015749,0.503830855,0.014518855,0.241585031,0.358199447,0.506256759,0.216392785
0.67887097,0.319812186,0.424875087,0.154844094,0.432579925,0.005508712,0.488935351,0.258043587,0.352107048,0.052372407
0.570235264,0.221984813,0.322115372,0.046888747,0.332956098,0.108492963,0.506256759,0.145203382,0.081939735,0.241585031
0.416920384,0.12148518,0.198185993,0.002993463,0.21481898,0.539468288,0.352107048,0.216392785,0.014518855,0.488935351
0.221637744,0.037536667,0.076320581,0,0.099509431,0.761301816,0.081939735,0.052372407,0.005508712,0.506256759
0.057293657,0.001276633,0.011554049,0,0.023984818,0.77053988,0.014518855,0.241585031,0.108492963,0.352107048
3.41114E-05,0,0,0,5.33106E-06,0.853730261,0.005508712,0.488935351,0.539468288,0.081939735
0,0,0,0,0,0.8607921,0.108492963,0.506256759,0.761301816,0.014518855
0,0,0,0,0,0.904818296,0.539468288,0.352107048,0.77053988,0.005508712
0,0,0,0,0,0.565592647,0.761301816,0.081939735,0.853730261,0.108492963
0,0,0,0,0,0.626803935,0.77053988,0.014518855,0.8607921,0.539468288
0,0,0,0,0,0.539959848,0.853730261,0.005508712,0.904818296,0.761301816
0,0,0,0,0,0.242201939,0.8607921,0.108492963,0.565592647,0.77053988
0,0,0,6.97174E-07,0,0.118469387,0.904818296,0.539468288,0.626803935,0.853730261
0,0,0,0.013549298,0,0.100368783,0.565592647,0.761301816,0.539959848,0.8607921
0,0,0,0.070179459,0,0.086505473,0.626803935,0.77053988,0.242201939,0.904818296
0,0.018367976,0.008699189,0.1649287,0,0.128976002,0.539959848,0.853730261,0.118469387,0.565592647
0.028168545,0.073878282,0.057796778,0.24537725,0.019176917,0.149094954,0.242201939,0.8607921,0.100368783,0.626803935
0.160302325,0.162886631,0.158517318,0.303188768,0.097453136,0.240285978,0.118469387,0.904818296,0.086505473,0.539959848
0.362082816,0.264600588,0.276008548,0.349695235,0.226656626,0.207831144,0.100368783,0.565592647,0.128976002,0.242201939
0.530113946,0.345009389,0.359633278,0.369299561,0.344153534,0.129709885,0.086505473,0.626803935,0.149094954,0.118469387
0.648287274,0.395807962,0.406551005,0.356433124,0.423652467,0.057884358,0.128976002,0.539959848,0.240285978,0.100368783
0.725233531,0.421341656,0.431033394,0.315890947,0.467690279,0.024031591,0.149094954,0.242201939,0.207831144,0.086505473
0.756899066,0.413537762,0.426120426,0.25738533,0.470649699,0.045733269,0.240285978,0.118469387,0.129709885,0.128976002
0.74096579,0.372044019,0.392856392,0.181499574,0.436196213,0.044309758,0.207831144,0.100368783,0.057884358,0.149094954
0.67887097,0.301515608,0.327540149,0.094245247,0.37098972,0.027911447,0.129709885,0.086505473,0.024031591,0.240285978
0.570235264,0.211032957,0.243267778,0.026673526,0.283949661,0.122761264,0.057884358,0.128976002,0.045733269,0.207831144
0.416920384,0.114473305,0.149093864,0.001714032,0.181293397,0.274397761,0.024031591,0.149094954,0.044309758,0.129709885
0.221637744,0.03487298,0.060032846,0,0.082196902,0.261478841,0.045733269,0.240285978,0.027911447,0.057884358
0.057293657,0.001742103,0.010929424,0,0.019225853,0.455997854,0.044309758,0.207831144,0.122761264,0.024031591
3.41114E-05,0,0,0,4.95409E-06,0.762791038,0.027911447,0.129709885,0.274397761,0.045733269
0,0,0,0,0,0.774410903,0.122761264,0.057884358,0.261478841,0.044309758
0,0,0,0,0,0.595910549,0.274397761,0.024031591,0.455997854,0.027911447
0,0,0,0,0,0.598733366,0.261478841,0.045733269,0.762791038,0.122761264
0,0,0,0,0,0.166959092,0.455997854,0.044309758,0.774410903,0.274397761
0,0,0,0,0,0.135057524,0.762791038,0.027911447,0.595910549,0.261478841
0,0,0,0,0,0.017582571,0.774410903,0.122761264,0.598733366,0.455997854
0,0,0,0,0,0.002247091,0.595910549,0.274397761,0.166959092,0.762791038
0,0,0,0.009289247,0,0.005211891,0.598733366,0.261478841,0.135057524,0.774410903
0,0,0,0.072100959,0,0.010208551,0.166959092,0.455997854,0.017582571,0.595910549
0,0.021596612,0.001614276,0.190405276,0,0.08069557,0.135057524,0.762791038,0.002247091,0.598733366
0.028168545,0.096107401,0.054766203,0.277139654,0.0177531,0.021356922,0.017582571,0.774410903,0.005211891,0.166959092
0.160302325,0.208913968,0.182334557,0.331102721,0.099663088,0.103507802,0.002247091,0.595910549,0.010208551,0.135057524
0.362082816,0.322561179,0.32461304,0.378329198,0.239711236,0.178854465,0.005211891,0.598733366,0.08069557,0.017582571
0.530113946,0.412043789,0.422807408,0.400660292,0.360126451,0.292314351,0.010208551,0.166959092,0.021356922,0.002247091
0.648287274,0.468468826,0.475910669,0.392230459,0.435836919,0.151595533,0.08069557,0.135057524,0.103507802,0.005211891
0.725233531,0.49205162,0.504584821,0.350881023,0.478373291,0.103266001,0.021356922,0.017582571,0.178854465,0.010208551
0.756899066,0.484090573,0.497714406,0.284926348,0.484508526,0.288303316,0.103507802,0.002247091,0.292314351,0.08069557
0.74096579,0.436573502,0.453280358,0.199204372,0.449445168,0.23853752,0.178854465,0.005211891,0.151595533,0.021356922
0.67887097,0.351093142,0.376573745,0.107543947,0.378401934,0.182607532,0.292314351,0.010208551,0.103266001,0.103507802
0.570235264,0.241245504,0.274951864,0.031123546,0.285959871,0.123560347,0.151595533,0.08069557,0.288303316,0.178854465
0.416920384,0.123367517,0.158785041,0.000395911,0.176977658,0.31207189,0.103266001,0.021356922,0.23853752,0.292314351
0.221637744,0.033417793,0.053587996,0,0.074270379,0.419083118,0.288303316,0.103507802,0.182607532,0.151595533
0.057293657,0.000154151,0.004798177,0,0.014648873,0.481331021,0.23853752,0.178854465,0.123560347,0.103266001
3.41114E-05,0,0,0,0,0.492821276,0.182607532,0.292314351,0.31207189,0.288303316
0,0,0,0,0,0.662463129,0.123560347,0.151595533,0.419083118,0.23853752
0,0,0,0,0,0.708400905,0.31207189,0.103266001,0.481331021,0.182607532
0,0,0,0,0,0.772450924,0.419083118,0.288303316,0.492821276,0.123560347
0,0,0,0,0,0.948050916,0.481331021,0.23853752,0.662463129,0.31207189
0,0,0,0,0,0.789685369,0.492821276,0.182607532,0.708400905,0.419083118
0,0,0,0,0,0.268334955,0.662463129,0.123560347,0.772450924,0.481331021
0,0,0,0,0,0.160880968,0.708400905,0.31207189,0.948050916,0.492821276
0,0,0,0.010365576,0,0.108486898,0.772450924,0.419083118,0.789685369,0.662463129
0,0,0,0.10412263,0,0.430068403,0.948050916,0.481331021,0.268334955,0.708400905
0,0.018129165,9.97578E-06,0.278629414,0,0.531062961,0.789685369,0.492821276,0.160880968,0.772450924
0.028168545,0.098892003,0.065960248,0.407806705,0.024634202,0.5456056,0.268334955,0.662463129,0.108486898,0.948050916
0.160302325,0.224293789,0.221993233,0.480577685,0.1388315,0.414485067,0.160880968,0.708400905,0.430068403,0.789685369
0.362082816,0.335391152,0.379960332,0.525078266,0.316784795,0.184052348,0.108486898,0.772450924,0.531062961,0.268334955
0.530113946,0.404257016,0.473395401,0.530232129,0.455255007,0.303635746,0.430068403,0.948050916,0.5456056,0.160880968
0.648287274,0.44592744,0.519037537,0.502002626,0.539025892,0.298843384,0.531062961,0.789685369,0.414485067,0.108486898
0.725233531,0.46954489,0.53764809,0.437831578,0.580651139,0.348360151,0.5456056,0.268334955,0.184052348,0.430068403
0.756899066,0.458529972,0.520718864,0.351699874,0.575155643,0.316052973,0.414485067,0.160880968,0.303635746,0.531062961
0.74096579,0.405668318,0.467542763,0.239025677,0.526155639,0.234347776,0.184052348,0.108486898,0.298843384,0.5456056
0.67887097,0.308281378,0.379580114,0.10842361,0.438464912,0.173336685,0.303635746,0.430068403,0.348360151,0.414485067
0.570235264,0.191771429,0.266716478,0.022472359,0.328380989,0.243599489,0.298843384,0.531062961,0.316052973,0.184052348
0.416920384,0.078755196,0.138112833,7.08008E-07,0.197238204,0.251311809,0.348360151,0.5456056,0.234347776,0.303635746
0.221637744,0.012112534,0.036178216,0,0.070617725,0.038565498,0.316052973,0.414485067,0.173336685,0.298843384
0.057293657,0,0.000114229,0,0.00858835,0.126415536,0.234347776,0.184052348,0.243599489,0.348360151
3.41114E-05,0,0,0,0,0.060989495,0.173336685,0.303635746,0.251311809,0.316052973
0,0,0,0,0,0.108155176,0.243599489,0.298843384,0.038565498,0.234347776
0,0,0,0,0,0.224808738,0.251311809,0.348360151,0.126415536,0.173336685
0,0,0,0,0,0.2039285,0.038565498,0.316052973,0.060989495,0.243599489
0,0,0,0,0,0.155684158,0.126415536,0.234347776,0.108155176,0.251311809
0,0,0,0,0,0.029047702,0.060989495,0.173336685,0.224808738,0.038565498
0,0,0,0,0,0.001756036,0.108155176,0.243599489,0.2039285,0.126415536
0,0,0,0,0,0,0.224808738,0.251311809,0.155684158,0.060989495
0,0,0,0.008339044,0,0.000349054,0.2039285,0.038565498,0.029047702,0.108155176
0,0,0,0.125738749,0,0.038344413,0.155684158,0.126415536,0.001756036,0.224808738
0,0.005753611,0,0.342778783,0,0.025628798,0.029047702,0.060989495,0,0.2039285
0.028168545,0.112826529,0.077506826,0.516879638,0.02556177,0.032570399,0.001756036,0.108155176,0.000349054,0.155684158
0.160302325,0.29605062,0.25839701,0.62658799,0.156097684,0.032221362,0,0.224808738,0.038344413,0.029047702
0.362082816,0.43061533,0.432675956,0.682536924,0.353591363,0.02276345,0.000349054,0.2039285,0.025628798,0.001756036
0.530113946,0.499194474,0.533182454,0.686536735,0.499175391,0.106759861,0.038344413,0.155684158,0.032570399,0
0.648287274,0.533077332,0.582899802,0.647163858,0.586025609,0.091493145,0.025628798,0.029047702,0.032221362,0.000349054
0.725233531,0.549128151,0.605466964,0.565915282,0.629005684,0.043252852,0.032570399,0.001756036,0.02276345,0.038344413
0.756899066,0.52604716,0.588487885,0.442333116,0.620883644,0.029478092,0.032221362,0,0.106759861,0.025628798
0.74096579,0.463501501,0.526844348,0.276098901,0.566066032,0.038957693,0.02276345,0.000349054,0.091493145,0.032570399
0.67887097,0.357537248,0.425540756,0.097498627,0.477118589,0.055607766,0.106759861,0.038344413,0.043252852,0.032221362
0.570235264,0.213653945,0.283684551,0.005894177,0.355129183,0.085910328,0.091493145,0.025628798,0.029478092,0.02276345
0.416920384,0.067541782,0.112683202,0,0.203556536,0.129977047,0.043252852,0.032570399,0.038957693,0.106759861
0.221637744,0.000363079,0.012219102,0,0.062029891,0.213760972,0.029478092,0.032221362,0.055607766,0.091493145
0.057293657,0,0,0,0.000766355,0.617086649,0.038957693,0.02276345,0.085910328,0.043252852
3.41114E-05,0,0,0,0,0.887703776,0.055607766,0.106759861,0.129977047,0.029478092
0,0,0,0,0,0.977663934,0.085910328,0.091493145,0.213760972,0.038957693
0,0,0,0,0,0.878150344,0.129977047,0.043252852,0.617086649,0.055607766
0,0,0,0,0,0.805306673,0.213760972,0.029478092,0.887703776,0.085910328
0,0,0,0,0,0.781054676,0.617086649,0.038957693,0.977663934,0.129977047
0,0,0,0,0,0.81902343,0.887703776,0.055607766,0.878150344,0.213760972
0,0,0,0,0,0.193289608,0.977663934,0.085910328,0.805306673,0.617086649
0,0,0,0,0,0.071149834,0.878150344,0.129977047,0.781054676,0.887703776
0,0,0,0.001096135,0,0.04140747,0.805306673,0.213760972,0.81902343,0.977663934
0,0,0,0.107148217,0,0.023127181,0.781054676,0.617086649,0.193289608,0.878150344
0,0,0,0.329040347,0,0.018036358,0.81902343,0.887703776,0.071149834,0.805306673
0.028168545,0.109948012,0.051050887,0.517244325,0.008493476,0.151401773,0.193289608,0.977663934,0.04140747,0.781054676
0.160302325,0.328276278,0.221020596,0.630445419,0.147571789,0.290328741,0.071149834,0.878150344,0.023127181,0.81902343
0.362082816,0.500389856,0.4235184,0.687481075,0.380535076,0.544338703,0.04140747,0.805306673,0.018036358,0.193289608
0.530113946,0.582692407,0.553563866,0.695377762,0.530433368,0.740216494,0.023127181,0.781054676,0.151401773,0.071149834
0.648287274,0.619939029,0.625051986,0.661083169,0.610164795,0.514303327,0.018036358,0.81902343,0.290328741,0.04140747
0.725233531,0.636590034,0.650565976,0.581190504,0.649094112,0.51911068,0.151401773,0.193289608,0.544338703,0.023127181
0.756899066,0.608664542,0.631141084,0.450220806,0.640143269,0.3693524,0.290328741,0.071149834,0.740216494,0.018036358
0.74096579,0.533595096,0.566111088,0.265459406,0.589878402,0.426572591,0.544338703,0.04140747,0.514303327,0.151401773
0.67887097,0.406246521,0.444986446,0.079720202,0.502673365,0.200955808,0.740216494,0.023127181,0.51911068,0.290328741
0.570235264,0.214778245,0.268523736,0.000288221,0.376077865,0.522128522,0.514303327,0.018036358,0.3693524,0.544338703
0.416920384,0.0507441,0.084389002,0,0.21685208,0.797224879,0.51911068,0.151401773,0.426572591,0.740216494
0.221637744,0,0.000352542,0,0.065806525,0.777728558,0.3693524,0.290328741,0.200955808,0.514303327
0.057293657,0,0,0,0,0.608555913,0.426572591,0.544338703,0.522128522,0.51911068
3.41114E-05,0,0,0,0,0.823346257,0.200955808,0.740216494,0.797224879,0.3693524
0,0,0,0,0,0.879634619,0.522128522,0.514303327,0.777728558,0.426572591
0,0,0,0,0,0.909070611,0.797224879,0.51911068,0.608555913,0.200955808
0,0,0,0,0,0.791829824,0.777728558,0.3693524,0.823346257,0.522128522
0,0,0,0,0,0.855407894,0.608555913,0.426572591,0.879634619,0.797224879
0,0,0,0,0,0.79639715,0.823346257,0.200955808,0.909070611,0.777728558
0,0,0,0,0,0.321388602,0.879634619,0.522128522,0.791829824,0.608555913
0,0,0,0,0,0.141590819,0.909070611,0.797224879,0.855407894,0.823346257
0,0,0,0,0,0.081581973,0.791829824,0.777728558,0.79639715,0.879634619
0,0,0,0.055830753,0,0.026064286,0.855407894,0.608555913,0.321388602,0.909070611
0,0,0,0.244582415,0,0.001310702,0.79639715,0.823346257,0.141590819,0.791829824
0.028168545,0.064766638,0.004242237,0.450991233,0.00006223,0.124374069,0.321388602,0.879634619,0.081581973,0.855407894
0.160302325,0.255268649,0.135981336,0.572971741,0.108882234,0.208482385,0.141590819,0.909070611,0.026064286,0.79639715
0.362082816,0.453660127,0.354738922,0.641610296,0.329000576,0.154639259,0.081581973,0.791829824,0.001310702,0.321388602
0.530113946,0.542779921,0.46872776,0.660908146,0.488560151,0.360254169,0.026064286,0.855407894,0.124374069,0.141590819
0.648287274,0.584379829,0.526999394,0.637427114,0.575258615,0.58193475,0.001310702,0.79639715,0.208482385,0.081581973
0.725233531,0.610835519,0.57363402,0.566945239,0.625140117,0.673164666,0.124374069,0.321388602,0.154639259,0.026064286
0.756899066,0.591498424,0.575769929,0.445826035,0.627792799,0.457451433,0.208482385,0.141590819,0.360254169,0.001310702
0.74096579,0.522767137,0.528135535,0.27544807,0.588121505,0.424272448,0.154639259,0.081581973,0.58193475,0.124374069
0.67887097,0.398029936,0.418195272,0.091087146,0.507992297,0.530714869,0.360254169,0.026064286,0.673164666,0.208482385
0.570235264,0.214457839,0.262842486,0.001916967,0.38945216,0.410839528,0.58193475,0.001310702,0.457451433,0.154639259
0.416920384,0.053774111,0.090474622,0,0.242685424,0.609700978,0.673164666,0.124374069,0.424272448,0.360254169
0.221637744,0,0.001099239,0,0.082892423,0.642342865,0.457451433,0.208482385,0.530714869,0.58193475
0.057293657,0,0,0,0.000256649,0.928763568,0.424272448,0.154639259,0.410839528,0.673164666
3.41114E-05,0,0,0,0,0.817797184,0.530714869,0.360254169,0.609700978,0.457451433
0,0,0,0,0,0.888929725,0.410839528,0.58193475,0.642342865,0.424272448
0,0,0,0,0,0.751034379,0.609700978,0.673164666,0.928763568,0.530714869
0,0,0,0,0,0.79903245,0.642342865,0.457451433,0.817797184,0.410839528
0,0,0,0,0,0.876591146,0.928763568,0.424272448,0.888929725,0.609700978
0,0,0,0,0,0.707008123,0.817797184,0.530714869,0.751034379,0.642342865
0,0,0,0,0,0.088600382,0.888929725,0.410839528,0.79903245,0.928763568
0,0,0,0,0,0.000809482,0.751034379,0.609700978,0.876591146,0.817797184
0,0,0,0,0,0.000263533,0.79903245,0.642342865,0.707008123,0.888929725
0,0,0,0.036124838,0,0.005281799,0.876591146,0.928763568,0.088600382,0.751034379
0,0,0,0.227561325,0,0.065957956,0.707008123,0.817797184,0.000809482,0.79903245
0.028168545,0.0412833,3.87821E-07,0.474633847,0,0.255372465,0.088600382,0.888929725,0.000263533,0.876591146
0.160302325,0.21719522,0.123562505,0.621990347,0.099302754,0.270025104,0.000809482,0.751034379,0.005281799,0.707008123
0.362082816,0.437239152,0.350346208,0.703798963,0.322716078,0.23363024,0.000263533,0.79903245,0.065957956,0.088600382
0.530113946,0.555174385,0.470659642,0.73605817,0.515044317,0.098080635,0.005281799,0.876591146,0.255372465,0.000809482
0.648287274,0.618641955,0.530772992,0.727632665,0.630605142,0.004125754,0.065957956,0.707008123,0.270025104,0.000263533
0.725233531,0.654165025,0.593863891,0.67469884,0.697638048,0.040038742,0.255372465,0.088600382,0.23363024,0.005281799
0.756899066,0.644009549,0.61795828,0.57147126,0.716580655,0.09455841,0.270025104,0.000809482,0.098080635,0.065957956
0.74096579,0.584443909,0.591373309,0.40257636,0.694481821,0.215795413,0.23363024,0.000263533,0.004125754,0.255372465
0.67887097,0.461943299,0.497196321,0.167484634,0.629024793,0.537878633,0.098080635,0.005281799,0.040038742,0.270025104
0.570235264,0.279176191,0.34426557,0.018261165,0.517746087,0.265307099,0.004125754,0.065957956,0.09455841,0.23363024
0.416920384,0.087129579,0.143554844,0,0.350324394,0.242676929,0.040038742,0.255372465,0.215795413,0.098080635
0.221637744,9.21049E-05,0.016104115,0,0.13445333,0.284396559,0.09455841,0.270025104,0.537878633,0.004125754
0.057293657,0,0,0,0.009415295,0.700323761,0.215795413,0.23363024,0.265307099,0.040038742
3.41114E-05,0,0,0,0,0.782878578,0.537878633,0.098080635,0.242676929,0.09455841
0,0,0,0,0,0.781068265,0.265307099,0.004125754,0.284396559,0.215795413
0,0,0,0,0,0.864242733,0.242676929,0.040038742,0.700323761,0.537878633
0,0,0,0,0,0.701699257,0.284396559,0.09455841,0.782878578,0.265307099
0,0,0,0,0,0.802221179,0.700323761,0.215795413,0.781068265,0.242676929
0,0,0,0,0,0.529627025,0.782878578,0.537878633,0.864242733,0.284396559
0,0,0,0,0,0.139716625,0.781068265,0.265307099,0.701699257,0.700323761
0,0,0,0,0,0.004609409,0.864242733,0.242676929,0.802221179,0.782878578
0,0,0,0,0,0,0.701699257,0.284396559,0.529627025,0.781068265
0,0,0,0.059198695,0,0,0.802221179,0.700323761,0.139716625,0.864242733
0,0,0,0.260889475,0,0,0.529627025,0.782878578,0.004609409,0.701699257
0.028168545,0.06350896,0.008823963,0.494000346,8.97956E-06,0.001204639,0.139716625,0.781068265,0,0.802221179
0.160302325,0.226344513,0.148806513,0.640014732,0.107371269,0.001477879,0.004609409,0.864242733,0,0.529627025
0.362082816,0.399621076,0.382050465,0.724162328,0.345519128,0.010902325,0,0.701699257,0,0.139716625
0.530113946,0.506024334,0.537776593,0.760361472,0.549781914,0.011755455,0,0.802221179,0.001204639,0.004609409
0.648287274,0.564421175,0.630873886,0.753486574,0.672936237,0.075571179,0,0.529627025,0.001477879,0
0.725233531,0.593604255,0.68064409,0.702994787,0.747078476,0.101943076,0.001204639,0.139716625,0.010902325,0
0.756899066,0.587792531,0.687478942,0.607318086,0.773695645,0.108775333,0.001477879,0.004609409,0.011755455,0
0.74096579,0.535570515,0.650252901,0.450924309,0.755049595,0.062693395,0.010902325,0,0.075571179,0.001204639
0.67887097,0.420190117,0.557936247,0.221824347,0.691801778,0.116569161,0.011755455,0,0.101943076,0.001477879
0.570235264,0.261012072,0.410027556,0.044805602,0.585818496,0.092704207,0.075571179,0,0.108775333,0.010902325
0.416920384,0.091215323,0.208916103,0,0.423246743,0.23583515,0.101943076,0.001204639,0.062693395,0.011755455
0.221637744,0.004193493,0.048571953,0,0.193411402,0.204842225,0.108775333,0.001477879,0.116569161,0.075571179
0.057293657,0,0,0,0.03130264,0.245853648,0.062693395,0.010902325,0.092704207,0.101943076
3.41114E-05,0,0,0,0,0.247653484,0.116569161,0.011755455,0.23583515,0.108775333
0,0,0,0,0,0.186836675,0.092704207,0.075571179,0.204842225,0.062693395
0,0,0,0,0,0.092781231,0.23583515,0.101943076,0.245853648,0.116569161
0,0,0,0,0,0.075210728,0.204842225,0.108775333,0.247653484,0.092704207
0,0,0,0,0,0.053601258,0.245853648,0.062693395,0.186836675,0.23583515
0,0,0,0,0,0.022764446,0.247653484,0.116569161,0.092781231,0.204842225
0,0,0,0,0,0.038315382,0.186836675,0.092704207,0.075210728,0.245853648
0,0,0,0,0,0,0.092781231,0.23583515,0.053601258,0.247653484
0,0,0,0.003188397,0,1.07E-05,0.075210728,0.204842225,0.022764446,0.186836675
0,0,0,0.109267752,0,0,0.053601258,0.245853648,0.038315382,0.092781231
0,0.002818922,0,0.338044572,0,0.002635513,0.022764446,0.247653484,0,0.075210728
0.028168545,0.097517573,0.064778894,0.544852225,0.006130837,0.027275627,0.038315382,0.186836675,1.07E-05,0.053601258
0.160302325,0.274908586,0.24802122,0.678220947,0.140814396,0.021283705,0,0.092781231,0,0.022764446
0.362082816,0.421797906,0.453188661,0.757915152,0.385471322,0.068118349,1.07E-05,0.075210728,0.002635513,0.038315382
0.530113946,0.509333356,0.591517346,0.791492929,0.569509923,0.197984576,0,0.053601258,0.027275627,0
0.648287274,0.559454539,0.678417539,0.782322524,0.684429851,0.220261842,0.002635513,0.022764446,0.021283705,1.07E-05
0.725233531,0.584622242,0.722725413,0.728302747,0.751421627,0.30080384,0.027275627,0.038315382,0.068118349,0
0.756899066,0.574000643,0.726041432,0.62888002,0.768361416,0.408814192,0.021283705,0,0.197984576,0.002635513
0.74096579,0.51615533,0.68809343,0.473381589,0.738304208,0.199913591,0.068118349,1.07E-05,0.220261842,0.027275627
0.67887097,0.407322889,0.597813196,0.250336495,0.665766586,0.426000834,0.197984576,0,0.30080384,0.021283705
0.570235264,0.260508761,0.456730347,0.060944371,0.553962919,0.20293051,0.220261842,0.002635513,0.408814192,0.068118349
0.416920384,0.102553694,0.26401039,1.38311E-06,0.390631997,0.50099647,0.30080384,0.027275627,0.199913591,0.197984576
0.221637744,0.014300045,0.077175757,0,0.177615609,0.368808419,0.408814192,0.021283705,0.426000834,0.220261842
0.057293657,0,1.34011E-05,0,0.030836673,0.100870162,0.199913591,0.068118349,0.20293051,0.30080384
3.41114E-05,0,0,0,0,0.072634153,0.426000834,0.197984576,0.50099647,0.408814192
0,0,0,0,0,0.136515558,0.20293051,0.220261842,0.368808419,0.199913591
0,0,0,0,0,0.269426137,0.50099647,0.30080384,0.100870162,0.426000834
0,0,0,0,0,0.312267452,0.368808419,0.408814192,0.072634153,0.20293051
0,0,0,0,0,0.205833882,0.100870162,0.199913591,0.136515558,0.50099647
0,0,0,0,0,0.284998775,0.072634153,0.426000834,0.269426137,0.368808419
0,0,0,0,0,0.183165148,0.136515558,0.20293051,0.312267452,0.100870162
0,0,0,0,0,0.050369695,0.269426137,0.50099647,0.205833882,0.072634153
0,0,0,0.025073524,0,0.000220031,0.312267452,0.368808419,0.284998775,0.136515558
0,0,0,0.167213774,0,0.00628757,0.205833882,0.100870162,0.183165148,0.269426137
0,0.037532443,0.003868023,0.390428629,0,0.010242932,0.284998775,0.072634153,0.050369695,0.312267452
0.028168545,0.140088176,0.101290592,0.568145263,0.041892604,0.013313625,0.183165148,0.136515558,0.000220031,0.205833882
0.160302325,0.26583767,0.294546236,0.68711925,0.197856604,0.021124285,0.050369695,0.269426137,0.00628757,0.284998775
0.362082816,0.377160786,0.469067997,0.758916818,0.408958317,0.040823564,0.000220031,0.312267452,0.010242932,0.183165148
0.530113946,0.447654768,0.578649811,0.783747726,0.567525801,0.06583266,0.00628757,0.205833882,0.013313625,0.050369695
0.648287274,0.48532939,0.644331343,0.762441927,0.67165112,0.141652644,0.010242932,0.284998775,0.021124285,0.000220031
0.725233531,0.506184212,0.685036796,0.698253468,0.73352516,0.176141694,0.013313625,0.183165148,0.040823564,0.00628757
0.756899066,0.498039613,0.683616935,0.596198017,0.745181335,0.22296156,0.021124285,0.050369695,0.06583266,0.010242932
0.74096579,0.446905322,0.634604094,0.450350691,0.702036772,0.267490387,0.040823564,0.000220031,0.141652644,0.013313625
0.67887097,0.35310421,0.539979251,0.250833166,0.612361932,0.326519668,0.06583266,0.00628757,0.176141694,0.021124285
0.570235264,0.230271213,0.40483065,0.068891904,0.487108263,0.443631709,0.141652644,0.010242932,0.22296156,0.040823564
0.416920384,0.103127727,0.236368341,0.000116228,0.326528888,0.558796465,0.176141694,0.013313625,0.267490387,0.06583266
0.221637744,0.022464273,0.074067777,0,0.143563538,0.5950284,0.22296156,0.021124285,0.326519668,0.141652644
0.057293657,0,0.000948928,0,0.025041943,0.763088822,0.267490387,0.040823564,0.443631709,0.176141694
3.41114E-05,0,0,0,0,0.774059713,0.326519668,0.06583266,0.558796465,0.22296156
0,0,0,0,0,0.866425455,0.443631709,0.141652644,0.5950284,0.267490387
0,0,0,0,0,0.956704021,0.558796465,0.176141694,0.763088822,0.326519668
0,0,0,0,0,0.835111439,0.5950284,0.22296156,0.774059713,0.443631709
0,0,0,0,0,0.499104619,0.763088822,0.267490387,0.866425455,0.558796465
0,0,0,0,0,0.473318368,0.774059713,0.326519668,0.956704021,0.5950284
0,0,0,0,0,0.300047606,0.866425455,0.443631709,0.835111439,0.763088822
0,0,0,4.61733E-05,0,0.019017693,0.956704021,0.558796465,0.499104619,0.774059713
0,0,0,0.051132897,0,0.000222957,0.835111439,0.5950284,0.473318368,0.866425455
0,1.48304E-05,0,0.201223075,0,0.00067973,0.499104619,0.763088822,0.300047606,0.956704021
0,0.041901765,0.031332117,0.390759057,0,0.001896137,0.473318368,0.774059713,0.019017693,0.835111439
0.028168545,0.137421175,0.139127236,0.542294478,0.047171215,0.002511985,0.300047606,0.866425455,0.000222957,0.499104619
0.160302325,0.242002969,0.297028066,0.648332113,0.187775675,0.029796394,0.019017693,0.956704021,0.00067973,0.473318368
0.362082816,0.338567293,0.445079902,0.716780582,0.367188644,0.121206544,0.000222957,0.835111439,0.001896137,0.300047606
0.530113946,0.401563541,0.543373462,0.738765045,0.510468614,0.154077724,0.00067973,0.499104619,0.002511985,0.019017693
0.648287274,0.436941314,0.603885151,0.712781336,0.608344035,0.246447563,0.001896137,0.473318368,0.029796394,0.000222957
0.725233531,0.462796942,0.640312384,0.645864238,0.666862404,0.227422833,0.002511985,0.300047606,0.121206544,0.00067973
0.756899066,0.459183438,0.637826805,0.546613672,0.676640003,0.130244672,0.029796394,0.019017693,0.154077724,0.001896137
0.74096579,0.413408086,0.591346389,0.412264722,0.63468312,0.268249333,0.121206544,0.000222957,0.246447563,0.002511985
0.67887097,0.329442766,0.502125418,0.237827855,0.547155048,0.09147121,0.154077724,0.00067973,0.227422833,0.029796394
0.570235264,0.222679736,0.380468501,0.072066607,0.426888148,0.210430145,0.246447563,0.001896137,0.130244672,0.121206544
0.416920384,0.114757868,0.228503579,0.001617507,0.281131836,0.313427418,0.227422833,0.002511985,0.268249333,0.154077724
0.221637744,0.032010288,0.078080236,0,0.125623376,0.294840246,0.130244672,0.029796394,0.09147121,0.246447563
0.057293657,0.000034643,0.005393065,0,0.024670557,0.189340532,0.268249333,0.121206544,0.210430145,0.227422833
3.41114E-05,0,0,0,0,0.311506182,0.09147121,0.154077724,0.313427418,0.130244672
0,0,0,0,0,0.429367989,0.210430145,0.246447563,0.294840246,0.268249333
0,0,0,0,0,0.666860759,0.313427418,0.227422833,0.189340532,0.09147121
0,0,0,0,0,0.714906156,0.294840246,0.130244672,0.311506182,0.210430145
0,0,0,0,0,0.753606141,0.189340532,0.268249333,0.429367989,0.313427418
0,0,0,0,0,0.745957077,0.311506182,0.09147121,0.666860759,0.294840246
0,0,0,0,0,0.553795636,0.429367989,0.210430145,0.714906156,0.189340532
0,0,0,9.70967E-05,0,0.232608795,0.666860759,0.313427418,0.753606141,0.311506182
0,0,0,0.036548051,0,0.216478005,0.714906156,0.294840246,0.745957077,0.429367989
0,7.14015E-05,0,0.143809314,0,0.0983219,0.753606141,0.189340532,0.553795636,0.666860759
0,0.031869727,0.025743095,0.289325059,0,0.20118317,0.745957077,0.311506182,0.232608795,0.714906156
0.028168545,0.10870986,0.110508646,0.404995217,0.02963198,0.175673634,0.553795636,0.429367989,0.216478005,0.753606141
0.160302325,0.206185735,0.245873715,0.485059818,0.135438419,0.106838748,0.232608795,0.666860759,0.0983219,0.745957077
0.362082816,0.305360592,0.384765591,0.540685957,0.287872523,0.100744501,0.216478005,0.714906156,0.20118317,0.553795636
0.530113946,0.37405333,0.478454849,0.551912019,0.413572375,0.096420929,0.0983219,0.753606141,0.175673634,0.232608795
0.648287274,0.412433023,0.533131936,0.52513961,0.496553231,0.108535677,0.20118317,0.745957077,0.106838748,0.216478005
0.725233531,0.434805188,0.560503147,0.46760344,0.54165551,0.157490104,0.175673634,0.553795636,0.100744501,0.0983219
0.756899066,0.429373165,0.550105804,0.384929871,0.541526563,0.203478783,0.106838748,0.232608795,0.096420929,0.20118317
0.74096579,0.392086579,0.504116346,0.28015749,0.503830855,0.237200379,0.100744501,0.216478005,0.108535677,0.175673634
0.67887097,0.319812186,0.424875087,0.154844094,0.432579925,0.258274436,0.096420929,0.0983219,0.157490104,0.106838748
0.570235264,0.221984813,0.322115372,0.046888747,0.332956098,0.397927761,0.108535677,0.20118317,0.203478783,0.100744501
0.416920384,0.12148518,0.198185993,0.002993463,0.21481898,0.552703142,0.157490104,0.175673634,0.237200379,0.096420929
0.221637744,0.037536667,0.076320581,0,0.099509431,0.572329819,0.203478783,0.106838748,0.258274436,0.108535677
0.057293657,0.001276633,0.011554049,0,0.023984818,0.566900074,0.237200379,0.100744501,0.397927761,0.157490104
3.41114E-05,0,0,0,5.33106E-06,0.516343713,0.258274436,0.096420929,0.552703142,0.203478783
0,0,0,0,0,0.379571438,0.397927761,0.108535677,0.572329819,0.237200379
0,0,0,0,0,0.25224036,0.552703142,0.157490104,0.566900074,0.258274436
0,0,0,0,0,0.188107312,0.572329819,0.203478783,0.516343713,0.397927761
0,0,0,0,0,0.138289481,0.566900074,0.237200379,0.379571438,0.552703142
0,0,0,0,0,0.181085125,0.516343713,0.258274436,0.25224036,0.572329819
0,0,0,0,0,0.061506607,0.379571438,0.397927761,0.188107312,0.566900074
0,0,0,6.97174E-07,0,0.009964381,0.25224036,0.552703142,0.138289481,0.516343713
0,0,0,0.013549298,0,5.49E-05,0.188107312,0.572329819,0.181085125,0.379571438
0,0,0,0.070179459,0,0.002230583,0.138289481,0.566900074,0.061506607,0.25224036
0,0.018367976,0.008699189,0.1649287,0,0.010341065,0.181085125,0.516343713,0.009964381,0.188107312
0.028168545,0.073878282,0.057796778,0.24537725,0.019176917,0.068388782,0.061506607,0.379571438,5.49E-05,0.138289481
0.160302325,0.162886631,0.158517318,0.303188768,0.097453136,0.043731201,0.009964381,0.25224036,0.002230583,0.181085125
0.362082816,0.264600588,0.276008548,0.349695235,0.226656626,0.09393847,5.49E-05,0.188107312,0.010341065,0.061506607
0.530113946,0.345009389,0.359633278,0.369299561,0.344153534,0.043836854,0.002230583,0.138289481,0.068388782,0.009964381
0.648287274,0.395807962,0.406551005,0.356433124,0.423652467,0.09929195,0.010341065,0.181085125,0.043731201,5.49E-05
0.725233531,0.421341656,0.431033394,0.315890947,0.467690279,0.16745013,0.068388782,0.061506607,0.09393847,0.002230583
0.756899066,0.413537762,0.426120426,0.25738533,0.470649699,0.253020108,0.043731201,0.009964381,0.043836854,0.010341065
0.74096579,0.372044019,0.392856392,0.181499574,0.436196213,0.045722414,0.09393847,5.49E-05,0.09929195,0.068388782
0.67887097,0.301515608,0.327540149,0.094245247,0.37098972,0.07418026,0.043836854,0.002230583,0.16745013,0.043731201
0.570235264,0.211032957,0.243267778,0.026673526,0.283949661,0.07617934,0.09929195,0.010341065,0.253020108,0.09393847
0.416920384,0.114473305,0.149093864,0.001714032,0.181293397,0.185299113,0.16745013,0.068388782,0.045722414,0.043836854
0.221637744,0.03487298,0.060032846,0,0.082196902,0.049925163,0.253020108,0.043731201,0.07418026,0.09929195
0.057293657,0.001742103,0.010929424,0,0.019225853,0.021917189,0.045722414,0.09393847,0.07617934,0.16745013
3.41114E-05,0,0,0,4.95409E-06,0.069366634,0.07418026,0.043836854,0.185299113,0.253020108
0,0,0,0,0,0.173460245,0.07617934,0.09929195,0.049925163,0.045722414
0,0,0,0,0,0.330310285,0.185299113,0.16745013,0.021917189,0.07418026
0,0,0,0,0,0.484885126,0.049925163,0.253020108,0.069366634,0.07617934
0,0,0,0,0,0.506483376,0.021917189,0.045722414,0.173460245,0.185299113
0,0,0,0,0,0.51050359,0.069366634,0.07418026,0.330310285,0.049925163
0,0,0,0,0,0.199067056,0.173460245,0.07617934,0.484885126,0.021917189
0,0,0,0,0,0.356455564,0.330310285,0.185299113,0.506483376,0.069366634
0,0,0,0.009289247,0,0.283349901,0.484885126,0.049925163,0.51050359,0.173460245
0,0,0,0.072100959,0,0.25886184,0.506483376,0.021917189,0.199067056,0.330310285
0,0.021596612,0.001614276,0.190405276,0,0.385790199,0.51050359,0.069366634,0.356455564,0.484885126
0.028168545,0.096107401,0.054766203,0.277139654,0.0177531,0.518073618,0.199067056,0.173460245,0.283349901,0.506483376
0.160302325,0.208913968,0.182334557,0.331102721,0.099663088,0.445449471,0.356455564,0.330310285,0.25886184,0.51050359
0.362082816,0.322561179,0.32461304,0.378329198,0.239711236,0.387315661,0.283349901,0.484885126,0.385790199,0.199067056
0.530113946,0.412043789,0.422807408,0.400660292,0.360126451,0.37337923,0.25886184,0.506483376,0.518073618,0.356455564
0.648287274,0.468468826,0.475910669,0.392230459,0.435836919,0.503884971,0.385790199,0.51050359,0.445449471,0.283349901
0.725233531,0.49205162,0.504584821,0.350881023,0.478373291,0.433672816,0.518073618,0.199067056,0.387315661,0.25886184
0.756899066,0.484090573,0.497714406,0.284926348,0.484508526,0.605397165,0.445449471,0.356455564,0.37337923,0.385790199
0.74096579,0.436573502,0.453280358,0.199204372,0.449445168,0.168280423,0.387315661,0.283349901,0.503884971,0.518073618
0.67887097,0.351093142,0.376573745,0.107543947,0.378401934,0.094467729,0.37337923,0.25886184,0.433672816,0.445449471
0.570235264,0.241245504,0.274951864,0.031123546,0.285959871,0.062528327,0.503884971,0.385790199,0.605397165,0.387315661
0.416920384,0.123367517,0.158785041,0.000395911,0.176977658,0.15690814,0.433672816,0.518073618,0.168280423,0.37337923
0.221637744,0.033417793,0.053587996,0,0.074270379,0.118883848,0.605397165,0.445449471,0.094467729,0.503884971
0.057293657,0.000154151,0.004798177,0,0.014648873,0.251304626,0.168280423,0.387315661,0.062528327,0.433672816
3.41114E-05,0,0,0,0,0.46454832,0.094467729,0.37337923,0.15690814,0.605397165
0,0,0,0,0,0.619871557,0.062528327,0.503884971,0.118883848,0.168280423
0,0,0,0,0,0.782924116,0.15690814,0.433672816,0.251304626,0.094467729
0,0,0,0,0,0.544351637,0.118883848,0.605397165,0.46454832,0.062528327
0,0,0,0,0,0.388339579,0.251304626,0.168280423,0.619871557,0.15690814
0,0,0,0,0,0.188761607,0.46454832,0.094467729,0.782924116,0.118883848
0,0,0,0,0,0.056012779,0.619871557,0.062528327,0.544351637,0.251304626
0,0,0,0,0,0.011642265,0.782924116,0.15690814,0.388339579,0.46454832
0,0,0,0.010365576,0,0.005336904,0.544351637,0.118883848,0.188761607,0.619871557
0,0,0,0.10412263,0,0.036412083,0.388339579,0.251304626,0.056012779,0.782924116
0,0.018129165,9.97578E-06,0.278629414,0,0.113800742,0.188761607,0.46454832,0.011642265,0.544351637
0.028168545,0.098892003,0.065960248,0.407806705,0.024634202,0.309363514,0.056012779,0.619871557,0.005336904,0.388339579
0.160302325,0.224293789,0.221993233,0.480577685,0.1388315,0.537328064,0.011642265,0.782924116,0.036412083,0.188761607
0.362082816,0.335391152,0.379960332,0.525078266,0.316784795,0.75558275,0.005336904,0.544351637,0.113800742,0.056012779
0.530113946,0.404257016,0.473395401,0.530232129,0.455255007,0.804839015,0.036412083,0.388339579,0.309363514,0.011642265
0.648287274,0.44592744,0.519037537,0.502002626,0.539025892,0.814335048,0.113800742,0.188761607,0.537328064,0.005336904
0.725233531,0.46954489,0.53764809,0.437831578,0.580651139,0.82010901,0.309363514,0.056012779,0.75558275,0.036412083
0.756899066,0.458529972,0.520718864,0.351699874,0.575155643,0.700861871,0.537328064,0.011642265,0.804839015,0.113800742
0.74096579,0.405668318,0.467542763,0.239025677,0.526155639,0.377394527,0.75558275,0.005336904,0.814335048,0.309363514
0.67887097,0.308281378,0.379580114,0.10842361,0.438464912,0.301600695,0.804839015,0.036412083,0.82010901,0.537328064
0.570235264,0.191771429,0.266716478,0.022472359,0.328380989,0.539320409,0.814335048,0.113800742,0.700861871,0.75558275
0.416920384,0.078755196,0.138112833,7.08008E-07,0.197238204,0.604777336,0.82010901,0.309363514,0.377394527,0.804839015
0.221637744,0.012112534,0.036178216,0,0.070617725,0.605847716,0.700861871,0.537328064,0.301600695,0.814335048
0.057293657,0,0.000114229,0,0.00858835,0.867583036,0.377394527,0.75558275,0.539320409,0.82010901
3.41114E-05,0,0,0,0,0.896252215,0.301600695,0.804839015,0.604777336,0.700861871
0,0,0,0,0,0.902161598,0.539320409,0.814335048,0.605847716,0.377394527
0,0,0,0,0,0.807876408,0.604777336,0.82010901,0.867583036,0.301600695
0,0,0,0,0,0.481758773,0.605847716,0.700861871,0.896252215,0.539320409
0,0,0,0,0,0.350461036,0.867583036,0.377394527,0.902161598,0.604777336
0,0,0,0,0,0.369291186,0.896252215,0.301600695,0.807876408,0.605847716
0,0,0,0,0,0.327216417,0.902161598,0.539320409,0.481758773,0.867583036
0,0,0,0,0,0.128708065,0.807876408,0.604777336,0.350461036,0.896252215
0,0,0,0.008339044,0,0.109231159,0.481758773,0.605847716,0.369291186,0.902161598
0,0,0,0.125738749,0,0.032121081,0.350461036,0.867583036,0.327216417,0.807876408
0,0.005753611,0,0.342778783,0,0.165889904,0.369291186,0.896252215,0.128708065,0.481758773
0.028168545,0.112826529,0.077506826,0.516879638,0.02556177,0.229558229,0.327216417,0.902161598,0.109231159,0.350461036
0.160302325,0.29605062,0.25839701,0.62658799,0.156097684,0.552829027,0.128708065,0.807876408,0.032121081,0.369291186
0.362082816,0.43061533,0.432675956,0.682536924,0.353591363,0.673825681,0.109231159,0.481758773,0.165889904,0.327216417
0.530113946,0.499194474,0.533182454,0.686536735,0.499175391,0.909441948,0.032121081,0.350461036,0.229558229,0.128708065
0.648287274,0.533077332,0.582899802,0.647163858,0.586025609,0.40397352,0.165889904,0.369291186,0.552829027,0.109231159
0.725233531,0.549128151,0.605466964,0.565915282,0.629005684,0.053071491,0.229558229,0.327216417,0.673825681,0.032121081
0.756899066,0.52604716,0.588487885,0.442333116,0.620883644,0.009857893,0.552829027,0.128708065,0.909441948,0.165889904
0.74096579,0.463501501,0.526844348,0.276098901,0.566066032,0.022703402,0.673825681,0.109231159,0.40397352,0.229558229
0.67887097,0.357537248,0.425540756,0.097498627,0.477118589,0.06118574,0.909441948,0.032121081,0.053071491,0.552829027
0.570235264,0.213653945,0.283684551,0.005894177,0.355129183,0.155283213,0.40397352,0.165889904,0.009857893,0.673825681
0.416920384,0.067541782,0.112683202,0,0.203556536,0.194212124,0.053071491,0.229558229,0.022703402,0.909441948
0.221637744,0.000363079,0.012219102,0,0.062029891,0.325269014,0.009857893,0.552829027,0.06118574,0.40397352
0.057293657,0,0,0,0.000766355,0.216164544,0.022703402,0.673825681,0.155283213,0.053071491
3.41114E-05,0,0,0,0,0.294233441,0.06118574,0.909441948,0.194212124,0.009857893
0,0,0,0,0,0.27193734,0.155283213,0.40397352,0.325269014,0.022703402
0,0,0,0,0,0.172537595,0.194212124,0.053071491,0.216164544,0.06118574
0,0,0,0,0,0.461593479,0.325269014,0.009857893,0.294233441,0.155283213
0,0,0,0,0,0.475345463,0.216164544,0.022703402,0.27193734,0.194212124
0,0,0,0,0,0.302758217,0.294233441,0.06118574,0.172537595,0.325269014
0,0,0,0,0,0.147479713,0.27193734,0.155283213,0.461593479,0.216164544
0,0,0,0,0,0.066136509,0.172537595,0.194212124,0.475345463,0.294233441
0,0,0,0.001096135,0,0.048136499,0.461593479,0.325269014,0.302758217,0.27193734
0,0,0,0.107148217,0,0.001305424,0.475345463,0.216164544,0.147479713,0.172537595
0,0,0,0.329040347,0,0.02227441,0.302758217,0.294233441,0.066136509,0.461593479
0.028168545,0.109948012,0.051050887,0.517244325,0.008493476,0.010808986,0.147479713,0.27193734,0.048136499,0.475345463
0.160302325,0.328276278,0.221020596,0.630445419,0.147571789,0.011530235,0.066136509,0.172537595,0.001305424,0.302758217
0.362082816,0.500389856,0.4235184,0.687481075,0.380535076,0.058907609,0.048136499,0.461593479,0.02227441,0.147479713
0.530113946,0.582692407,0.553563866,0.695377762,0.530433368,0.063854888,0.001305424,0.475345463,0.010808986,0.066136509
0.648287274,0.619939029,0.625051986,0.661083169,0.610164795,0.145684391,0.02227441,0.302758217,0.011530235,0.048136499
0.725233531,0.636590034,0.650565976,0.581190504,0.649094112,0.10168203,0.010808986,0.147479713,0.058907609,0.001305424
0.756899066,0.608664542,0.631141084,0.450220806,0.640143269,0.104971349,0.011530235,0.066136509,0.063854888,0.02227441
0.74096579,0.533595096,0.566111088,0.265459406,0.589878402,0.01616681,0.058907609,0.048136499,0.145684391,0.010808986
0.67887097,0.406246521,0.444986446,0.079720202,0.502673365,0.297574669,0.063854888,0.001305424,0.10168203,0.011530235
0.570235264,0.214778245,0.268523736,0.000288221,0.376077865,0.367312461,0.145684391,0.02227441,0.104971349,0.058907609
0.416920384,0.0507441,0.084389002,0,0.21685208,0.0007446,0.10168203,0.010808986,0.01616681,0.063854888
0.221637744,0,0.000352542,0,0.065806525,0.068054058,0.104971349,0.011530235,0.297574669,0.145684391
0.057293657,0,0,0,0,0.094593525,0.01616681,0.058907609,0.367312461,0.10168203
3.41114E-05,0,0,0,0,0.213648081,0.297574669,0.063854888,0.0007446,0.104971349
0,0,0,0,0,0.531912327,0.367312461,0.145684391,0.068054058,0.01616681
0,0,0,0,0,0.692196727,0.0007446,0.10168203,0.094593525,0.297574669
0,0,0,0,0,0.518783391,0.068054058,0.104971349,0.213648081,0.367312461
0,0,0,0,0,0.676166594,0.094593525,0.01616681,0.531912327,0.0007446
0,0,0,0,0,0.510285676,0.213648081,0.297574669,0.692196727,0.068054058
0,0,0,0,0,0.148385465,0.531912327,0.367312461,0.518783391,0.094593525
0,0,0,0,0,0.017506892,0.692196727,0.0007446,0.676166594,0.213648081
0,0,0,0,0,0.102544896,0.518783391,0.068054058,0.510285676,0.531912327
0,0,0,0.055830753,0,0.135170639,0.676166594,0.094593525,0.148385465,0.692196727
0,0,0,0.244582415,0,0.132621363,0.510285676,0.213648081,0.017506892,0.518783391
0.028168545,0.064766638,0.004242237,0.450991233,0.00006223,0.069042861,0.148385465,0.531912327,0.102544896,0.676166594
0.160302325,0.255268649,0.135981336,0.572971741,0.108882234,0.048704062,0.017506892,0.692196727,0.135170639,0.510285676
0.362082816,0.453660127,0.354738922,0.641610296,0.329000576,0.026934966,0.102544896,0.518783391,0.132621363,0.148385465
0.530113946,0.542779921,0.46872776,0.660908146,0.488560151,0.03281936,0.135170639,0.676166594,0.069042861,0.017506892
0.648287274,0.584379829,0.526999394,0.637427114,0.575258615,0.031553883,0.132621363,0.510285676,0.048704062,0.102544896
0.725233531,0.610835519,0.57363402,0.566945239,0.625140117,0.081398696,0.069042861,0.148385465,0.026934966,0.135170639
0.756899066,0.591498424,0.575769929,0.445826035,0.627792799,0.036627773,0.048704062,0.017506892,0.03281936,0.132621363
0.74096579,0.522767137,0.528135535,0.27544807,0.588121505,7.58E-06,0.026934966,0.102544896,0.031553883,0.069042861
0.67887097,0.398029936,0.418195272,0.091087146,0.507992297,0.009274209,0.03281936,0.135170639,0.081398696,0.048704062
0.570235264,0.214457839,0.262842486,0.001916967,0.38945216,0.005863861,0.031553883,0.132621363,0.036627773,0.026934966
0.416920384,0.053774111,0.090474622,0,0.242685424,0.003044422,0.081398696,0.069042861,7.58E-06,0.03281936
0.221637744,0,0.001099239,0,0.082892423,0.005838812,0.036627773,0.048704062,0.009274209,0.031553883
0.057293657,0,0,0,0.000256649,0.00170265,7.58E-06,0.026934966,0.005863861,0.081398696
3.41114E-05,0,0,0,0,0.005503632,0.009274209,0.03281936,0.003044422,0.036627773
0,0,0,0,0,0.006187149,0.005863861,0.031553883,0.005838812,7.58E-06
0,0,0,0,0,0.105491459,0.003044422,0.081398696,0.00170265,0.009274209
0,0,0,0,0,0.203179836,0.005838812,0.036627773,0.005503632,0.005863861
0,0,0,0,0,0.31184566,0.00170265,7.58E-06,0.006187149,0.003044422
0,0,0,0,0,0.15729934,0.005503632,0.009274209,0.105491459,0.005838812
0,0,0,0,0,0.027425,0.006187149,0.005863861,0.203179836,0.00170265
0,0,0,0,0,0.000555741,0.105491459,0.003044422,0.31184566,0.005503632
0,0,0,0,0,0.001436484,0.203179836,0.005838812,0.15729934,0.006187149
0,0,0,0.036124838,0,0.003749114,0.31184566,0.00170265,0.027425,0.105491459
0,0,0,0.227561325,0,0.010715026,0.15729934,0.005503632,0.000555741,0.203179836
0.028168545,0.0412833,3.87821E-07,0.474633847,0,0.024330039,0.027425,0.006187149,0.001436484,0.31184566
0.160302325,0.21719522,0.123562505,0.621990347,0.099302754,0.009454269,0.000555741,0.105491459,0.003749114,0.15729934
0.362082816,0.437239152,0.350346208,0.703798963,0.322716078,0.015575085,0.001436484,0.203179836,0.010715026,0.027425
0.530113946,0.555174385,0.470659642,0.73605817,0.515044317,0.038747013,0.003749114,0.31184566,0.024330039,0.000555741
0.648287274,0.618641955,0.530772992,0.727632665,0.630605142,0.055153936,0.010715026,0.15729934,0.009454269,0.001436484
0.725233531,0.654165025,0.593863891,0.67469884,0.697638048,0.099925354,0.024330039,0.027425,0.015575085,0.003749114
0.756899066,0.644009549,0.61795828,0.57147126,0.716580655,0.171507657,0.009454269,0.000555741,0.038747013,0.010715026
0.74096579,0.584443909,0.591373309,0.40257636,0.694481821,0.259897947,0.015575085,0.001436484,0.055153936,0.024330039
0.67887097,0.461943299,0.497196321,0.167484634,0.629024793,0.484913051,0.038747013,0.003749114,0.099925354,0.009454269
0.570235264,0.279176191,0.34426557,0.018261165,0.517746087,0.65207845,0.055153936,0.010715026,0.171507657,0.015575085
0.416920384,0.087129579,0.143554844,0,0.350324394,0.549565196,0.099925354,0.024330039,0.259897947,0.038747013
0.221637744,9.21049E-05,0.016104115,0,0.13445333,0.264352381,0.171507657,0.009454269,0.484913051,0.055153936
0.057293657,0,0,0,0.009415295,0.201819241,0.259897947,0.015575085,0.65207845,0.099925354
3.41114E-05,0,0,0,0,0.110443436,0.484913051,0.038747013,0.549565196,0.171507657
0,0,0,0,0,0.227475628,0.65207845,0.055153936,0.264352381,0.259897947
0,0,0,0,0,0,0.549565196,0.099925354,0.201819241,0.484913051
0,0,0,0,0,0,0.264352381,0.171507657,0.110443436,0.65207845
0,0,0,0,0,0.007766452,0.201819241,0.259897947,0.227475628,0.549565196
0,0,0,0,0,0.011667026,0.110443436,0.484913051,0,0.264352381
0,0,0,0,0,0.006440069,0.227475628,0.65207845,0,0.201819241
0,0,0,0,0,0.147832498,0,0.549565196,0.007766452,0.110443436
0,0,0,0,0,0.007227662,0,0.264352381,0.011667026,0.227475628
0,0,0,0.059198695,0,0,0.007766452,0.201819241,0.006440069,0
0,0,0,0.260889475,0,0.002701762,0.011667026,0.110443436,0.147832498,0
0.028168545,0.06350896,0.008823963,0.494000346,8.97956E-06,0.036665987,0.006440069,0.227475628,0.007227662,0.007766452
0.160302325,0.226344513,0.148806513,0.640014732,0.107371269,0.050647214,0.147832498,0,0,0.011667026
0.362082816,0.399621076,0.382050465,0.724162328,0.345519128,0.118039176,0.007227662,0,0.002701762,0.006440069
0.530113946,0.506024334,0.537776593,0.760361472,0.549781914,0.2463561,0,0.007766452,0.036665987,0.147832498
0.648287274,0.564421175,0.630873886,0.753486574,0.672936237,0.403732568,0.002701762,0.011667026,0.050647214,0.007227662
0.725233531,0.593604255,0.68064409,0.702994787,0.747078476,0.448961526,0.036665987,0.006440069,0.118039176,0
0.756899066,0.587792531,0.687478942,0.607318086,0.773695645,0.506937206,0.050647214,0.147832498,0.2463561,0.002701762
0.74096579,0.535570515,0.650252901,0.450924309,0.755049595,0.515148342,0.118039176,0.007227662,0.403732568,0.036665987
0.67887097,0.420190117,0.557936247,0.221824347,0.691801778,0.401803851,0.2463561,0,0.448961526,0.050647214
0.570235264,0.261012072,0.410027556,0.044805602,0.585818496,0.542189062,0.403732568,0.002701762,0.506937206,0.118039176
0.416920384,0.091215323,0.208916103,0,0.423246743,0.627934754,0.448961526,0.036665987,0.515148342,0.2463561
0.221637744,0.004193493,0.048571953,0,0.193411402,0.294224769,0.506937206,0.050647214,0.401803851,0.403732568
0.057293657,0,0,0,0.03130264,0.445834845,0.515148342,0.118039176,0.542189062,0.448961526
3.41114E-05,0,0,0,0,0.409766108,0.401803851,0.2463561,0.627934754,0.506937206
0,0,0,0,0,0.440179735,0.542189062,0.403732568,0.294224769,0.515148342
0,0,0,0,0,0.599495947,0.627934754,0.448961526,0.445834845,0.401803851
0,0,0,0,0,0.732554317,0.294224769,0.506937206,0.409766108,0.542189062
0,0,0,0,0,0.708454549,0.445834845,0.515148342,0.440179735,0.627934754
0,0,0,0,0,0.579008579,0.409766108,0.401803851,0.599495947,0.294224769
0,0,0,0,0,0.070053943,0.440179735,0.542189062,0.732554317,0.445834845
0,0,0,0,0,0.159217551,0.599495947,0.627934754,0.708454549,0.409766108
0,0,0,0.003188397,0,0.145927742,0.732554317,0.294224769,0.579008579,0.440179735
0,0,0,0.109267752,0,0.15139842,0.708454549,0.445834845,0.070053943,0.599495947
0,0.002818922,0,0.338044572,0,0.031285115,0.579008579,0.409766108,0.159217551,0.732554317
0.028168545,0.097517573,0.064778894,0.544852225,0.006130837,0.181661546,0.070053943,0.440179735,0.145927742,0.708454549
0.160302325,0.274908586,0.24802122,0.678220947,0.140814396,0.149828255,0.159217551,0.599495947,0.15139842,0.579008579
0.362082816,0.421797906,0.453188661,0.757915152,0.385471322,0.266923249,0.145927742,0.732554317,0.031285115,0.070053943
0.530113946,0.509333356,0.591517346,0.791492929,0.569509923,0.491031528,0.15139842,0.708454549,0.181661546,0.159217551
0.648287274,0.559454539,0.678417539,0.782322524,0.684429851,0.47019124,0.031285115,0.579008579,0.149828255,0.145927742
0.725233531,0.584622242,0.722725413,0.728302747,0.751421627,0.288553089,0.181661546,0.070053943,0.266923249,0.15139842
0.756899066,0.574000643,0.726041432,0.62888002,0.768361416,0.326763928,0.149828255,0.159217551,0.491031528,0.031285115
0.74096579,0.51615533,0.68809343,0.473381589,0.738304208,0.276301891,0.266923249,0.145927742,0.47019124,0.181661546
0.67887097,0.407322889,0.597813196,0.250336495,0.665766586,0.036212094,0.491031528,0.15139842,0.288553089,0.149828255
0.570235264,0.260508761,0.456730347,0.060944371,0.553962919,0.291960955,0.47019124,0.031285115,0.326763928,0.266923249
0.416920384,0.102553694,0.26401039,1.38311E-06,0.390631997,0.555636585,0.288553089,0.181661546,0.276301891,0.491031528
0.221637744,0.014300045,0.077175757,0,0.177615609,0.147788435,0.326763928,0.149828255,0.036212094,0.47019124
0.057293657,0,1.34011E-05,0,0.030836673,0.03690565,0.276301891,0.266923249,0.291960955,0.288553089
3.41114E-05,0,0,0,0,0.05028389,0.036212094,0.491031528,0.555636585,0.326763928
0,0,0,0,0,0.309187025,0.291960955,0.47019124,0.147788435,0.276301891
0,0,0,0,0,0.155633673,0.555636585,0.288553089,0.03690565,0.036212094
0,0,0,0,0,0.02770661,0.147788435,0.326763928,0.05028389,0.291960955
0,0,0,0,0,0.080907211,0.03690565,0.276301891,0.309187025,0.555636585
0,0,0,0,0,0.107065812,0.05028389,0.036212094,0.155633673,0.147788435
0,0,0,0,0,0.480480909,0.309187025,0.291960955,0.02770661,0.03690565
0,0,0,0,0,0.088204063,0.155633673,0.555636585,0.080907211,0.05028389
0,0,0,0.025073524,0,0.061943814,0.02770661,0.147788435,0.107065812,0.309187025
0,0,0,0.167213774,0,0.157626867,0.080907211,0.03690565,0.480480909,0.155633673
0,0.037532443,0.003868023,0.390428629,0,0.795571804,0.107065812,0.05028389,0.088204063,0.02770661
0.028168545,0.140088176,0.101290592,0.568145263,0.041892604,0.793277204,0.480480909,0.309187025,0.061943814,0.080907211
0.160302325,0.26583767,0.294546236,0.68711925,0.197856604,0.666306376,0.088204063,0.155633673,0.157626867,0.107065812
0.362082816,0.377160786,0.469067997,0.758916818,0.408958317,0.734931707,0.061943814,0.02770661,0.795571804,0.480480909
0.530113946,0.447654768,0.578649811,0.783747726,0.567525801,0.877784491,0.157626867,0.080907211,0.793277204,0.088204063
0.648287274,0.48532939,0.644331343,0.762441927,0.67165112,0.877198219,0.795571804,0.107065812,0.666306376,0.061943814
0.725233531,0.506184212,0.685036796,0.698253468,0.73352516,0.770337343,0.793277204,0.480480909,0.734931707,0.157626867
0.756899066,0.498039613,0.683616935,0.596198017,0.745181335,0.728996396,0.666306376,0.088204063,0.877784491,0.795571804
0.74096579,0.446905322,0.634604094,0.450350691,0.702036772,0.717342496,0.734931707,0.061943814,0.877198219,0.793277204
0.67887097,0.35310421,0.539979251,0.250833166,0.612361932,0.705081284,0.877784491,0.157626867,0.770337343,0.666306376
0.570235264,0.230271213,0.40483065,0.068891904,0.487108263,0.749585867,0.877198219,0.795571804,0.728996396,0.734931707
0.416920384,0.103127727,0.236368341,0.000116228,0.326528888,0.713142335,0.770337343,0.793277204,0.717342496,0.877784491
0.221637744,0.022464273,0.074067777,0,0.143563538,0.727296352,0.728996396,0.666306376,0.705081284,0.877198219
0.057293657,0,0.000948928,0,0.025041943,0.974952281,0.717342496,0.734931707,0.749585867,0.770337343
3.41114E-05,0,0,0,0,0.979996562,0.705081284,0.877784491,0.713142335,0.728996396
0,0,0,0,0,0.821930289,0.749585867,0.877198219,0.727296352,0.717342496
0,0,0,0,0,0.576981127,0.713142335,0.770337343,0.974952281,0.705081284
0,0,0,0,0,0.349986792,0.727296352,0.728996396,0.979996562,0.749585867
0,0,0,0,0,0.843137503,0.974952281,0.717342496,0.821930289,0.713142335
0,0,0,0,0,0.658087611,0.979996562,0.705081284,0.576981127,0.727296352
0,0,0,0,0,0.368311286,0.821930289,0.749585867,0.349986792,0.974952281
0,0,0,4.61733E-05,0,0.316490531,0.576981127,0.713142335,0.843137503,0.979996562
0,0,0,0.051132897,0,0.636208177,0.349986792,0.727296352,0.658087611,0.821930289
0,1.48304E-05,0,0.201223075,0,0.630149722,0.843137503,0.974952281,0.368311286,0.576981127
0,0.041901765,0.031332117,0.390759057,0,0.640478194,0.658087611,0.979996562,0.316490531,0.349986792
0.028168545,0.137421175,0.139127236,0.542294478,0.047171215,0.758580685,0.368311286,0.821930289,0.636208177,0.843137503
0.160302325,0.242002969,0.297028066,0.648332113,0.187775675,0.712428987,0.316490531,0.576981127,0.630149722,0.658087611
0.362082816,0.338567293,0.445079902,0.716780582,0.367188644,0.47575897,0.636208177,0.349986792,0.640478194,0.368311286
0.530113946,0.401563541,0.543373462,0.738765045,0.510468614,0.55289042,0.630149722,0.843137503,0.758580685,0.316490531
0.648287274,0.436941314,0.603885151,0.712781336,0.608344035,0.416191459,0.640478194,0.658087611,0.712428987,0.636208177
0.725233531,0.462796942,0.640312384,0.645864238,0.666862404,0.457237422,0.758580685,0.368311286,0.47575897,0.630149722
0.756899066,0.459183438,0.637826805,0.546613672,0.676640003,0.520943999,0.712428987,0.316490531,0.55289042,0.640478194
0.74096579,0.413408086,0.591346389,0.412264722,0.63468312,0.100752443,0.47575897,0.636208177,0.416191459,0.758580685
0.67887097,0.329442766,0.502125418,0.237827855,0.547155048,0.101085603,0.55289042,0.630149722,0.457237422,0.712428987
0.570235264,0.222679736,0.380468501,0.072066607,0.426888148,0.034562234,0.416191459,0.640478194,0.520943999,0.47575897
0.416920384,0.114757868,0.228503579,0.001617507,0.281131836,0.049150672,0.457237422,0.758580685,0.100752443,0.55289042
0.221637744,0.032010288,0.078080236,0,0.125623376,0.1262521,0.520943999,0.712428987,0.101085603,0.416191459
0.057293657,0.000034643,0.005393065,0,0.024670557,0.173080131,0.100752443,0.47575897,0.034562234,0.457237422
3.41114E-05,0,0,0,0,0.211928219,0.101085603,0.55289042,0.049150672,0.520943999
0,0,0,0,0,0.497549713,0.034562234,0.416191459,0.1262521,0.100752443
0,0,0,0,0,0.444829255,0.049150672,0.457237422,0.173080131,0.101085603
0,0,0,0,0,0.582407892,0.1262521,0.520943999,0.211928219,0.034562234
0,0,0,0,0,0.32800284,0.173080131,0.100752443,0.497549713,0.049150672
0,0,0,0,0,0.641088128,0.211928219,0.101085603,0.444829255,0.1262521
0,0,0,0,0,0.566859007,0.497549713,0.034562234,0.582407892,0.173080131
0,0,0,9.70967E-05,0,0.747884989,0.444829255,0.049150672,0.32800284,0.211928219
0,0,0,0.036548051,0,0.272978216,0.582407892,0.1262521,0.641088128,0.497549713
0,7.14015E-05,0,0.143809314,0,0.49221769,0.32800284,0.173080131,0.566859007,0.444829255
0,0.031869727,0.025743095,0.289325059,0,0.542294681,0.641088128,0.211928219,0.747884989,0.582407892
0.028168545,0.10870986,0.110508646,0.404995217,0.02963198,0.359153688,0.566859007,0.497549713,0.272978216,0.32800284
0.160302325,0.206185735,0.245873715,0.485059818,0.135438419,0.256754071,0.747884989,0.444829255,0.49221769,0.641088128
0.362082816,0.305360592,0.384765591,0.540685957,0.287872523,0.096323848,0.272978216,0.582407892,0.542294681,0.566859007
0.530113946,0.37405333,0.478454849,0.551912019,0.413572375,0.157160014,0.49221769,0.32800284,0.359153688,0.747884989
0.648287274,0.412433023,0.533131936,0.52513961,0.496553231,0.413438886,0.542294681,0.641088128,0.256754071,0.272978216
0.725233531,0.434805188,0.560503147,0.46760344,0.54165551,0.383098572,0.359153688,0.566859007,0.096323848,0.49221769
0.756899066,0.429373165,0.550105804,0.384929871,0.541526563,0.28505674,0.256754071,0.747884989,0.157160014,0.542294681
0.74096579,0.392086579,0.504116346,0.28015749,0.503830855,0.135533303,0.096323848,0.272978216,0.413438886,0.359153688
0.67887097,0.319812186,0.424875087,0.154844094,0.432579925,0.096582443,0.157160014,0.49221769,0.383098572,0.256754071
0.570235264,0.221984813,0.322115372,0.046888747,0.332956098,0.385506988,0.413438886,0.542294681,0.28505674,0.096323848
0.416920384,0.12148518,0.198185993,0.002993463,0.21481898,0.171946287,0.383098572,0.359153688,0.135533303,0.157160014
0.221637744,0.037536667,0.076320581,0,0.099509431,0.275845289,0.28505674,0.256754071,0.096582443,0.413438886
0.057293657,0.001276633,0.011554049,0,0.023984818,0.445468217,0.135533303,0.096323848,0.385506988,0.383098572
3.41114E-05,0,0,0,5.33106E-06,0.629154265,0.096582443,0.157160014,0.171946287,0.28505674
0,0,0,0,0,0.279455632,0.385506988,0.413438886,0.275845289,0.135533303
0,0,0,0,0,0.297149152,0.171946287,0.383098572,0.445468217,0.096582443
0,0,0,0,0,0.23917307,0.275845289,0.28505674,0.629154265,0.385506988
0,0,0,0,0,0.109199814,0.445468217,0.135533303,0.279455632,0.171946287
0,0,0,0,0,0.124757096,0.629154265,0.096582443,0.297149152,0.275845289
0,0,0,0,0,0.169885501,0.279455632,0.385506988,0.23917307,0.445468217
0,0,0,6.97174E-07,0,0.09724471,0.297149152,0.171946287,0.109199814,0.629154265
0,0,0,0.013549298,0,0.030027896,0.23917307,0.275845289,0.124757096,0.279455632
0,0,0,0.070179459,0,0.028357293,0.109199814,0.445468217,0.169885501,0.297149152
0,0.018367976,0.008699189,0.1649287,0,0.024169276,0.124757096,0.629154265,0.09724471,0.23917307
0.028168545,0.073878282,0.057796778,0.24537725,0.019176917,0.004762101,0.169885501,0.279455632,0.030027896,0.109199814
0.160302325,0.162886631,0.158517318,0.303188768,0.097453136,0.056682434,0.09724471,0.297149152,0.028357293,0.124757096
0.362082816,0.264600588,0.276008548,0.349695235,0.226656626,0.067678563,0.030027896,0.23917307,0.024169276,0.169885501
0.530113946,0.345009389,0.359633278,0.369299561,0.344153534,0.116307363,0.028357293,0.109199814,0.004762101,0.09724471
0.648287274,0.395807962,0.406551005,0.356433124,0.423652467,0.162299857,0.024169276,0.124757096,0.056682434,0.030027896
0.725233531,0.421341656,0.431033394,0.315890947,0.467690279,0.120731473,0.004762101,0.169885501,0.067678563,0.028357293
0.756899066,0.413537762,0.426120426,0.25738533,0.470649699,0.043718897,0.056682434,0.09724471,0.116307363,0.024169276
0.74096579,0.372044019,0.392856392,0.181499574,0.436196213,0.097648486,0.067678563,0.030027896,0.162299857,0.004762101
0.67887097,0.301515608,0.327540149,0.094245247,0.37098972,0.148402616,0.116307363,0.028357293,0.120731473,0.056682434
0.570235264,0.211032957,0.243267778,0.026673526,0.283949661,0.104118586,0.162299857,0.024169276,0.043718897,0.067678563
0.416920384,0.114473305,0.149093864,0.001714032,0.181293397,0.204713181,0.120731473,0.004762101,0.097648486,0.116307363
0.221637744,0.03487298,0.060032846,0,0.082196902,0.1627675,0.043718897,0.056682434,0.148402616,0.162299857
0.057293657,0.001742103,0.010929424,0,0.019225853,0.151212633,0.097648486,0.067678563,0.104118586,0.120731473
3.41114E-05,0,0,0,4.95409E-06,0.233818233,0.148402616,0.116307363,0.204713181,0.043718897
0,0,0,0,0,0.286923617,0.104118586,0.162299857,0.1627675,0.097648486
0,0,0,0,0,0.383885324,0.204713181,0.120731473,0.151212633,0.148402616
0,0,0,0,0,0.240453675,0.1627675,0.043718897,0.233818233,0.104118586
0,0,0,0,0,0.269338757,0.151212633,0.097648486,0.286923617,0.204713181
0,0,0,0,0,0.159007832,0.233818233,0.148402616,0.383885324,0.1627675
0,0,0,0,0,0.104083121,0.286923617,0.104118586,0.240453675,0.151212633
0,0,0,0,0,0.021503555,0.383885324,0.204713181,0.269338757,0.233818233
0,0,0,0.009289247,0,0.031963453,0.240453675,0.1627675,0.159007832,0.286923617
0,0,0,0.072100959,0,0.041958526,0.269338757,0.151212633,0.104083121,0.383885324
0,0.021596612,0.001614276,0.190405276,0,0.096781634,0.159007832,0.233818233,0.021503555,0.240453675
0.028168545,0.096107401,0.054766203,0.277139654,0.0177531,0.174312145,0.104083121,0.286923617,0.031963453,0.269338757
0.160302325,0.208913968,0.182334557,0.331102721,0.099663088,0.037923686,0.021503555,0.383885324,0.041958526,0.159007832
0.362082816,0.322561179,0.32461304,0.378329198,0.239711236,0.029281907,0.031963453,0.240453675,0.096781634,0.104083121
0.530113946,0.412043789,0.422807408,0.400660292,0.360126451,0.237692565,0.041958526,0.269338757,0.174312145,0.021503555
0.648287274,0.468468826,0.475910669,0.392230459,0.435836919,0.360084385,0.096781634,0.159007832,0.037923686,0.031963453
0.725233531,0.49205162,0.504584821,0.350881023,0.478373291,0.32215175,0.174312145,0.104083121,0.029281907,0.041958526
0.756899066,0.484090573,0.497714406,0.284926348,0.484508526,0.185535595,0.037923686,0.021503555,0.237692565,0.096781634
0.74096579,0.436573502,0.453280358,0.199204372,0.449445168,0.11909277,0.029281907,0.031963453,0.360084385,0.174312145
0.67887097,0.351093142,0.376573745,0.107543947,0.378401934,0.392790467,0.237692565,0.041958526,0.32215175,0.037923686
0.570235264,0.241245504,0.274951864,0.031123546,0.285959871,0.636655867,0.360084385,0.096781634,0.185535595,0.029281907
0.416920384,0.123367517,0.158785041,0.000395911,0.176977658,0.206172645,0.32215175,0.174312145,0.11909277,0.237692565
0.221637744,0.033417793,0.053587996,0,0.074270379,0.058244888,0.185535595,0.037923686,0.392790467,0.360084385
0.057293657,0.000154151,0.004798177,0,0.014648873,0.043493494,0.11909277,0.029281907,0.636655867,0.32215175
3.41114E-05,0,0,0,0,0.083646268,0.392790467,0.237692565,0.206172645,0.185535595
0,0,0,0,0,0.238442972,0.636655867,0.360084385,0.058244888,0.11909277
0,0,0,0,0,0.266884178,0.206172645,0.32215175,0.043493494,0.392790467
0,0,0,0,0,0.320777178,0.058244888,0.185535595,0.083646268,0.636655867
0,0,0,0,0,0.207493842,0.043493494,0.11909277,0.238442972,0.206172645
0,0,0,0,0,0.182788923,0.083646268,0.392790467,0.266884178,0.058244888
0,0,0,0,0,0.111883864,0.238442972,0.636655867,0.320777178,0.043493494
0,0,0,0,0,0.017390583,0.266884178,0.206172645,0.207493842,0.083646268
0,0,0,0.010365576,0,0.001600682,0.320777178,0.058244888,0.182788923,0.238442972
0,0,0,0.10412263,0,1.20E-05,0.207493842,0.043493494,0.111883864,0.266884178
0,0.018129165,9.97578E-06,0.278629414,0,0.022567702,0.182788923,0.083646268,0.017390583,0.320777178
0.028168545,0.098892003,0.065960248,0.407806705,0.024634202,0.047610044,0.111883864,0.238442972,0.001600682,0.207493842
0.160302325,0.224293789,0.221993233,0.480577685,0.1388315,0.039290167,0.017390583,0.266884178,1.20E-05,0.182788923
0.362082816,0.335391152,0.379960332,0.525078266,0.316784795,0.024763504,0.001600682,0.320777178,0.022567702,0.111883864
0.530113946,0.404257016,0.473395401,0.530232129,0.455255007,0.009788874,1.20E-05,0.207493842,0.047610044,0.017390583
0.648287274,0.44592744,0.519037537,0.502002626,0.539025892,0.000131154,0.022567702,0.182788923,0.039290167,0.001600682
0.725233531,0.46954489,0.53764809,0.437831578,0.580651139,0.001019059,0.047610044,0.111883864,0.024763504,1.20E-05
0.756899066,0.458529972,0.520718864,0.351699874,0.575155643,0.000613961,0.039290167,0.017390583,0.009788874,0.022567702
0.74096579,0.405668318,0.467542763,0.239025677,0.526155639,0.002940915,0.024763504,0.001600682,0.000131154,0.047610044
0.67887097,0.308281378,0.379580114,0.10842361,0.438464912,0.021703508,0.009788874,1.20E-05,0.001019059,0.039290167
0.570235264,0.191771429,0.266716478,0.022472359,0.328380989,0.039637364,0.000131154,0.022567702,0.000613961,0.024763504
0.416920384,0.078755196,0.138112833,7.08008E-07,0.197238204,0.036990535,0.001019059,0.047610044,0.002940915,0.009788874
0.221637744,0.012112534,0.036178216,0,0.070617725,0.150117502,0.000613961,0.039290167,0.021703508,0.000131154
0.057293657,0,0.000114229,0,0.00858835,0,0.002940915,0.024763504,0.039637364,0.001019059
3.41114E-05,0,0,0,0,0.070915267,0.021703508,0.009788874,0.036990535,0.000613961
0,0,0,0,0,0.043208748,0.039637364,0.000131154,0.150117502,0.002940915
0,0,0,0,0,0,0.036990535,0.001019059,0,0.021703508
0,0,0,0,0,0.0110688,0.150117502,0.000613961,0.070915267,0.039637364
0,0,0,0,0,0.007946659,0,0.002940915,0.043208748,0.036990535
0,0,0,0,0,0.033296984,0.070915267,0.021703508,0,0.150117502
0,0,0,0,0,0.000645855,0.043208748,0.039637364,0.0110688,0
0,0,0,0,0,0,0,0.036990535,0.007946659,0.070915267
0,0,0,0.008339044,0,0,0.0110688,0.150117502,0.033296984,0.043208748
0,0,0,0.125738749,0,0,0.007946659,0,0.000645855,0
0,0.005753611,0,0.342778783,0,1.70E-05,0.033296984,0.070915267,0,0.0110688
0.028168545,0.112826529,0.077506826,0.516879638,0.02556177,0.005639311,0.000645855,0.043208748,0,0.007946659
0.160302325,0.29605062,0.25839701,0.62658799,0.156097684,0.05526524,0,0,0,0.033296984
0.362082816,0.43061533,0.432675956,0.682536924,0.353591363,0.077861935,0,0.0110688,1.70E-05,0.000645855
0.530113946,0.499194474,0.533182454,0.686536735,0.499175391,0.041203178,0,0.007946659,0.005639311,0
0.648287274,0.533077332,0.582899802,0.647163858,0.586025609,0.061525494,1.70E-05,0.033296984,0.05526524,0
0.725233531,0.549128151,0.605466964,0.565915282,0.629005684,0.09562622,0.005639311,0.000645855,0.077861935,0
0.756899066,0.52604716,0.588487885,0.442333116,0.620883644,0.170016035,0.05526524,0,0.041203178,1.70E-05
0.74096579,0.463501501,0.526844348,0.276098901,0.566066032,0.260981232,0.077861935,0,0.061525494,0.005639311
0.67887097,0.357537248,0.425540756,0.097498627,0.477118589,0.151073858,0.041203178,0,0.09562622,0.05526524
0.570235264,0.213653945,0.283684551,0.005894177,0.355129183,0.112023287,0.061525494,1.70E-05,0.170016035,0.077861935
0.416920384,0.067541782,0.112683202,0,0.203556536,0.343510419,0.09562622,0.005639311,0.260981232,0.041203178
0.221637744,0.000363079,0.012219102,0,0.062029891,0.143388748,0.170016035,0.05526524,0.151073858,0.061525494
0.057293657,0,0,0,0.000766355,0.122517228,0.260981232,0.077861935,0.112023287,0.09562622
3.41114E-05,0,0,0,0,0.132900581,0.151073858,0.041203178,0.343510419,0.170016035
0,0,0,0,0,0.135985076,0.112023287,0.061525494,0.143388748,0.260981232
0,0,0,0,0,0.103737071,0.343510419,0.09562622,0.122517228,0.151073858
0,0,0,0,0,0.125444695,0.143388748,0.170016035,0.132900581,0.112023287
0,0,0,0,0,0.070505142,0.122517228,0.260981232,0.135985076,0.343510419
0,0,0,0,0,0.090014815,0.132900581,0.151073858,0.103737071,0.143388748
0,0,0,0,0,0.031014584,0.135985076,0.112023287,0.125444695,0.122517228
0,0,0,0,0,0.004913063,0.103737071,0.343510419,0.070505142,0.132900581
0,0,0,0.001096135,0,0.019887092,0.125444695,0.143388748,0.090014815,0.135985076
0,0,0,0.107148217,0,0.034846477,0.070505142,0.122517228,0.031014584,0.103737071
0,0,0,0.329040347,0,0.164779395,0.090014815,0.132900581,0.004913063,0.125444695
0.028168545,0.109948012,0.051050887,0.517244325,0.008493476,0.195900679,0.031014584,0.135985076,0.019887092,0.070505142
0.160302325,0.328276278,0.221020596,0.630445419,0.147571789,0.263350904,0.004913063,0.103737071,0.034846477,0.090014815
0.362082816,0.500389856,0.4235184,0.687481075,0.380535076,0.213311806,0.019887092,0.125444695,0.164779395,0.031014584
0.530113946,0.582692407,0.553563866,0.695377762,0.530433368,0.082600109,0.034846477,0.070505142,0.195900679,0.004913063
0.648287274,0.619939029,0.625051986,0.661083169,0.610164795,0.041978907,0.164779395,0.090014815,0.263350904,0.019887092
0.725233531,0.636590034,0.650565976,0.581190504,0.649094112,0.017881326,0.195900679,0.031014584,0.213311806,0.034846477
0.756899066,0.608664542,0.631141084,0.450220806,0.640143269,0.029801216,0.263350904,0.004913063,0.082600109,0.164779395
0.74096579,0.533595096,0.566111088,0.265459406,0.589878402,0.000959686,0.213311806,0.019887092,0.041978907,0.195900679
0.67887097,0.406246521,0.444986446,0.079720202,0.502673365,0.000549327,0.082600109,0.034846477,0.017881326,0.263350904
0.570235264,0.214778245,0.268523736,0.000288221,0.376077865,0.000347153,0.041978907,0.164779395,0.029801216,0.213311806
0.416920384,0.0507441,0.084389002,0,0.21685208,0.000623577,0.017881326,0.195900679,0.000959686,0.082600109
0.221637744,0,0.000352542,0,0.065806525,0.008795181,0.029801216,0.263350904,0.000549327,0.041978907
0.057293657,0,0,0,0,0.017629707,0.000959686,0.213311806,0.000347153,0.017881326
3.41114E-05,0,0,0,0,0.102648832,0.000549327,0.082600109,0.000623577,0.029801216
0,0,0,0,0,0.079731904,0.000347153,0.041978907,0.008795181,0.000959686
0,0,0,0,0,0.168646559,0.000623577,0.017881326,0.017629707,0.000549327
0,0,0,0,0,0.132434964,0.008795181,0.029801216,0.102648832,0.000347153
0,0,0,0,0,0.203392714,0.017629707,0.000959686,0.079731904,0.000623577
0,0,0,0,0,0.166350022,0.102648832,0.000549327,0.168646559,0.008795181
0,0,0,0,0,0.208058029,0.079731904,0.000347153,0.132434964,0.017629707
0,0,0,0,0,0.101042807,0.168646559,0.000623577,0.203392714,0.102648832
0,0,0,0,0,0.018733529,0.132434964,0.008795181,0.166350022,0.079731904
0,0,0,0.055830753,0,0.023087339,0.203392714,0.017629707,0.208058029,0.168646559
0,0,0,0.244582415,0,0.070396572,0.166350022,0.102648832,0.101042807,0.132434964
0.028168545,0.064766638,0.004242237,0.450991233,0.00006223,0.104521126,0.208058029,0.079731904,0.018733529,0.203392714
0.160302325,0.255268649,0.135981336,0.572971741,0.108882234,0.090305232,0.101042807,0.168646559,0.023087339,0.166350022
0.362082816,0.453660127,0.354738922,0.641610296,0.329000576,0.100690171,0.018733529,0.132434964,0.070396572,0.208058029
0.530113946,0.542779921,0.46872776,0.660908146,0.488560151,0.472824931,0.023087339,0.203392714,0.104521126,0.101042807
0.648287274,0.584379829,0.526999394,0.637427114,0.575258615,0.42435348,0.070396572,0.166350022,0.090305232,0.018733529
0.725233531,0.610835519,0.57363402,0.566945239,0.625140117,0.62239784,0.104521126,0.208058029,0.100690171,0.023087339
0.756899066,0.591498424,0.575769929,0.445826035,0.627792799,0.261925668,0.090305232,0.101042807,0.472824931,0.070396572
0.74096579,0.522767137,0.528135535,0.27544807,0.588121505,0.134082243,0.100690171,0.018733529,0.42435348,0.104521126
0.67887097,0.398029936,0.418195272,0.091087146,0.507992297,0.093476802,0.472824931,0.023087339,0.62239784,0.090305232
0.570235264,0.214457839,0.262842486,0.001916967,0.38945216,0.047184266,0.42435348,0.070396572,0.261925668,0.100690171
0.416920384,0.053774111,0.090474622,0,0.242685424,0.163679302,0.62239784,0.104521126,0.134082243,0.472824931
0.221637744,0,0.001099239,0,0.082892423,0.118311837,0.261925668,0.090305232,0.093476802,0.42435348
0.057293657,0,0,0,0.000256649,0.262232393,0.134082243,0.100690171,0.047184266,0.62239784
3.41114E-05,0,0,0,0,0.222818285,0.093476802,0.472824931,0.163679302,0.261925668
0,0,0,0,0,0.269841582,0.047184266,0.42435348,0.118311837,0.134082243
0,0,0,0,0,0.253300786,0.163679302,0.62239784,0.262232393,0.093476802
0,0,0,0,0,0.421197981,0.118311837,0.261925668,0.222818285,0.047184266
0,0,0,0,0,0.365757763,0.262232393,0.134082243,0.269841582,0.163679302
0,0,0,0,0,0.225884259,0.222818285,0.093476802,0.253300786,0.118311837
0,0,0,0,0,0.140923858,0.269841582,0.047184266,0.421197981,0.262232393
0,0,0,0,0,0.007357907,0.253300786,0.163679302,0.365757763,0.222818285
0,0,0,0,0,0,0.421197981,0.118311837,0.225884259,0.269841582
0,0,0,0.036124838,0,0.003414272,0.365757763,0.262232393,0.140923858,0.253300786
0,0,0,0.227561325,0,0.006177597,0.225884259,0.222818285,0.007357907,0.421197981
0.028168545,0.0412833,3.87821E-07,0.474633847,0,0.047582462,0.140923858,0.269841582,0,0.365757763
0.160302325,0.21719522,0.123562505,0.621990347,0.099302754,0.038374592,0.007357907,0.253300786,0.003414272,0.225884259
0.362082816,0.437239152,0.350346208,0.703798963,0.322716078,0.048109129,0,0.421197981,0.006177597,0.140923858
0.530113946,0.555174385,0.470659642,0.73605817,0.515044317,0.108380832,0.003414272,0.365757763,0.047582462,0.007357907
0.648287274,0.618641955,0.530772992,0.727632665,0.630605142,0.217648,0.006177597,0.225884259,0.038374592,0
0.725233531,0.654165025,0.593863891,0.67469884,0.697638048,0.439095944,0.047582462,0.140923858,0.048109129,0.003414272
0.756899066,0.644009549,0.61795828,0.57147126,0.716580655,0.49271968,0.038374592,0.007357907,0.108380832,0.006177597
0.74096579,0.584443909,0.591373309,0.40257636,0.694481821,0.139052004,0.048109129,0,0.217648,0.047582462
0.67887097,0.461943299,0.497196321,0.167484634,0.629024793,0.093283795,0.108380832,0.003414272,0.439095944,0.038374592
0.570235264,0.279176191,0.34426557,0.018261165,0.517746087,0.132594347,0.217648,0.006177597,0.49271968,0.048109129
0.416920384,0.087129579,0.143554844,0,0.350324394,0.442664206,0.439095944,0.047582462,0.139052004,0.108380832
0.221637744,9.21049E-05,0.016104115,0,0.13445333,0.414853841,0.49271968,0.038374592,0.093283795,0.217648
0.057293657,0,0,0,0.009415295,0.594603896,0.139052004,0.048109129,0.132594347,0.439095944
3.41114E-05,0,0,0,0,0.899843693,0.093283795,0.108380832,0.442664206,0.49271968
0,0,0,0,0,0.859262407,0.132594347,0.217648,0.414853841,0.139052004
0,0,0,0,0,0.964735806,0.442664206,0.439095944,0.594603896,0.093283795
0,0,0,0,0,0.858143985,0.414853841,0.49271968,0.899843693,0.132594347
0,0,0,0,0,0.574355662,0.594603896,0.139052004,0.859262407,0.442664206
0,0,0,0,0,0.489393651,0.899843693,0.093283795,0.964735806,0.414853841
0,0,0,0,0,0.571570575,0.859262407,0.132594347,0.858143985,0.594603896
0,0,0,0,0,0.256252497,0.964735806,0.442664206,0.574355662,0.899843693
0,0,0,0,0,0.011219631,0.858143985,0.414853841,0.489393651,0.859262407
0,0,0,0.059198695,0,0.054915525,0.574355662,0.594603896,0.571570575,0.964735806
0,0,0,0.260889475,0,0.058484294,0.489393651,0.899843693,0.256252497,0.858143985
0.028168545,0.06350896,0.008823963,0.494000346,8.97956E-06,0.092676252,0.571570575,0.859262407,0.011219631,0.574355662
0.160302325,0.226344513,0.148806513,0.640014732,0.107371269,0.041595124,0.256252497,0.964735806,0.054915525,0.489393651
0.362082816,0.399621076,0.382050465,0.724162328,0.345519128,0.07349997,0.011219631,0.858143985,0.058484294,0.571570575
0.530113946,0.506024334,0.537776593,0.760361472,0.549781914,0.101013891,0.054915525,0.574355662,0.092676252,0.256252497
0.648287274,0.564421175,0.630873886,0.753486574,0.672936237,0.209304363,0.058484294,0.489393651,0.041595124,0.011219631
0.725233531,0.593604255,0.68064409,0.702994787,0.747078476,0.255189776,0.092676252,0.571570575,0.07349997,0.054915525
0.756899066,0.587792531,0.687478942,0.607318086,0.773695645,0.476442665,0.041595124,0.256252497,0.101013891,0.058484294
0.74096579,0.535570515,0.650252901,0.450924309,0.755049595,0.209831789,0.07349997,0.011219631,0.209304363,0.092676252
0.67887097,0.420190117,0.557936247,0.221824347,0.691801778,0.34931007,0.101013891,0.054915525,0.255189776,0.041595124
0.570235264,0.261012072,0.410027556,0.044805602,0.585818496,0.62692982,0.209304363,0.058484294,0.476442665,0.07349997
0.416920384,0.091215323,0.208916103,0,0.423246743,0.189138651,0.255189776,0.092676252,0.209831789,0.101013891
0.221637744,0.004193493,0.048571953,0,0.193411402,0.26017195,0.476442665,0.041595124,0.34931007,0.209304363
0.057293657,0,0,0,0.03130264,0.245002493,0.209831789,0.07349997,0.62692982,0.255189776
3.41114E-05,0,0,0,0,0.374451518,0.34931007,0.101013891,0.189138651,0.476442665
0,0,0,0,0,0.508826733,0.62692982,0.209304363,0.26017195,0.209831789
0,0,0,0,0,0.344439834,0.189138651,0.255189776,0.245002493,0.34931007
0,0,0,0,0,0.129520863,0.26017195,0.476442665,0.374451518,0.62692982
0,0,0,0,0,0.032760069,0.245002493,0.209831789,0.508826733,0.189138651
0,0,0,0,0,0.038477287,0.374451518,0.34931007,0.344439834,0.26017195
0,0,0,0,0,0.005595809,0.508826733,0.62692982,0.129520863,0.245002493
0,0,0,0,0,0.000225392,0.344439834,0.189138651,0.032760069,0.374451518
0,0,0,0.003188397,0,1.72E-05,0.129520863,0.26017195,0.038477287,0.508826733
0,0,0,0.109267752,0,0.00011585,0.032760069,0.245002493,0.005595809,0.344439834
0,0.002818922,0,0.338044572,0,0.006432365,0.038477287,0.374451518,0.000225392,0.129520863
0.028168545,0.097517573,0.064778894,0.544852225,0.006130837,0.01321273,0.005595809,0.508826733,1.72E-05,0.032760069
0.160302325,0.274908586,0.24802122,0.678220947,0.140814396,0.133369267,0.000225392,0.344439834,0.00011585,0.038477287
0.362082816,0.421797906,0.453188661,0.757915152,0.385471322,0.187196389,1.72E-05,0.129520863,0.006432365,0.005595809
0.530113946,0.509333356,0.591517346,0.791492929,0.569509923,0.320473164,0.00011585,0.032760069,0.01321273,0.000225392
0.648287274,0.559454539,0.678417539,0.782322524,0.684429851,0.422538102,0.006432365,0.038477287,0.133369267,1.72E-05
0.725233531,0.584622242,0.722725413,0.728302747,0.751421627,0.419950515,0.01321273,0.005595809,0.187196389,0.00011585
0.756899066,0.574000643,0.726041432,0.62888002,0.768361416,0.270328492,0.133369267,0.000225392,0.320473164,0.006432365
0.74096579,0.51615533,0.68809343,0.473381589,0.738304208,0.372612178,0.187196389,1.72E-05,0.422538102,0.01321273
0.67887097,0.407322889,0.597813196,0.250336495,0.665766586,0.363471001,0.320473164,0.00011585,0.419950515,0.133369267
0.570235264,0.260508761,0.456730347,0.060944371,0.553962919,0.642579496,0.422538102,0.006432365,0.270328492,0.187196389
0.416920384,0.102553694,0.26401039,1.38311E-06,0.390631997,0.653346777,0.419950515,0.01321273,0.372612178,0.320473164
0.221637744,0.014300045,0.077175757,0,0.177615609,0.54029429,0.270328492,0.133369267,0.363471001,0.422538102
0.057293657,0,1.34011E-05,0,0.030836673,0.399268389,0.372612178,0.187196389,0.642579496,0.419950515
3.41114E-05,0,0,0,0,0.258871853,0.363471001,0.320473164,0.653346777,0.270328492
0,0,0,0,0,0.221074373,0.642579496,0.422538102,0.54029429,0.372612178
0,0,0,0,0,0.18691349,0.653346777,0.419950515,0.399268389,0.363471001
0,0,0,0,0,0.202118307,0.54029429,0.270328492,0.258871853,0.642579496
0,0,0,0,0,0.311555803,0.399268389,0.372612178,0.221074373,0.653346777
0,0,0,0,0,0.255144477,0.258871853,0.363471001,0.18691349,0.54029429
0,0,0,0,0,0.014676225,0.221074373,0.642579496,0.202118307,0.399268389
0,0,0,0,0,0.046334174,0.18691349,0.653346777,0.311555803,0.258871853
0,0,0,0.025073524,0,0.258614153,0.202118307,0.54029429,0.255144477,0.221074373
0,0,0,0.167213774,0,0.244596422,0.311555803,0.399268389,0.014676225,0.18691349
0,0.037532443,0.003868023,0.390428629,0,0.431832463,0.255144477,0.258871853,0.046334174,0.202118307
0.028168545,0.140088176,0.101290592,0.568145263,0.041892604,0.649898291,0.014676225,0.221074373,0.258614153,0.311555803
0.160302325,0.26583767,0.294546236,0.68711925,0.197856604,0.805081904,0.046334174,0.18691349,0.244596422,0.255144477
0.362082816,0.377160786,0.469067997,0.758916818,0.408958317,0.913683653,0.258614153,0.202118307,0.431832463,0.014676225
0.530113946,0.447654768,0.578649811,0.783747726,0.567525801,0.891577005,0.244596422,0.311555803,0.649898291,0.046334174
0.648287274,0.48532939,0.644331343,0.762441927,0.67165112,0.562027514,0.431832463,0.255144477,0.805081904,0.258614153
0.725233531,0.506184212,0.685036796,0.698253468,0.73352516,0.530714929,0.649898291,0.014676225,0.913683653,0.244596422
0.756899066,0.498039613,0.683616935,0.596198017,0.745181335,0.559276283,0.805081904,0.046334174,0.891577005,0.431832463
0.74096579,0.446905322,0.634604094,0.450350691,0.702036772,0.300751209,0.913683653,0.258614153,0.562027514,0.649898291
0.67887097,0.35310421,0.539979251,0.250833166,0.612361932,0.387668461,0.891577005,0.244596422,0.530714929,0.805081904
0.570235264,0.230271213,0.40483065,0.068891904,0.487108263,0.485216528,0.562027514,0.431832463,0.559276283,0.913683653
0.416920384,0.103127727,0.236368341,0.000116228,0.326528888,0.677736521,0.530714929,0.649898291,0.300751209,0.891577005
0.221637744,0.022464273,0.074067777,0,0.143563538,0.832562149,0.559276283,0.805081904,0.387668461,0.562027514
0.057293657,0,0.000948928,0,0.025041943,0.742311597,0.300751209,0.913683653,0.485216528,0.530714929
3.41114E-05,0,0,0,0,0.593552351,0.387668461,0.891577005,0.677736521,0.559276283
0,0,0,0,0,0.568567097,0.485216528,0.562027514,0.832562149,0.300751209
0,0,0,0,0,0.638490975,0.677736521,0.530714929,0.742311597,0.387668461
0,0,0,0,0,0.455806464,0.832562149,0.559276283,0.593552351,0.485216528
0,0,0,0,0,0.608601332,0.742311597,0.300751209,0.568567097,0.677736521
0,0,0,0,0,0.65823102,0.593552351,0.387668461,0.638490975,0.832562149
0,0,0,0,0,0.472235829,0.568567097,0.485216528,0.455806464,0.742311597
0,0,0,4.61733E-05,0,0.340141565,0.638490975,0.677736521,0.608601332,0.593552351
0,0,0,0.051132897,0,0.279009938,0.455806464,0.832562149,0.65823102,0.568567097
0,1.48304E-05,0,0.201223075,0,0.386058092,0.608601332,0.742311597,0.472235829,0.638490975
0,0.041901765,0.031332117,0.390759057,0,0.6263538,0.65823102,0.593552351,0.340141565,0.455806464
0.028168545,0.137421175,0.139127236,0.542294478,0.047171215,0.626852691,0.472235829,0.568567097,0.279009938,0.608601332
0.160302325,0.242002969,0.297028066,0.648332113,0.187775675,0.56454289,0.340141565,0.638490975,0.386058092,0.65823102
0.362082816,0.338567293,0.445079902,0.716780582,0.367188644,0.529545248,0.279009938,0.455806464,0.6263538,0.472235829
0.530113946,0.401563541,0.543373462,0.738765045,0.510468614,0.394948572,0.386058092,0.608601332,0.626852691,0.340141565
0.648287274,0.436941314,0.603885151,0.712781336,0.608344035,0.407272696,0.6263538,0.65823102,0.56454289,0.279009938
0.725233531,0.462796942,0.640312384,0.645864238,0.666862404,0.439121842,0.626852691,0.472235829,0.529545248,0.386058092
0.756899066,0.459183438,0.637826805,0.546613672,0.676640003,0.434082419,0.56454289,0.340141565,0.394948572,0.6263538
0.74096579,0.413408086,0.591346389,0.412264722,0.63468312,0.373856485,0.529545248,0.279009938,0.407272696,0.626852691
0.67887097,0.329442766,0.502125418,0.237827855,0.547155048,0.225796655,0.394948572,0.386058092,0.439121842,0.56454289
0.570235264,0.222679736,0.380468501,0.072066607,0.426888148,0.276473075,0.407272696,0.6263538,0.434082419,0.529545248
0.416920384,0.114757868,0.228503579,0.001617507,0.281131836,0.272939116,0.439121842,0.626852691,0.373856485,0.394948572
0.221637744,0.032010288,0.078080236,0,0.125623376,0.27445659,0.434082419,0.56454289,0.225796655,0.407272696
0.057293657,0.000034643,0.005393065,0,0.024670557,0.369212478,0.373856485,0.529545248,0.276473075,0.439121842
3.41114E-05,0,0,0,0,0.444630146,0.225796655,0.394948572,0.272939116,0.434082419
0,0,0,0,0,0.365330964,0.276473075,0.407272696,0.27445659,0.373856485
0,0,0,0,0,0.336812347,0.272939116,0.439121842,0.369212478,0.225796655
0,0,0,0,0,0.225206524,0.27445659,0.434082419,0.444630146,0.276473075
0,0,0,0,0,0.077368006,0.369212478,0.373856485,0.365330964,0.272939116
0,0,0,0,0,0.036299072,0.444630146,0.225796655,0.336812347,0.27445659
0,0,0,0,0,0.023691365,0.365330964,0.276473075,0.225206524,0.369212478
0,0,0,9.70967E-05,0,0,0.336812347,0.272939116,0.077368006,0.444630146
0,0,0,0.036548051,0,0,0.225206524,0.27445659,0.036299072,0.365330964
0,7.14015E-05,0,0.143809314,0,0,0.077368006,0.369212478,0.023691365,0.336812347
0,0.031869727,0.025743095,0.289325059,0,0,0.036299072,0.444630146,0,0.225206524
0.028168545,0.10870986,0.110508646,0.404995217,0.02963198,0.000805553,0.023691365,0.365330964,0,0.077368006
0.160302325,0.206185735,0.245873715,0.485059818,0.135438419,0.006604289,0,0.336812347,0,0.036299072
0.362082816,0.305360592,0.384765591,0.540685957,0.287872523,0.031210985,0,0.225206524,0,0.023691365
0.530113946,0.37405333,0.478454849,0.551912019,0.413572375,0.108228423,0,0.077368006,0.000805553,0
0.648287274,0.412433023,0.533131936,0.52513961,0.496553231,0.181228295,0,0.036299072,0.006604289,0
0.725233531,0.434805188,0.560503147,0.46760344,0.54165551,0.21335867,0.000805553,0.023691365,0.031210985,0
0.756899066,0.429373165,0.550105804,0.384929871,0.541526563,0.208176702,0.006604289,0,0.108228423,0
0.74096579,0.392086579,0.504116346,0.28015749,0.503830855,0.046553545,0.031210985,0,0.181228295,0.000805553
0.67887097,0.319812186,0.424875087,0.154844094,0.432579925,0.038083911,0.108228423,0,0.21335867,0.006604289
0.570235264,0.221984813,0.322115372,0.046888747,0.332956098,0.157425806,0.181228295,0,0.208176702,0.031210985
0.416920384,0.12148518,0.198185993,0.002993463,0.21481898,0.272268742,0.21335867,0.000805553,0.046553545,0.108228423
0.221637744,0.037536667,0.076320581,0,0.099509431,0.284268856,0.208176702,0.006604289,0.038083911,0.181228295
0.057293657,0.001276633,0.011554049,0,0.023984818,0.413445532,0.046553545,0.031210985,0.157425806,0.21335867
3.41114E-05,0,0,0,5.33106E-06,0.277795881,0.038083911,0.108228423,0.272268742,0.208176702
0,0,0,0,0,0.490632147,0.157425806,0.181228295,0.284268856,0.046553545
0,0,0,0,0,0.705119193,0.272268742,0.21335867,0.413445532,0.038083911
0,0,0,0,0,0.729735017,0.284268856,0.208176702,0.277795881,0.157425806
0,0,0,0,0,0.473977864,0.413445532,0.046553545,0.490632147,0.272268742
0,0,0,0,0,0.39414826,0.277795881,0.038083911,0.705119193,0.284268856
0,0,0,0,0,0.158279747,0.490632147,0.157425806,0.729735017,0.413445532
0,0,0,6.97174E-07,0,0.01678979,0.705119193,0.272268742,0.473977864,0.277795881
0,0,0,0.013549298,0,0,0.729735017,0.284268856,0.39414826,0.490632147
0,0,0,0.070179459,0,0,0.473977864,0.413445532,0.158279747,0.705119193
0,0.018367976,0.008699189,0.1649287,0,8.63E-06,0.39414826,0.277795881,0.01678979,0.729735017
0.028168545,0.073878282,0.057796778,0.24537725,0.019176917,0.001798477,0.158279747,0.490632147,0,0.473977864
0.160302325,0.162886631,0.158517318,0.303188768,0.097453136,0.007883409,0.01678979,0.705119193,0,0.39414826
0.362082816,0.264600588,0.276008548,0.349695235,0.226656626,0.060826309,0,0.729735017,8.63E-06,0.158279747
0.530113946,0.345009389,0.359633278,0.369299561,0.344153534,0.082929634,0,0.473977864,0.001798477,0.01678979
0.648287274,0.395807962,0.406551005,0.356433124,0.423652467,0.126735315,8.63E-06,0.39414826,0.007883409,0
0.725233531,0.421341656,0.431033394,0.315890947,0.467690279,0.120160803,0.001798477,0.158279747,0.060826309,0
0.756899066,0.413537762,0.426120426,0.25738533,0.470649699,0.196345687,0.007883409,0.01678979,0.082929634,8.63E-06
0.74096579,0.372044019,0.392856392,0.181499574,0.436196213,0.042470284,0.060826309,0,0.126735315,0.001798477
0.67887097,0.301515608,0.327540149,0.094245247,0.37098972,0.027059507,0.082929634,0,0.120160803,0.007883409
0.570235264,0.211032957,0.243267778,0.026673526,0.283949661,0.093288533,0.126735315,8.63E-06,0.196345687,0.060826309
0.416920384,0.114473305,0.149093864,0.001714032,0.181293397,0.22192809,0.120160803,0.001798477,0.042470284,0.082929634
0.221637744,0.03487298,0.060032846,0,0.082196902,0.241745353,0.196345687,0.007883409,0.027059507,0.126735315
0.057293657,0.001742103,0.010929424,0,0.019225853,0.400600255,0.042470284,0.060826309,0.093288533,0.120160803
3.41114E-05,0,0,0,4.95409E-06,0.241860256,0.027059507,0.082929634,0.22192809,0.196345687
0,0,0,0,0,0.307925165,0.093288533,0.126735315,0.241745353,0.042470284
0,0,0,0,0,0.40150705,0.22192809,0.120160803,0.400600255,0.027059507
0,0,0,0,0,0.336982548,0.241745353,0.196345687,0.241860256,0.093288533
0,0,0,0,0,0.263677031,0.400600255,0.042470284,0.307925165,0.22192809
0,0,0,0,0,0.210722789,0.241860256,0.027059507,0.40150705,0.241745353
0,0,0,0,0,0.112345092,0.307925165,0.093288533,0.336982548,0.400600255
0,0,0,0,0,0.001639137,0.40150705,0.22192809,0.263677031,0.241860256
0,0,0,0.009289247,0,0,0.336982548,0.241745353,0.210722789,0.307925165
0,0,0,0.072100959,0,0,0.263677031,0.400600255,0.112345092,0.40150705
0,0.021596612,0.001614276,0.190405276,0,0.000128058,0.210722789,0.241860256,0.001639137,0.336982548
0.028168545,0.096107401,0.054766203,0.277139654,0.0177531,0.004562072,0.112345092,0.307925165,0,0.263677031
0.160302325,0.208913968,0.182334557,0.331102721,0.099663088,0.022602342,0.001639137,0.40150705,0,0.210722789
0.362082816,0.322561179,0.32461304,0.378329198,0.239711236,0.105624899,0,0.336982548,0.000128058,0.112345092
0.530113946,0.412043789,0.422807408,0.400660292,0.360126451,0.25582251,0,0.263677031,0.004562072,0.001639137
0.648287274,0.468468826,0.475910669,0.392230459,0.435836919,0.31423226,0.000128058,0.210722789,0.022602342,0
0.725233531,0.49205162,0.504584821,0.350881023,0.478373291,0.503690839,0.004562072,0.112345092,0.105624899,0
0.756899066,0.484090573,0.497714406,0.284926348,0.484508526,0.514835596,0.022602342,0.001639137,0.25582251,0.000128058
0.74096579,0.436573502,0.453280358,0.199204372,0.449445168,0.59612453,0.105624899,0,0.31423226,0.004562072
0.67887097,0.351093142,0.376573745,0.107543947,0.378401934,0.388006777,0.25582251,0,0.503690839,0.022602342
0.570235264,0.241245504,0.274951864,0.031123546,0.285959871,0.218310565,0.31423226,0.000128058,0.514835596,0.105624899
0.416920384,0.123367517,0.158785041,0.000395911,0.176977658,0.18425867,0.503690839,0.004562072,0.59612453,0.25582251
0.221637744,0.033417793,0.053587996,0,0.074270379,0.289347678,0.514835596,0.022602342,0.388006777,0.31423226
0.057293657,0.000154151,0.004798177,0,0.014648873,0.503379285,0.59612453,0.105624899,0.218310565,0.503690839
3.41114E-05,0,0,0,0,0.529571176,0.388006777,0.25582251,0.18425867,0.514835596
0,0,0,0,0,0.454184294,0.218310565,0.31423226,0.289347678,0.59612453
0,0,0,0,0,0.355464965,0.18425867,0.503690839,0.503379285,0.388006777
0,0,0,0,0,0.078358375,0.289347678,0.514835596,0.529571176,0.218310565
0,0,0,0,0,0.102655746,0.503379285,0.59612453,0.454184294,0.18425867
0,0,0,0,0,0.044961855,0.529571176,0.388006777,0.355464965,0.289347678
0,0,0,0,0,0.034995705,0.454184294,0.218310565,0.078358375,0.503379285
0,0,0,0,0,0.016045496,0.355464965,0.18425867,0.102655746,0.529571176
0,0,0,0.010365576,0,0.016533742,0.078358375,0.289347678,0.044961855,0.454184294
0,0,0,0.10412263,0,0.140549913,0.102655746,0.503379285,0.034995705,0.355464965
0,0.018129165,9.97578E-06,0.278629414,0,0.289390922,0.044961855,0.529571176,0.016045496,0.078358375
0.028168545,0.098892003,0.065960248,0.407806705,0.024634202,0.541255474,0.034995705,0.454184294,0.016533742,0.102655746
0.160302325,0.224293789,0.221993233,0.480577685,0.1388315,0.379737437,0.016045496,0.355464965,0.140549913,0.044961855
0.362082816,0.335391152,0.379960332,0.525078266,0.316784795,0.275174439,0.016533742,0.078358375,0.289390922,0.034995705
0.530113946,0.404257016,0.473395401,0.530232129,0.455255007,0.26137352,0.140549913,0.102655746,0.541255474,0.016045496
0.648287274,0.44592744,0.519037537,0.502002626,0.539025892,0.320520937,0.289390922,0.044961855,0.379737437,0.016533742
0.725233531,0.46954489,0.53764809,0.437831578,0.580651139,0.418543696,0.541255474,0.034995705,0.275174439,0.140549913
0.756899066,0.458529972,0.520718864,0.351699874,0.575155643,0.305957586,0.379737437,0.016045496,0.26137352,0.289390922
0.74096579,0.405668318,0.467542763,0.239025677,0.526155639,0.126056865,0.275174439,0.016533742,0.320520937,0.541255474
0.67887097,0.308281378,0.379580114,0.10842361,0.438464912,0.043664869,0.26137352,0.140549913,0.418543696,0.379737437
0.570235264,0.191771429,0.266716478,0.022472359,0.328380989,0.038430285,0.320520937,0.289390922,0.305957586,0.275174439
0.416920384,0.078755196,0.138112833,7.08008E-07,0.197238204,0.103357062,0.418543696,0.541255474,0.126056865,0.26137352
0.221637744,0.012112534,0.036178216,0,0.070617725,0.071129255,0.305957586,0.379737437,0.043664869,0.320520937
0.057293657,0,0.000114229,0,0.00858835,0.039146576,0.126056865,0.275174439,0.038430285,0.418543696
3.41114E-05,0,0,0,0,0.003167005,0.043664869,0.26137352,0.103357062,0.305957586
0,0,0,0,0,0.003453474,0.038430285,0.320520937,0.071129255,0.126056865
0,0,0,0,0,0.021056334,0.103357062,0.418543696,0.039146576,0.043664869
0,0,0,0,0,0.070678748,0.071129255,0.305957586,0.003167005,0.038430285
0,0,0,0,0,0.035969567,0.039146576,0.126056865,0.003453474,0.103357062
0,0,0,0,0,0.037962023,0.003167005,0.043664869,0.021056334,0.071129255
0,0,0,0,0,0.007398673,0.003453474,0.038430285,0.070678748,0.039146576
0,0,0,0,0,0.013349064,0.021056334,0.103357062,0.035969567,0.003167005
0,0,0,0.008339044,0,0.034362685,0.070678748,0.071129255,0.037962023,0.003453474
0,0,0,0.125738749,0,0.019799406,0.035969567,0.039146576,0.007398673,0.021056334
0,0.005753611,0,0.342778783,0,0.030918889,0.037962023,0.003167005,0.013349064,0.070678748
0.028168545,0.112826529,0.077506826,0.516879638,0.02556177,0.068072684,0.007398673,0.003453474,0.034362685,0.035969567
0.160302325,0.29605062,0.25839701,0.62658799,0.156097684,0.314440429,0.013349064,0.021056334,0.019799406,0.037962023
0.362082816,0.43061533,0.432675956,0.682536924,0.353591363,0.280867428,0.034362685,0.070678748,0.030918889,0.007398673
0.530113946,0.499194474,0.533182454,0.686536735,0.499175391,0.145291388,0.019799406,0.035969567,0.068072684,0.013349064
0.648287274,0.533077332,0.582899802,0.647163858,0.586025609,0.521374166,0.030918889,0.037962023,0.314440429,0.034362685
0.725233531,0.549128151,0.605466964,0.565915282,0.629005684,0.513739705,0.068072684,0.007398673,0.280867428,0.019799406
0.756899066,0.52604716,0.588487885,0.442333116,0.620883644,0.28644982,0.314440429,0.013349064,0.145291388,0.030918889
0.74096579,0.463501501,0.526844348,0.276098901,0.566066032,0.433134496,0.280867428,0.034362685,0.521374166,0.068072684
0.67887097,0.357537248,0.425540756,0.097498627,0.477118589,0.367067665,0.145291388,0.019799406,0.513739705,0.314440429
0.570235264,0.213653945,0.283684551,0.005894177,0.355129183,0.778759897,0.521374166,0.030918889,0.28644982,0.280867428
0.416920384,0.067541782,0.112683202,0,0.203556536,0.663034439,0.513739705,0.068072684,0.433134496,0.145291388
0.221637744,0.000363079,0.012219102,0,0.062029891,0.325374156,0.28644982,0.314440429,0.367067665,0.521374166
0.057293657,0,0,0,0.000766355,0.382761329,0.433134496,0.280867428,0.778759897,0.513739705
3.41114E-05,0,0,0,0,0.252129823,0.367067665,0.145291388,0.663034439,0.28644982
0,0,0,0,0,0.153479397,0.778759897,0.521374166,0.325374156,0.433134496
0,0,0,0,0,0.310158074,0.663034439,0.513739705,0.382761329,0.367067665
0,0,0,0,0,0.242982879,0.325374156,0.28644982,0.252129823,0.778759897
0,0,0,0,0,0.119204625,0.382761329,0.433134496,0.153479397,0.663034439
0,0,0,0,0,0.133884028,0.252129823,0.367067665,0.310158074,0.325374156
0,0,0,0,0,0.011393173,0.153479397,0.778759897,0.242982879,0.382761329
0,0,0,0,0,0.033982676,0.310158074,0.663034439,0.119204625,0.252129823
0,0,0,0.001096135,0,0.007599392,0.242982879,0.325374156,0.133884028,0.153479397
0,0,0,0.107148217,0,0.000201183,0.119204625,0.382761329,0.011393173,0.310158074
0,0,0,0.329040347,0,0.000827106,0.133884028,0.252129823,0.033982676,0.242982879
0.028168545,0.109948012,0.051050887,0.517244325,0.008493476,0.047043238,0.011393173,0.153479397,0.007599392,0.119204625
0.160302325,0.328276278,0.221020596,0.630445419,0.147571789,0.250209123,0.033982676,0.310158074,0.000201183,0.133884028
0.362082816,0.500389856,0.4235184,0.687481075,0.380535076,0.300504327,0.007599392,0.242982879,0.000827106,0.011393173
0.530113946,0.582692407,0.553563866,0.695377762,0.530433368,0.331195533,0.000201183,0.119204625,0.047043238,0.033982676
0.648287274,0.619939029,0.625051986,0.661083169,0.610164795,0.341275811,0.000827106,0.133884028,0.250209123,0.007599392
0.725233531,0.636590034,0.650565976,0.581190504,0.649094112,0.379422694,0.047043238,0.011393173,0.300504327,0.000201183
0.756899066,0.608664542,0.631141084,0.450220806,0.640143269,0.458454221,0.250209123,0.033982676,0.331195533,0.000827106
0.74096579,0.533595096,0.566111088,0.265459406,0.589878402,0.539608121,0.300504327,0.007599392,0.341275811,0.047043238
0.67887097,0.406246521,0.444986446,0.079720202,0.502673365,0.387109876,0.331195533,0.000201183,0.379422694,0.250209123
0.570235264,0.214778245,0.268523736,0.000288221,0.376077865,0.384096384,0.341275811,0.000827106,0.458454221,0.300504327
0.416920384,0.0507441,0.084389002,0,0.21685208,0.397535443,0.379422694,0.047043238,0.539608121,0.331195533
0.221637744,0,0.000352542,0,0.065806525,0.418081105,0.458454221,0.250209123,0.387109876,0.341275811
0.057293657,0,0,0,0,0.333194613,0.539608121,0.300504327,0.384096384,0.379422694
3.41114E-05,0,0,0,0,0.276879579,0.387109876,0.331195533,0.397535443,0.458454221
0,0,0,0,0,0.244051546,0.384096384,0.341275811,0.418081105,0.539608121
0,0,0,0,0,0.192367882,0.397535443,0.379422694,0.333194613,0.387109876
0,0,0,0,0,0.272683501,0.418081105,0.458454221,0.276879579,0.384096384
0,0,0,0,0,0.283660501,0.333194613,0.539608121,0.244051546,0.397535443
0,0,0,0,0,0.157052442,0.276879579,0.387109876,0.192367882,0.418081105
0,0,0,0,0,0.132157028,0.244051546,0.384096384,0.272683501,0.333194613
0,0,0,0,0,0.043802667,0.192367882,0.397535443,0.283660501,0.276879579
0,0,0,0,0,0.101118177,0.272683501,0.418081105,0.157052442,0.244051546
0,0,0,0.055830753,0,0.227208167,0.283660501,0.333194613,0.132157028,0.192367882
0,0,0,0.244582415,0,0.120207287,0.157052442,0.276879579,0.043802667,0.272683501
0.028168545,0.064766638,0.004242237,0.450991233,0.00006223,0.066363715,0.132157028,0.244051546,0.101118177,0.283660501
0.160302325,0.255268649,0.135981336,0.572971741,0.108882234,0.090688176,0.043802667,0.192367882,0.227208167,0.157052442
0.362082816,0.453660127,0.354738922,0.641610296,0.329000576,0.111269347,0.101118177,0.272683501,0.120207287,0.132157028
0.530113946,0.542779921,0.46872776,0.660908146,0.488560151,0.111813799,0.227208167,0.283660501,0.066363715,0.043802667
0.648287274,0.584379829,0.526999394,0.637427114,0.575258615,0.196320966,0.120207287,0.157052442,0.090688176,0.101118177
0.725233531,0.610835519,0.57363402,0.566945239,0.625140117,0.204347074,0.066363715,0.132157028,0.111269347,0.227208167
0.756899066,0.591498424,0.575769929,0.445826035,0.627792799,0.301909328,0.090688176,0.043802667,0.111813799,0.120207287
0.74096579,0.522767137,0.528135535,0.27544807,0.588121505,0.133996278,0.111269347,0.101118177,0.196320966,0.066363715
0.67887097,0.398029936,0.418195272,0.091087146,0.507992297,0.183802783,0.111813799,0.227208167,0.204347074,0.090688176
0.570235264,0.214457839,0.262842486,0.001916967,0.38945216,0.054837544,0.196320966,0.120207287,0.301909328,0.111269347
0.416920384,0.053774111,0.090474622,0,0.242685424,0.105562799,0.204347074,0.066363715,0.133996278,0.111813799
0.221637744,0,0.001099239,0,0.082892423,0.023596177,0.301909328,0.090688176,0.183802783,0.196320966
0.057293657,0,0,0,0.000256649,0.104316622,0.133996278,0.111269347,0.054837544,0.204347074
3.41114E-05,0,0,0,0,0.330290169,0.183802783,0.111813799,0.105562799,0.301909328
0,0,0,0,0,0.253783405,0.054837544,0.196320966,0.023596177,0.133996278
0,0,0,0,0,0.221085504,0.105562799,0.204347074,0.104316622,0.183802783
0,0,0,0,0,0.193687379,0.023596177,0.301909328,0.330290169,0.054837544
0,0,0,0,0,0.042915773,0.104316622,0.133996278,0.253783405,0.105562799
0,0,0,0,0,0.010341197,0.330290169,0.183802783,0.221085504,0.023596177
0,0,0,0,0,0.001711228,0.253783405,0.054837544,0.193687379,0.104316622
0,0,0,0,0,0.034381524,0.221085504,0.105562799,0.042915773,0.330290169
0,0,0,0,0,0,0.193687379,0.023596177,0.010341197,0.253783405
0,0,0,0.036124838,0,0,0.042915773,0.104316622,0.001711228,0.221085504
0,0,0,0.227561325,0,1.50E-05,0.010341197,0.330290169,0.034381524,0.193687379
0.028168545,0.0412833,3.87821E-07,0.474633847,0,0.041692596,0.001711228,0.253783405,0,0.042915773
0.160302325,0.21719522,0.123562505,0.621990347,0.099302754,0.077154204,0.034381524,0.221085504,0,0.010341197
0.362082816,0.437239152,0.350346208,0.703798963,0.322716078,0.035880689,0,0.193687379,1.50E-05,0.001711228
0.530113946,0.555174385,0.470659642,0.73605817,0.515044317,0.015943432,0,0.042915773,0.041692596,0.034381524
0.648287274,0.618641955,0.530772992,0.727632665,0.630605142,0.008392425,1.50E-05,0.010341197,0.077154204,0
0.725233531,0.654165025,0.593863891,0.67469884,0.697638048,0.029764967,0.041692596,0.001711228,0.035880689,0
0.756899066,0.644009549,0.61795828,0.57147126,0.716580655,0.111592561,0.077154204,0.034381524,0.015943432,1.50E-05
0.74096579,0.584443909,0.591373309,0.40257636,0.694481821,0.156972036,0.035880689,0,0.008392425,0.041692596
0.67887097,0.461943299,0.497196321,0.167484634,0.629024793,0.267197847,0.015943432,0,0.029764967,0.077154204
0.570235264,0.279176191,0.34426557,0.018261165,0.517746087,0.145903364,0.008392425,1.50E-05,0.111592561,0.035880689
0.416920384,0.087129579,0.143554844,0,0.350324394,0.283807397,0.029764967,0.041692596,0.156972036,0.015943432
0.221637744,9.21049E-05,0.016104115,0,0.13445333,0.288187593,0.111592561,0.077154204,0.267197847,0.008392425
0.057293657,0,0,0,0.009415295,0.590240538,0.156972036,0.035880689,0.145903364,0.029764967
3.41114E-05,0,0,0,0,0.582544029,0.267197847,0.015943432,0.283807397,0.111592561
0,0,0,0,0,0.302170753,0.145903364,0.008392425,0.288187593,0.156972036
0,0,0,0,0,0.286094427,0.283807397,0.029764967,0.590240538,0.267197847
0,0,0,0,0,0.074887499,0.288187593,0.111592561,0.582544029,0.145903364
0,0,0,0,0,0.05070845,0.590240538,0.156972036,0.302170753,0.283807397
0,0,0,0,0,0.093052447,0.582544029,0.267197847,0.286094427,0.288187593
0,0,0,0,0,0.016381228,0.302170753,0.145903364,0.074887499,0.590240538
0,0,0,0,0,0.022523446,0.286094427,0.283807397,0.05070845,0.582544029
0,0,0,0,0,0.009355896,0.074887499,0.288187593,0.093052447,0.302170753
0,0,0,0.059198695,0,0.034425445,0.05070845,0.590240538,0.016381228,0.286094427
0,0,0,0.260889475,0,0.0018138,0.093052447,0.582544029,0.022523446,0.074887499
0.028168545,0.06350896,0.008823963,0.494000346,8.97956E-06,0.002159699,0.016381228,0.302170753,0.009355896,0.05070845
0.160302325,0.226344513,0.148806513,0.640014732,0.107371269,0.003869956,0.022523446,0.286094427,0.034425445,0.093052447
0.362082816,0.399621076,0.382050465,0.724162328,0.345519128,0.016246825,0.009355896,0.074887499,0.0018138,0.016381228
0.530113946,0.506024334,0.537776593,0.760361472,0.549781914,0.005882255,0.034425445,0.05070845,0.002159699,0.022523446
0.648287274,0.564421175,0.630873886,0.753486574,0.672936237,0.031462912,0.0018138,0.093052447,0.003869956,0.009355896
0.725233531,0.593604255,0.68064409,0.702994787,0.747078476,0.015760731,0.002159699,0.016381228,0.016246825,0.034425445
0.756899066,0.587792531,0.687478942,0.607318086,0.773695645,0.005054868,0.003869956,0.022523446,0.005882255,0.0018138
0.74096579,0.535570515,0.650252901,0.450924309,0.755049595,0.005392881,0.016246825,0.009355896,0.031462912,0.002159699
0.67887097,0.420190117,0.557936247,0.221824347,0.691801778,0.002814593,0.005882255,0.034425445,0.015760731,0.003869956
0.570235264,0.261012072,0.410027556,0.044805602,0.585818496,0.069785863,0.031462912,0.0018138,0.005054868,0.016246825
0.416920384,0.091215323,0.208916103,0,0.423246743,0.0666053,0.015760731,0.002159699,0.005392881,0.005882255
0.221637744,0.004193493,0.048571953,0,0.193411402,0.176876739,0.005054868,0.003869956,0.002814593,0.031462912
0.057293657,0,0,0,0.03130264,0.161004126,0.005392881,0.016246825,0.069785863,0.015760731
3.41114E-05,0,0,0,0,0.285567135,0.002814593,0.005882255,0.0666053,0.005054868
0,0,0,0,0,0.273140132,0.069785863,0.031462912,0.176876739,0.005392881
0,0,0,0,0,0.239680111,0.0666053,0.015760731,0.161004126,0.002814593
0,0,0,0,0,0.070996091,0.176876739,0.005054868,0.285567135,0.069785863
0,0,0,0,0,0.115568019,0.161004126,0.005392881,0.273140132,0.0666053
0,0,0,0,0,0.074018136,0.285567135,0.002814593,0.239680111,0.176876739
0,0,0,0,0,0.056282833,0.273140132,0.069785863,0.070996091,0.161004126
0,0,0,0,0,0.073430419,0.239680111,0.0666053,0.115568019,0.285567135
0,0,0,0.003188397,0,0.109882452,0.070996091,0.176876739,0.074018136,0.273140132
0,0,0,0.109267752,0,0.127836406,0.115568019,0.161004126,0.056282833,0.239680111
0,0.002818922,0,0.338044572,0,0.399576813,0.074018136,0.285567135,0.073430419,0.070996091
0.028168545,0.097517573,0.064778894,0.544852225,0.006130837,0.399978071,0.056282833,0.273140132,0.109882452,0.115568019
0.160302325,0.274908586,0.24802122,0.678220947,0.140814396,0.30920577,0.073430419,0.239680111,0.127836406,0.074018136
0.362082816,0.421797906,0.453188661,0.757915152,0.385471322,0.289571136,0.109882452,0.070996091,0.399576813,0.056282833
0.530113946,0.509333356,0.591517346,0.791492929,0.569509923,0.364803046,0.127836406,0.115568019,0.399978071,0.073430419
0.648287274,0.559454539,0.678417539,0.782322524,0.684429851,0.467926979,0.399576813,0.074018136,0.30920577,0.109882452
0.725233531,0.584622242,0.722725413,0.728302747,0.751421627,0.395772547,0.399978071,0.056282833,0.289571136,0.127836406
0.756899066,0.574000643,0.726041432,0.62888002,0.768361416,0.284413368,0.30920577,0.073430419,0.364803046,0.399576813
0.74096579,0.51615533,0.68809343,0.473381589,0.738304208,0.196736366,0.289571136,0.109882452,0.467926979,0.399978071
0.67887097,0.407322889,0.597813196,0.250336495,0.665766586,0.229927734,0.364803046,0.127836406,0.395772547,0.30920577
0.570235264,0.260508761,0.456730347,0.060944371,0.553962919,0.123212859,0.467926979,0.399576813,0.284413368,0.289571136
0.416920384,0.102553694,0.26401039,1.38311E-06,0.390631997,0.19017683,0.395772547,0.399978071,0.196736366,0.364803046
0.221637744,0.014300045,0.077175757,0,0.177615609,0.244431376,0.284413368,0.30920577,0.229927734,0.467926979
0.057293657,0,1.34011E-05,0,0.030836673,0.471965581,0.196736366,0.289571136,0.123212859,0.395772547
3.41114E-05,0,0,0,0,0.353673667,0.229927734,0.364803046,0.19017683,0.284413368
0,0,0,0,0,0.360325724,0.123212859,0.467926979,0.244431376,0.196736366
0,0,0,0,0,0.216602579,0.19017683,0.395772547,0.471965581,0.229927734
0,0,0,0,0,0.126544148,0.244431376,0.284413368,0.353673667,0.123212859
0,0,0,0,0,0.242051288,0.471965581,0.196736366,0.360325724,0.19017683
0,0,0,0,0,0.142886966,0.353673667,0.229927734,0.216602579,0.244431376
0,0,0,0,0,0.132892072,0.360325724,0.123212859,0.126544148,0.471965581
0,0,0,0,0,0.126402855,0.216602579,0.19017683,0.242051288,0.353673667
0,0,0,0.025073524,0,0.01830167,0.126544148,0.244431376,0.142886966,0.360325724
0,0,0,0.167213774,0,0.107587367,0.242051288,0.471965581,0.132892072,0.216602579
0,0.037532443,0.003868023,0.390428629,0,0.160127416,0.142886966,0.353673667,0.126402855,0.126544148
0.028168545,0.140088176,0.101290592,0.568145263,0.041892604,0.283060223,0.132892072,0.360325724,0.01830167,0.242051288
0.160302325,0.26583767,0.294546236,0.68711925,0.197856604,0.381335676,0.126402855,0.216602579,0.107587367,0.142886966
0.362082816,0.377160786,0.469067997,0.758916818,0.408958317,0.364586264,0.01830167,0.126544148,0.160127416,0.132892072
0.530113946,0.447654768,0.578649811,0.783747726,0.567525801,0.619695604,0.107587367,0.242051288,0.283060223,0.126402855
0.648287274,0.48532939,0.644331343,0.762441927,0.67165112,0.63337332,0.160127416,0.142886966,0.381335676,0.01830167
0.725233531,0.506184212,0.685036796,0.698253468,0.73352516,0.618000209,0.283060223,0.132892072,0.364586264,0.107587367
0.756899066,0.498039613,0.683616935,0.596198017,0.745181335,0.244529888,0.381335676,0.126402855,0.619695604,0.160127416
0.74096579,0.446905322,0.634604094,0.450350691,0.702036772,0.195783824,0.364586264,0.01830167,0.63337332,0.283060223
0.67887097,0.35310421,0.539979251,0.250833166,0.612361932,0.586894929,0.619695604,0.107587367,0.618000209,0.381335676
0.570235264,0.230271213,0.40483065,0.068891904,0.487108263,0.472549558,0.63337332,0.160127416,0.244529888,0.364586264
0.416920384,0.103127727,0.236368341,0.000116228,0.326528888,0.230774373,0.618000209,0.283060223,0.195783824,0.619695604
0.221637744,0.022464273,0.074067777,0,0.143563538,0.132627517,0.244529888,0.381335676,0.586894929,0.63337332
0.057293657,0,0.000948928,0,0.025041943,0.113450259,0.195783824,0.364586264,0.472549558,0.618000209
3.41114E-05,0,0,0,0,0.114617229,0.586894929,0.619695604,0.230774373,0.244529888
0,0,0,0,0,0.207696021,0.472549558,0.63337332,0.132627517,0.195783824
0,0,0,0,0,0.148614228,0.230774373,0.618000209,0.113450259,0.586894929
0,0,0,0,0,0.097034618,0.132627517,0.244529888,0.114617229,0.472549558
0,0,0,0,0,0.209927708,0.113450259,0.195783824,0.207696021,0.230774373
0,0,0,0,0,0.174020171,0.114617229,0.586894929,0.148614228,0.132627517
0,0,0,0,0,0.314936489,0.207696021,0.472549558,0.097034618,0.113450259
0,0,0,4.61733E-05,0,0.292809844,0.148614228,0.230774373,0.209927708,0.114617229
0,0,0,0.051132897,0,0.186199233,0.097034618,0.132627517,0.174020171,0.207696021
0,1.48304E-05,0,0.201223075,0,0.202599376,0.209927708,0.113450259,0.314936489,0.148614228
0,0.041901765,0.031332117,0.390759057,0,0.200131163,0.174020171,0.114617229,0.292809844,0.097034618
0.028168545,0.137421175,0.139127236,0.542294478,0.047171215,0.05832614,0.314936489,0.207696021,0.186199233,0.209927708
0.160302325,0.242002969,0.297028066,0.648332113,0.187775675,0.094109371,0.292809844,0.148614228,0.202599376,0.174020171
0.362082816,0.338567293,0.445079902,0.716780582,0.367188644,0.303809166,0.186199233,0.097034618,0.200131163,0.314936489
0.530113946,0.401563541,0.543373462,0.738765045,0.510468614,0.459728628,0.202599376,0.209927708,0.05832614,0.292809844
0.648287274,0.436941314,0.603885151,0.712781336,0.608344035,0.540687442,0.200131163,0.174020171,0.094109371,0.186199233
0.725233531,0.462796942,0.640312384,0.645864238,0.666862404,0.586183071,0.05832614,0.314936489,0.303809166,0.202599376
0.756899066,0.459183438,0.637826805,0.546613672,0.676640003,0.355960101,0.094109371,0.292809844,0.459728628,0.200131163
0.74096579,0.413408086,0.591346389,0.412264722,0.63468312,0.315132469,0.303809166,0.186199233,0.540687442,0.05832614
0.67887097,0.329442766,0.502125418,0.237827855,0.547155048,0.234038472,0.459728628,0.202599376,0.586183071,0.094109371
0.570235264,0.222679736,0.380468501,0.072066607,0.426888148,0.293904573,0.540687442,0.200131163,0.355960101,0.303809166
0.416920384,0.114757868,0.228503579,0.001617507,0.281131836,0.382402629,0.586183071,0.05832614,0.315132469,0.459728628
0.221637744,0.032010288,0.078080236,0,0.125623376,0.580520868,0.355960101,0.094109371,0.234038472,0.540687442
0.057293657,0.000034643,0.005393065,0,0.024670557,0.818632782,0.315132469,0.303809166,0.293904573,0.586183071
3.41114E-05,0,0,0,0,0.978559017,0.234038472,0.459728628,0.382402629,0.355960101
0,0,0,0,0,0.961884379,0.293904573,0.540687442,0.580520868,0.315132469
0,0,0,0,0,0.752006114,0.382402629,0.586183071,0.818632782,0.234038472
0,0,0,0,0,0.874781072,0.580520868,0.355960101,0.978559017,0.293904573
0,0,0,0,0,0.860222816,0.818632782,0.315132469,0.961884379,0.382402629
0,0,0,0,0,0.766930223,0.978559017,0.234038472,0.752006114,0.580520868
0,0,0,0,0,0.230843693,0.961884379,0.293904573,0.874781072,0.818632782
0,0,0,9.70967E-05,0,0.094851144,0.752006114,0.382402629,0.860222816,0.978559017
0,0,0,0.036548051,0,0.000403887,0.874781072,0.580520868,0.766930223,0.961884379
0,7.14015E-05,0,0.143809314,0,0.006633508,0.860222816,0.818632782,0.230843693,0.752006114
0,0.031869727,0.025743095,0.289325059,0,0,0.766930223,0.978559017,0.094851144,0.874781072
0.028168545,0.10870986,0.110508646,0.404995217,0.02963198,0,0.230843693,0.961884379,0.000403887,0.860222816
0.160302325,0.206185735,0.245873715,0.485059818,0.135438419,0.000161327,0.094851144,0.752006114,0.006633508,0.766930223
0.362082816,0.305360592,0.384765591,0.540685957,0.287872523,0.011545807,0.000403887,0.874781072,0,0.230843693
0.530113946,0.37405333,0.478454849,0.551912019,0.413572375,0.041686255,0.006633508,0.860222816,0,0.094851144
0.648287274,0.412433023,0.533131936,0.52513961,0.496553231,0.032986369,0,0.766930223,0.000161327,0.000403887
0.725233531,0.434805188,0.560503147,0.46760344,0.54165551,0.007408181,0,0.230843693,0.011545807,0.006633508
0.756899066,0.429373165,0.550105804,0.384929871,0.541526563,0.000381669,0.000161327,0.094851144,0.041686255,0
0.74096579,0.392086579,0.504116346,0.28015749,0.503830855,0.021889277,0.011545807,0.000403887,0.032986369,0
0.67887097,0.319812186,0.424875087,0.154844094,0.432579925,0.021195799,0.041686255,0.006633508,0.007408181,0.000161327
0.570235264,0.221984813,0.322115372,0.046888747,0.332956098,0.015727788,0.032986369,0,0.000381669,0.011545807
0.416920384,0.12148518,0.198185993,0.002993463,0.21481898,0.060590435,0.007408181,0,0.021889277,0.041686255
0.221637744,0.037536667,0.076320581,0,0.099509431,0.023242721,0.000381669,0.000161327,0.021195799,0.032986369
0.057293657,0.001276633,0.011554049,0,0.023984818,0.0072796,0.021889277,0.011545807,0.015727788,0.007408181
3.41114E-05,0,0,0,5.33106E-06,0.024488203,0.021195799,0.041686255,0.060590435,0.000381669
0,0,0,0,0,0.005497254,0.015727788,0.032986369,0.023242721,0.021889277
0,0,0,0,0,0.000441103,0.060590435,0.007408181,0.0072796,0.021195799
0,0,0,0,0,0.000736618,0.023242721,0.000381669,0.024488203,0.015727788
0,0,0,0,0,0.013448789,0.0072796,0.021889277,0.005497254,0.060590435
0,0,0,0,0,0.001552999,0.024488203,0.021195799,0.000441103,0.023242721
0,0,0,0,0,0.016414369,0.005497254,0.015727788,0.000736618,0.0072796
0,0,0,6.97174E-07,0,0.005320419,0.000441103,0.060590435,0.013448789,0.024488203
0,0,0,0.013549298,0,0,0.000736618,0.023242721,0.001552999,0.005497254
0,0,0,0.070179459,0,0,0.013448789,0.0072796,0.016414369,0.000441103
0,0.018367976,0.008699189,0.1649287,0,0,0.001552999,0.024488203,0.005320419,0.000736618
0.028168545,0.073878282,0.057796778,0.24537725,0.019176917,0,0.016414369,0.005497254,0,0.013448789
0.160302325,0.162886631,0.158517318,0.303188768,0.097453136,0.000754692,0.005320419,0.000441103,0,0.001552999
0.362082816,0.264600588,0.276008548,0.349695235,0.226656626,0.038070913,0,0.000736618,0,0.016414369
0.530113946,0.345009389,0.359633278,0.369299561,0.344153534,0.06807334,0,0.013448789,0,0.005320419
0.648287274,0.395807962,0.406551005,0.356433124,0.423652467,0.120829791,0,0.001552999,0.000754692,0
0.725233531,0.421341656,0.431033394,0.315890947,0.467690279,0.122325301,0,0.016414369,0.038070913,0
0.756899066,0.413537762,0.426120426,0.25738533,0.470649699,0.214777768,0.000754692,0.005320419,0.06807334,0
0.74096579,0.372044019,0.392856392,0.181499574,0.436196213,0.103976943,0.038070913,0,0.120829791,0
0.67887097,0.301515608,0.327540149,0.094245247,0.37098972,0.146478951,0.06807334,0,0.122325301,0.000754692
0.570235264,0.211032957,0.243267778,0.026673526,0.283949661,0.081246406,0.120829791,0,0.214777768,0.038070913
0.416920384,0.114473305,0.149093864,0.001714032,0.181293397,0.099981464,0.122325301,0,0.103976943,0.06807334
0.221637744,0.03487298,0.060032846,0,0.082196902,0.121285483,0.214777768,0.000754692,0.146478951,0.120829791
0.057293657,0.001742103,0.010929424,0,0.019225853,0.345799059,0.103976943,0.038070913,0.081246406,0.122325301
3.41114E-05,0,0,0,4.95409E-06,0.358311385,0.146478951,0.06807334,0.099981464,0.214777768
0,0,0,0,0,0.194117829,0.081246406,0.120829791,0.121285483,0.103976943
0,0,0,0,0,0.110107139,0.099981464,0.122325301,0.345799059,0.146478951
0,0,0,0,0,0.081565939,0.121285483,0.214777768,0.358311385,0.081246406
0,0,0,0,0,0.281551629,0.345799059,0.103976943,0.194117829,0.099981464
0,0,0,0,0,0.279634416,0.358311385,0.146478951,0.110107139,0.121285483
0,0,0,0,0,0.212583974,0.194117829,0.081246406,0.081565939,0.345799059
0,0,0,0,0,0.361322314,0.110107139,0.099981464,0.281551629,0.358311385
0,0,0,0.009289247,0,0.274970293,0.081565939,0.121285483,0.279634416,0.194117829
0,0,0,0.072100959,0,0.310066044,0.281551629,0.345799059,0.212583974,0.110107139
0,0.021596612,0.001614276,0.190405276,0,0.549035251,0.279634416,0.358311385,0.361322314,0.081565939
0.028168545,0.096107401,0.054766203,0.277139654,0.0177531,0.357780188,0.212583974,0.194117829,0.274970293,0.281551629
0.160302325,0.208913968,0.182334557,0.331102721,0.099663088,0.297160596,0.361322314,0.110107139,0.310066044,0.279634416
0.362082816,0.322561179,0.32461304,0.378329198,0.239711236,0.308325291,0.274970293,0.081565939,0.549035251,0.212583974
0.530113946,0.412043789,0.422807408,0.400660292,0.360126451,0.118818954,0.310066044,0.281551629,0.357780188,0.361322314
0.648287274,0.468468826,0.475910669,0.392230459,0.435836919,0.116064131,0.549035251,0.279634416,0.297160596,0.274970293
0.725233531,0.49205162,0.504584821,0.350881023,0.478373291,0.126575261,0.357780188,0.212583974,0.308325291,0.310066044
0.756899066,0.484090573,0.497714406,0.284926348,0.484508526,0.059000582,0.297160596,0.361322314,0.118818954,0.549035251
0.74096579,0.436573502,0.453280358,0.199204372,0.449445168,0.057932265,0.308325291,0.274970293,0.116064131,0.357780188
0.67887097,0.351093142,0.376573745,0.107543947,0.378401934,0.058630191,0.118818954,0.310066044,0.126575261,0.297160596
0.570235264,0.241245504,0.274951864,0.031123546,0.285959871,0.168209702,0.116064131,0.549035251,0.059000582,0.308325291
0.416920384,0.123367517,0.158785041,0.000395911,0.176977658,0.110391833,0.126575261,0.357780188,0.057932265,0.118818954
0.221637744,0.033417793,0.053587996,0,0.074270379,0.112563834,0.059000582,0.297160596,0.058630191,0.116064131
0.057293657,0.000154151,0.004798177,0,0.014648873,0.187843025,0.057932265,0.308325291,0.168209702,0.126575261
3.41114E-05,0,0,0,0,0.191884756,0.058630191,0.118818954,0.110391833,0.059000582
0,0,0,0,0,0.289943606,0.168209702,0.116064131,0.112563834,0.057932265
0,0,0,0,0,0.18661052,0.110391833,0.126575261,0.187843025,0.058630191
0,0,0,0,0,0.261437118,0.112563834,0.059000582,0.191884756,0.168209702
0,0,0,0,0,0.285387605,0.187843025,0.057932265,0.289943606,0.110391833
0,0,0,0,0,0.183640614,0.191884756,0.058630191,0.18661052,0.112563834
0,0,0,0,0,0.059578352,0.289943606,0.168209702,0.261437118,0.187843025
0,0,0,0,0,0.02105093,0.18661052,0.110391833,0.285387605,0.191884756
0,0,0,0.010365576,0,0.000327676,0.261437118,0.112563834,0.183640614,0.289943606
0,0,0,0.10412263,0,0,0.285387605,0.187843025,0.059578352,0.18661052
0,0.018129165,9.97578E-06,0.278629414,0,0,0.183640614,0.191884756,0.02105093,0.261437118
0.028168545,0.098892003,0.065960248,0.407806705,0.024634202,0,0.059578352,0.289943606,0.000327676,0.285387605
0.160302325,0.224293789,0.221993233,0.480577685,0.1388315,4.64E-05,0.02105093,0.18661052,0,0.183640614
0.362082816,0.335391152,0.379960332,0.525078266,0.316784795,0.000644455,0.000327676,0.261437118,0,0.059578352
0.530113946,0.404257016,0.473395401,0.530232129,0.455255007,0.012756106,0,0.285387605,0,0.02105093
0.648287274,0.44592744,0.519037537,0.502002626,0.539025892,0.039040573,0,0.183640614,4.64E-05,0.000327676
0.725233531,0.46954489,0.53764809,0.437831578,0.580651139,0.091524944,0,0.059578352,0.000644455,0
0.756899066,0.458529972,0.520718864,0.351699874,0.575155643,0.114686362,4.64E-05,0.02105093,0.012756106,0
0.74096579,0.405668318,0.467542763,0.239025677,0.526155639,0.176582024,0.000644455,0.000327676,0.039040573,0
0.67887097,0.308281378,0.379580114,0.10842361,0.438464912,0.210110322,0.012756106,0,0.091524944,4.64E-05
0.570235264,0.191771429,0.266716478,0.022472359,0.328380989,0.243104339,0.039040573,0,0.114686362,0.000644455
0.416920384,0.078755196,0.138112833,7.08008E-07,0.197238204,0.420706183,0.091524944,0,0.176582024,0.012756106
0.221637744,0.012112534,0.036178216,0,0.070617725,0.370098799,0.114686362,4.64E-05,0.210110322,0.039040573
0.057293657,0,0.000114229,0,0.00858835,0.790265799,0.176582024,0.000644455,0.243104339,0.091524944
3.41114E-05,0,0,0,0,0.661855102,0.210110322,0.012756106,0.420706183,0.114686362
0,0,0,0,0,0.717997789,0.243104339,0.039040573,0.370098799,0.176582024
0,0,0,0,0,0.733835995,0.420706183,0.091524944,0.790265799,0.210110322
0,0,0,0,0,0.524593949,0.370098799,0.114686362,0.661855102,0.243104339
0,0,0,0,0,0.374724686,0.790265799,0.176582024,0.717997789,0.420706183
0,0,0,0,0,0.147474244,0.661855102,0.210110322,0.733835995,0.370098799
0,0,0,0,0,0.116236642,0.717997789,0.243104339,0.524593949,0.790265799
0,0,0,0,0,0.10792923,0.733835995,0.420706183,0.374724686,0.661855102
0,0,0,0.008339044,0,0.014900561,0.524593949,0.370098799,0.147474244,0.717997789
0,0,0,0.125738749,0,0.000839952,0.374724686,0.790265799,0.116236642,0.733835995
0,0.005753611,0,0.342778783,0,0.000334627,0.147474244,0.661855102,0.10792923,0.524593949
0.028168545,0.112826529,0.077506826,0.516879638,0.02556177,0.001384574,0.116236642,0.717997789,0.014900561,0.374724686
0.160302325,0.29605062,0.25839701,0.62658799,0.156097684,0.006068298,0.10792923,0.733835995,0.000839952,0.147474244
0.362082816,0.43061533,0.432675956,0.682536924,0.353591363,0.02413255,0.014900561,0.524593949,0.000334627,0.116236642
0.530113946,0.499194474,0.533182454,0.686536735,0.499175391,0.043813463,0.000839952,0.374724686,0.001384574,0.10792923
0.648287274,0.533077332,0.582899802,0.647163858,0.586025609,0.134383693,0.000334627,0.147474244,0.006068298,0.014900561
0.725233531,0.549128151,0.605466964,0.565915282,0.629005684,0.183430493,0.001384574,0.116236642,0.02413255,0.000839952
0.756899066,0.52604716,0.588487885,0.442333116,0.620883644,0.107053183,0.006068298,0.10792923,0.043813463,0.000334627
0.74096579,0.463501501,0.526844348,0.276098901,0.566066032,0.127708003,0.02413255,0.014900561,0.134383693,0.001384574
0.67887097,0.357537248,0.425540756,0.097498627,0.477118589,0.133422852,0.043813463,0.000839952,0.183430493,0.006068298
0.570235264,0.213653945,0.283684551,0.005894177,0.355129183,0.285129964,0.134383693,0.000334627,0.107053183,0.02413255
0.416920384,0.067541782,0.112683202,0,0.203556536,0.283379018,0.183430493,0.001384574,0.127708003,0.043813463
0.221637744,0.000363079,0.012219102,0,0.062029891,0.159851655,0.107053183,0.006068298,0.133422852,0.134383693
0.057293657,0,0,0,0.000766355,0.57962507,0.127708003,0.02413255,0.285129964,0.183430493
3.41114E-05,0,0,0,0,0.754561901,0.133422852,0.043813463,0.283379018,0.107053183
0,0,0,0,0,0.611357749,0.285129964,0.134383693,0.159851655,0.127708003
0,0,0,0,0,0.372281522,0.283379018,0.183430493,0.57962507,0.133422852
0,0,0,0,0,0.250736982,0.159851655,0.107053183,0.754561901,0.285129964
0,0,0,0,0,0.109799281,0.57962507,0.127708003,0.611357749,0.283379018
0,0,0,0,0,0.101276971,0.754561901,0.133422852,0.372281522,0.159851655
0,0,0,0,0,0.134444043,0.611357749,0.285129964,0.250736982,0.57962507
0,0,0,0,0,0.163690537,0.372281522,0.283379018,0.109799281,0.754561901
0,0,0,0.001096135,0,0.003203062,0.250736982,0.159851655,0.101276971,0.611357749
0,0,0,0.107148217,0,0,0.109799281,0.57962507,0.134444043,0.372281522
0,0,0,0.329040347,0,0,0.101276971,0.754561901,0.163690537,0.250736982
0.028168545,0.109948012,0.051050887,0.517244325,0.008493476,0,0.134444043,0.611357749,0.003203062,0.109799281
0.160302325,0.328276278,0.221020596,0.630445419,0.147571789,0.000301063,0.163690537,0.372281522,0,0.101276971
0.362082816,0.500389856,0.4235184,0.687481075,0.380535076,0.011065927,0.003203062,0.250736982,0,0.134444043
0.530113946,0.582692407,0.553563866,0.695377762,0.530433368,0.037177719,0,0.109799281,0,0.163690537
0.648287274,0.619939029,0.625051986,0.661083169,0.610164795,0.055280887,0,0.101276971,0.000301063,0.003203062
0.725233531,0.636590034,0.650565976,0.581190504,0.649094112,0.14146091,0,0.134444043,0.011065927,0
0.756899066,0.608664542,0.631141084,0.450220806,0.640143269,0.155148029,0.000301063,0.163690537,0.037177719,0
0.74096579,0.533595096,0.566111088,0.265459406,0.589878402,0.02911645,0.011065927,0.003203062,0.055280887,0
0.67887097,0.406246521,0.444986446,0.079720202,0.502673365,0.020586953,0.037177719,0,0.14146091,0.000301063
0.570235264,0.214778245,0.268523736,0.000288221,0.376077865,0.017006775,0.055280887,0,0.155148029,0.011065927
0.416920384,0.0507441,0.084389002,0,0.21685208,0.016090911,0.14146091,0,0.02911645,0.037177719
0.221637744,0,0.000352542,0,0.065806525,0.034998387,0.155148029,0.000301063,0.020586953,0.055280887
0.057293657,0,0,0,0,0.095579408,0.02911645,0.011065927,0.017006775,0.14146091
3.41114E-05,0,0,0,0,0.176470742,0.020586953,0.037177719,0.016090911,0.155148029
0,0,0,0,0,0.177451313,0.017006775,0.055280887,0.034998387,0.02911645
0,0,0,0,0,0.2249275,0.016090911,0.14146091,0.095579408,0.020586953
0,0,0,0,0,0.140706241,0.034998387,0.155148029,0.176470742,0.017006775
0,0,0,0,0,0.085635424,0.095579408,0.02911645,0.177451313,0.016090911
0,0,0,0,0,0.020704094,0.176470742,0.020586953,0.2249275,0.034998387
0,0,0,0,0,0.002257308,0.177451313,0.017006775,0.140706241,0.095579408
0,0,0,0,0,0.001343192,0.2249275,0.016090911,0.085635424,0.176470742
0,0,0,0,0,0.002372579,0.140706241,0.034998387,0.020704094,0.177451313
0,0,0,0.055830753,0,1.76E-05,0.085635424,0.095579408,0.002257308,0.2249275
0,0,0,0.244582415,0,0.001147653,0.020704094,0.176470742,0.001343192,0.140706241
0.028168545,0.064766638,0.004242237,0.450991233,0.00006223,0.059270803,0.002257308,0.177451313,0.002372579,0.085635424
0.160302325,0.255268649,0.135981336,0.572971741,0.108882234,0.072345227,0.001343192,0.2249275,1.76E-05,0.020704094
0.362082816,0.453660127,0.354738922,0.641610296,0.329000576,0.09780746,0.002372579,0.140706241,0.001147653,0.002257308
0.530113946,0.542779921,0.46872776,0.660908146,0.488560151,0.148131341,1.76E-05,0.085635424,0.059270803,0.001343192
0.648287274,0.584379829,0.526999394,0.637427114,0.575258615,0.443712413,0.001147653,0.020704094,0.072345227,0.002372579
0.725233531,0.610835519,0.57363402,0.566945239,0.625140117,0.480769128,0.059270803,0.002257308,0.09780746,1.76E-05
0.756899066,0.591498424,0.575769929,0.445826035,0.627792799,0.374290407,0.072345227,0.001343192,0.148131341,0.001147653
0.74096579,0.522767137,0.528135535,0.27544807,0.588121505,0.382233739,0.09780746,0.002372579,0.443712413,0.059270803
0.67887097,0.398029936,0.418195272,0.091087146,0.507992297,0.314262241,0.148131341,1.76E-05,0.480769128,0.072345227
0.570235264,0.214457839,0.262842486,0.001916967,0.38945216,0.403662413,0.443712413,0.001147653,0.374290407,0.09780746
0.416920384,0.053774111,0.090474622,0,0.242685424,0.284232348,0.480769128,0.059270803,0.382233739,0.148131341
0.221637744,0,0.001099239,0,0.082892423,0.189224839,0.374290407,0.072345227,0.314262241,0.443712413
0.057293657,0,0,0,0.000256649,0.211672679,0.382233739,0.09780746,0.403662413,0.480769128
3.41114E-05,0,0,0,0,0.132683113,0.314262241,0.148131341,0.284232348,0.374290407
0,0,0,0,0,0.057144277,0.403662413,0.443712413,0.189224839,0.382233739
0,0,0,0,0,0.104336128,0.284232348,0.480769128,0.211672679,0.314262241
0,0,0,0,0,0.097777627,0.189224839,0.374290407,0.132683113,0.403662413
0,0,0,0,0,0.05427013,0.211672679,0.382233739,0.057144277,0.284232348
0,0,0,0,0,0.055842452,0.132683113,0.314262241,0.104336128,0.189224839
0,0,0,0,0,0.095989451,0.057144277,0.403662413,0.097777627,0.211672679
0,0,0,0,0,0.062838465,0.104336128,0.284232348,0.05427013,0.132683113
0,0,0,0,0,0.007532438,0.097777627,0.189224839,0.055842452,0.057144277
0,0,0,0.036124838,0,0.000374348,0.05427013,0.211672679,0.095989451,0.104336128
0,0,0,0.227561325,0,0.00032155,0.055842452,0.132683113,0.062838465,0.097777627
0.028168545,0.0412833,3.87821E-07,0.474633847,0,0.000352971,0.095989451,0.057144277,0.007532438,0.05427013
0.160302325,0.21719522,0.123562505,0.621990347,0.099302754,0.004096869,0.062838465,0.104336128,0.000374348,0.055842452
0.362082816,0.437239152,0.350346208,0.703798963,0.322716078,0.010309711,0.007532438,0.097777627,0.00032155,0.095989451
0.530113946,0.555174385,0.470659642,0.73605817,0.515044317,0.032383375,0.000374348,0.05427013,0.000352971,0.062838465
0.648287274,0.618641955,0.530772992,0.727632665,0.630605142,0.072304383,0.00032155,0.055842452,0.004096869,0.007532438
0.725233531,0.654165025,0.593863891,0.67469884,0.697638048,0.100602642,0.000352971,0.095989451,0.010309711,0.000374348
0.756899066,0.644009549,0.61795828,0.57147126,0.716580655,0.112688825,0.004096869,0.062838465,0.032383375,0.00032155
0.74096579,0.584443909,0.591373309,0.40257636,0.694481821,0.225813627,0.010309711,0.007532438,0.072304383,0.000352971
0.67887097,0.461943299,0.497196321,0.167484634,0.629024793,0.206518441,0.032383375,0.000374348,0.100602642,0.004096869
0.570235264,0.279176191,0.34426557,0.018261165,0.517746087,0.418049455,0.072304383,0.00032155,0.112688825,0.010309711
0.416920384,0.087129579,0.143554844,0,0.350324394,0.594238639,0.100602642,0.000352971,0.225813627,0.032383375
0.221637744,9.21049E-05,0.016104115,0,0.13445333,0.498331428,0.112688825,0.004096869,0.206518441,0.072304383
0.057293657,0,0,0,0.009415295,0.159249201,0.225813627,0.010309711,0.418049455,0.100602642
3.41114E-05,0,0,0,0,0.175785571,0.206518441,0.032383375,0.594238639,0.112688825
0,0,0,0,0,0.28042528,0.418049455,0.072304383,0.498331428,0.225813627
0,0,0,0,0,0.506163597,0.594238639,0.100602642,0.159249201,0.206518441
0,0,0,0,0,0.338583797,0.498331428,0.112688825,0.175785571,0.418049455
0,0,0,0,0,0.17987977,0.159249201,0.225813627,0.28042528,0.594238639
0,0,0,0,0,0.183875114,0.175785571,0.206518441,0.506163597,0.498331428
0,0,0,0,0,0.395009845,0.28042528,0.418049455,0.338583797,0.159249201
0,0,0,0,0,0.237925276,0.506163597,0.594238639,0.17987977,0.175785571
0,0,0,0,0,0.001354575,0.338583797,0.498331428,0.183875114,0.28042528
0,0,0,0.059198695,0,4.17E-05,0.17987977,0.159249201,0.395009845,0.506163597
0,0,0,0.260889475,0,0.043533519,0.183875114,0.175785571,0.237925276,0.338583797
0.028168545,0.06350896,0.008823963,0.494000346,8.97956E-06,0.085498214,0.395009845,0.28042528,0.001354575,0.17987977
0.160302325,0.226344513,0.148806513,0.640014732,0.107371269,0.109373331,0.237925276,0.506163597,4.17E-05,0.183875114
0.362082816,0.399621076,0.382050465,0.724162328,0.345519128,0.22784625,0.001354575,0.338583797,0.043533519,0.395009845
0.530113946,0.506024334,0.537776593,0.760361472,0.549781914,0.480641127,4.17E-05,0.17987977,0.085498214,0.237925276
0.648287274,0.564421175,0.630873886,0.753486574,0.672936237,0.560811102,0.043533519,0.183875114,0.109373331,0.001354575
0.725233531,0.593604255,0.68064409,0.702994787,0.747078476,0.869691074,0.085498214,0.395009845,0.22784625,4.17E-05
0.756899066,0.587792531,0.687478942,0.607318086,0.773695645,0.562332034,0.109373331,0.237925276,0.480641127,0.043533519
0.74096579,0.535570515,0.650252901,0.450924309,0.755049595,0.5067029,0.22784625,0.001354575,0.560811102,0.085498214
0.67887097,0.420190117,0.557936247,0.221824347,0.691801778,0.335244894,0.480641127,4.17E-05,0.869691074,0.109373331
0.570235264,0.261012072,0.410027556,0.044805602,0.585818496,0.333113462,0.560811102,0.043533519,0.562332034,0.22784625
0.416920384,0.091215323,0.208916103,0,0.423246743,0.333972633,0.869691074,0.085498214,0.5067029,0.480641127
0.221637744,0.004193493,0.048571953,0,0.193411402,0.260762542,0.562332034,0.109373331,0.335244894,0.560811102
0.057293657,0,0,0,0.03130264,0.348555326,0.5067029,0.22784625,0.333113462,0.869691074
3.41114E-05,0,0,0,0,0.34058401,0.335244894,0.480641127,0.333972633,0.562332034
0,0,0,0,0,0.432111919,0.333113462,0.560811102,0.260762542,0.5067029
0,0,0,0,0,0.425939947,0.333972633,0.869691074,0.348555326,0.335244894
0,0,0,0,0,0.697042465,0.260762542,0.562332034,0.34058401,0.333113462
0,0,0,0,0,0.583757341,0.348555326,0.5067029,0.432111919,0.333972633
0,0,0,0,0,0.4669649,0.34058401,0.335244894,0.425939947,0.260762542
0,0,0,0,0,0.209216878,0.432111919,0.333113462,0.697042465,0.348555326
0,0,0,0,0,0.143613428,0.425939947,0.333972633,0.583757341,0.34058401
0,0,0,0.003188397,0,0.4449175,0.697042465,0.260762542,0.4669649,0.432111919
0,0,0,0.109267752,0,0.300303519,0.583757341,0.348555326,0.209216878,0.425939947
0,0.002818922,0,0.338044572,0,0.482081175,0.4669649,0.34058401,0.143613428,0.697042465
0.028168545,0.097517573,0.064778894,0.544852225,0.006130837,0.828009009,0.209216878,0.432111919,0.4449175,0.583757341
0.160302325,0.274908586,0.24802122,0.678220947,0.140814396,0.650779366,0.143613428,0.425939947,0.300303519,0.4669649
0.362082816,0.421797906,0.453188661,0.757915152,0.385471322,0.692793131,0.4449175,0.697042465,0.482081175,0.209216878
0.530113946,0.509333356,0.591517346,0.791492929,0.569509923,0.651472628,0.300303519,0.583757341,0.828009009,0.143613428
0.648287274,0.559454539,0.678417539,0.782322524,0.684429851,0.70852077,0.482081175,0.4669649,0.650779366,0.4449175
0.725233531,0.584622242,0.722725413,0.728302747,0.751421627,0.861373186,0.828009009,0.209216878,0.692793131,0.300303519
0.756899066,0.574000643,0.726041432,0.62888002,0.768361416,0.864017487,0.650779366,0.143613428,0.651472628,0.482081175
0.74096579,0.51615533,0.68809343,0.473381589,0.738304208,0.435896099,0.692793131,0.4449175,0.70852077,0.828009009
0.67887097,0.407322889,0.597813196,0.250336495,0.665766586,0.366824895,0.651472628,0.300303519,0.861373186,0.650779366
0.570235264,0.260508761,0.456730347,0.060944371,0.553962919,0.72410506,0.70852077,0.482081175,0.864017487,0.692793131
0.416920384,0.102553694,0.26401039,1.38311E-06,0.390631997,0.667352557,0.861373186,0.828009009,0.435896099,0.651472628
0.221637744,0.014300045,0.077175757,0,0.177615609,0.503524721,0.864017487,0.650779366,0.366824895,0.70852077
0.057293657,0,1.34011E-05,0,0.030836673,0.567447066,0.435896099,0.692793131,0.72410506,0.861373186
3.41114E-05,0,0,0,0,0.632907987,0.366824895,0.651472628,0.667352557,0.864017487
0,0,0,0,0,0.618489861,0.72410506,0.70852077,0.503524721,0.435896099
0,0,0,0,0,0.77455771,0.667352557,0.861373186,0.567447066,0.366824895
0,0,0,0,0,0.601218462,0.503524721,0.864017487,0.632907987,0.72410506
0,0,0,0,0,0.700854957,0.567447066,0.435896099,0.618489861,0.667352557
0,0,0,0,0,0.536711097,0.632907987,0.366824895,0.77455771,0.503524721
0,0,0,0,0,0.48843506,0.618489861,0.72410506,0.601218462,0.567447066
0,0,0,0,0,0.188064098,0.77455771,0.667352557,0.700854957,0.632907987
0,0,0,0.025073524,0,0.115320474,0.601218462,0.503524721,0.536711097,0.618489861
0,0,0,0.167213774,0,0.228038818,0.700854957,0.567447066,0.48843506,0.77455771
0,0.037532443,0.003868023,0.390428629,0,0.359671474,0.536711097,0.632907987,0.188064098,0.601218462
0.028168545,0.140088176,0.101290592,0.568145263,0.041892604,0.485626817,0.48843506,0.618489861,0.115320474,0.700854957
0.160302325,0.26583767,0.294546236,0.68711925,0.197856604,0.54467988,0.188064098,0.77455771,0.228038818,0.536711097
0.362082816,0.377160786,0.469067997,0.758916818,0.408958317,0.30205214,0.115320474,0.601218462,0.359671474,0.48843506
0.530113946,0.447654768,0.578649811,0.783747726,0.567525801,0.090644389,0.228038818,0.700854957,0.485626817,0.188064098
0.648287274,0.48532939,0.644331343,0.762441927,0.67165112,0.232230619,0.359671474,0.536711097,0.54467988,0.115320474
0.725233531,0.506184212,0.685036796,0.596198017,0.73352516,0.35770312,0.485626817,0.48843506,0.30205214,0.228038818
0.756899066,0.498039613,0.683616935,0.450350691,0.745181335,0.404536515,0.54467988,0.188064098,0.090644389,0.359671474
0.74096579,0.446905322,0.634604094,0.250833166,0.702036772,0.624956787,0.30205214,0.115320474,0.232230619,0.485626817
0.67887097,0.35310421,0.539979251,0.068891904,0.612361932,0.457841933,0.090644389,0.228038818,0.35770312,0.54467988
0.570235264,0.230271213,0.40483065,0.000116228,0.487108263,0.375406563,0.232230619,0.359671474,0.404536515,0.30205214
0.416920384,0.103127727,0.236368341,0,0.326528888,0.221689671,0.35770312,0.485626817,0.624956787,0.090644389
0.221637744,0.022464273,0.074067777,0,0.143563538,0.293563962,0.404536515,0.54467988,0.457841933,0.232230619
0.057293657,0,0.000948928,0,0.025041943,0.512302518,0.624956787,0.30205214,0.375406563,0.35770312
3.41114E-05,0,0,0,0,0.933237433,0.457841933,0.090644389,0.221689671,0.404536515
0,0,0,0,0,0.684927404,0.375406563,0.232230619,0.293563962,0.624956787
0,0,0,0,0,0.582751632,0.221689671,0.35770312,0.512302518,0.457841933
0,0,0,0,0,0.274169743,0.293563962,0.404536515,0.933237433,0.375406563
0,0,0,0,0,0.175276667,0.512302518,0.624956787,0.684927404,0.221689671
0,0,0,0,0,0.128203839,0.933237433,0.457841933,0.582751632,0.293563962
0,0,0,4.61733E-05,0,0.123418339,0.684927404,0.375406563,0.274169743,0.512302518
0,0,0,0.051132897,0,0.171035111,0.582751632,0.221689671,0.175276667,0.933237433
0,0,0,0.201223075,0,0.029289918,0.274169743,0.293563962,0.128203839,0.684927404
0,1.48304E-05,0,0.390759057,0,0.017072314,0.175276667,0.512302518,0.123418339,0.582751632
0,0.041901765,0.031332117,0.542294478,0,0.141745731,0.128203839,0.933237433,0.171035111,0.274169743
0.028168545,0.137421175,0.139127236,0.648332113,0.047171215,0.161706775,0.123418339,0.684927404,0.029289918,0.175276667
0.160302325,0.242002969,0.297028066,0.716780582,0.187775675,0.234400928,0.171035111,0.582751632,0.017072314,0.128203839
0.362082816,0.338567293,0.445079902,0.738765045,0.367188644,0.247990265,0.029289918,0.274169743,0.141745731,0.123418339
0.530113946,0.401563541,0.543373462,0.712781336,0.510468614,0.165875137,0.017072314,0.175276667,0.161706775,0.171035111
0.648287274,0.436941314,0.603885151,0.645864238,0.608344035,0.500784636,0.141745731,0.128203839,0.234400928,0.029289918
0.725233531,0.462796942,0.640312384,0.546613672,0.666862404,0.760310829,0.161706775,0.123418339,0.247990265,0.017072314
0.756899066,0.459183438,0.637826805,0.412264722,0.676640003,0.626154006,0.234400928,0.171035111,0.165875137,0.141745731
0.74096579,0.413408086,0.591346389,0.237827855,0.63468312,0.484528333,0.247990265,0.029289918,0.500784636,0.161706775
0.67887097,0.329442766,0.502125418,0.072066607,0.547155048,0.639931262,0.165875137,0.017072314,0.760310829,0.234400928
0.570235264,0.222679736,0.380468501,0.001617507,0.426888148,0.932876825,0.500784636,0.141745731,0.626154006,0.247990265
0.416920384,0.114757868,0.228503579,0,0.281131836,0.675099194,0.760310829,0.161706775,0.484528333,0.165875137
0.221637744,0.032010288,0.078080236,0,0.125623376,0.663836956,0.626154006,0.234400928,0.639931262,0.500784636
0.057293657,0.000034643,0.005393065,0,0.024670557,0.959813774,0.484528333,0.247990265,0.932876825,0.760310829
3.41114E-05,0,0,0,0,0.99703306,0.639931262,0.165875137,0.675099194,0.626154006
0,0,0,0,0,0.966522396,0.932876825,0.500784636,0.663836956,0.484528333
0,0,0,0,0,0.921067357,0.675099194,0.760310829,0.959813774,0.639931262
0,0,0,0,0,0.873931766,0.663836956,0.626154006,0.99703306,0.932876825
0,0,0,0,0,0.623260021,0.959813774,0.484528333,0.966522396,0.675099194
0,0,0,0,0,0.572450161,0.99703306,0.639931262,0.921067357,0.663836956
0,0,0,9.70967E-05,0,0.46401003,0.966522396,0.932876825,0.873931766,0.959813774
0,0,0,0.036548051,0,0.825297475,0.921067357,0.675099194,0.623260021,0.99703306
0,0,0,0.143809314,0,0.289170891,0.873931766,0.663836956,0.572450161,0.966522396
0,7.14015E-05,0,0.289325059,0,0.326715142,0.623260021,0.959813774,0.46401003,0.921067357
0,0.031869727,0.025743095,0.404995217,0,0.201475978,0.572450161,0.99703306,0.825297475,0.873931766
0.028168545,0.10870986,0.110508646,0.485059818,0.02963198,0.207430616,0.46401003,0.966522396,0.289170891,0.623260021
0.160302325,0.206185735,0.245873715,0.540685957,0.135438419,0.320702344,0.825297475,0.921067357,0.326715142,0.572450161
0.362082816,0.305360592,0.384765591,0.551912019,0.287872523,0.445385635,0.289170891,0.873931766,0.201475978,0.46401003
0.530113946,0.37405333,0.478454849,0.52513961,0.413572375,0.758502543,0.326715142,0.623260021,0.207430616,0.825297475
0.648287274,0.412433023,0.533131936,0.46760344,0.496553231,0.840147913,0.201475978,0.572450161,0.320702344,0.289170891
0.725233531,0.434805188,0.560503147,0.384929871,0.54165551,0.786503673,0.207430616,0.46401003,0.445385635,0.326715142
0.756899066,0.429373165,0.550105804,0.28015749,0.541526563,0.683891118,0.320702344,0.825297475,0.758502543,0.201475978
0.74096579,0.392086579,0.504116346,0.154844094,0.503830855,0.918649137,0.445385635,0.289170891,0.840147913,0.207430616
0.67887097,0.319812186,0.424875087,0.046888747,0.432579925,0.857101977,0.758502543,0.326715142,0.786503673,0.320702344
0.570235264,0.221984813,0.322115372,0.002993463,0.332956098,0.955500841,0.840147913,0.201475978,0.683891118,0.445385635
0.416920384,0.12148518,0.198185993,0,0.21481898,0.979103029,0.786503673,0.207430616,0.918649137,0.758502543
0.221637744,0.037536667,0.076320581,0,0.099509431,0.965989053,0.683891118,0.320702344,0.857101977,0.840147913
0.057293657,0.001276633,0.011554049,0,0.023984818,0.513544381,0.918649137,0.445385635,0.955500841,0.786503673
3.41114E-05,0,0,0,5.33106E-06,0.438678503,0.857101977,0.758502543,0.979103029,0.683891118
0,0,0,0,0,0.555987298,0.955500841,0.840147913,0.965989053,0.918649137
0,0,0,0,0,0.599716961,0.979103029,0.786503673,0.513544381,0.857101977
0,0,0,0,0,0.496755183,0.965989053,0.683891118,0.438678503,0.955500841
0,0,0,0,0,0.494160116,0.513544381,0.918649137,0.555987298,0.979103029
0,0,0,0,0,0.491831541,0.438678503,0.857101977,0.599716961,0.965989053
0,0,0,6.97174E-07,0,0.313643456,0.555987298,0.955500841,0.496755183,0.513544381
0,0,0,0.013549298,0,0.055716485,0.599716961,0.979103029,0.494160116,0.438678503
0,0,0,0.070179459,0,0.056571841,0.496755183,0.965989053,0.491831541,0.555987298
0,0,0,0.1649287,0,0.205337048,0.494160116,0.513544381,0.313643456,0.599716961
0,0.018367976,0.008699189,0.24537725,0,0.137638375,0.491831541,0.438678503,0.055716485,0.496755183
0.028168545,0.073878282,0.057796778,0.303188768,0.019176917,0.059153557,0.313643456,0.555987298,0.056571841,0.494160116
0.160302325,0.162886631,0.158517318,0.349695235,0.097453136,0.149791002,0.055716485,0.599716961,0.205337048,0.491831541
0.362082816,0.264600588,0.276008548,0.369299561,0.226656626,0.16116187,0.056571841,0.496755183,0.137638375,0.313643456
0.530113946,0.345009389,0.359633278,0.356433124,0.344153534,0.21632649,0.205337048,0.494160116,0.059153557,0.055716485
0.648287274,0.395807962,0.406551005,0.315890947,0.423652467,0.201668993,0.137638375,0.491831541,0.149791002,0.056571841
0.725233531,0.421341656,0.431033394,0.25738533,0.467690279,0.22221972,0.059153557,0.313643456,0.16116187,0.205337048
0.756899066,0.413537762,0.426120426,0.181499574,0.470649699,0.191504538,0.149791002,0.055716485,0.21632649,0.137638375
0.74096579,0.372044019,0.392856392,0.094245247,0.436196213,0.368045926,0.16116187,0.056571841,0.201668993,0.059153557
0.67887097,0.301515608,0.327540149,0.026673526,0.37098972,0.397282302,0.21632649,0.205337048,0.22221972,0.149791002
0.570235264,0.211032957,0.243267778,0.001714032,0.283949661,0.329350084,0.201668993,0.137638375,0.191504538,0.16116187
0.416920384,0.114473305,0.149093864,0,0.181293397,0.290890247,0.22221972,0.059153557,0.368045926,0.21632649
0.221637744,0.03487298,0.060032846,0,0.082196902,0.282352954,0.191504538,0.149791002,0.397282302,0.201668993
0.057293657,0.001742103,0.010929424,0,0.019225853,0.157079473,0.368045926,0.16116187,0.329350084,0.22221972
3.41114E-05,0,0,0,4.95409E-06,0.104549177,0.397282302,0.21632649,0.290890247,0.191504538
0,0,0,0,0,0.070353672,0.329350084,0.201668993,0.282352954,0.368045926
0,0,0,0,0,0.056262698,0.290890247,0.22221972,0.157079473,0.397282302
0,0,0,0,0,0.05364316,0.282352954,0.191504538,0.104549177,0.329350084
0,0,0,0,0,0.030563148,0.157079473,0.368045926,0.070353672,0.290890247
0,0,0,0,0,0.008411928,0.104549177,0.397282302,0.056262698,0.282352954
0,0,0,0,0,0.03314171,0.070353672,0.329350084,0.05364316,0.157079473
0,0,0,0.009289247,0,0.036214445,0.056262698,0.290890247,0.030563148,0.104549177
0,0,0,0.072100959,0,0.001044371,0.05364316,0.282352954,0.008411928,0.070353672
0,0,0,0.190405276,0,4.52E-05,0.030563148,0.157079473,0.03314171,0.056262698
0,0.021596612,0.001614276,0.277139654,0,0.000600808,0.008411928,0.104549177,0.036214445,0.05364316
0.028168545,0.096107401,0.054766203,0.331102721,0.0177531,0.000754889,0.03314171,0.070353672,0.001044371,0.030563148
0.160302325,0.208913968,0.182334557,0.378329198,0.099663088,0.017565683,0.036214445,0.056262698,4.52E-05,0.008411928
0.362082816,0.322561179,0.32461304,0.400660292,0.239711236,0.019567797,0.001044371,0.05364316,0.000600808,0.03314171
0.530113946,0.412043789,0.422807408,0.392230459,0.360126451,0.012981322,4.52E-05,0.030563148,0.000754889,0.036214445
0.648287274,0.468468826,0.475910669,0.350881023,0.435836919,0.009181002,0.000600808,0.008411928,0.017565683,0.001044371
0.725233531,0.49205162,0.504584821,0.284926348,0.478373291,0.01562033,0.000754889,0.03314171,0.019567797,4.52E-05
0.756899066,0.484090573,0.497714406,0.199204372,0.484508526,0.063368656,0.017565683,0.036214445,0.012981322,0.000600808
0.74096579,0.436573502,0.453280358,0.107543947,0.449445168,0.216846988,0.019567797,0.001044371,0.009181002,0.000754889
0.67887097,0.351093142,0.376573745,0.031123546,0.378401934,0.284192234,0.012981322,4.52E-05,0.01562033,0.017565683
0.570235264,0.241245504,0.274951864,0.000395911,0.285959871,0.666825891,0.009181002,0.000600808,0.063368656,0.019567797
0.416920384,0.123367517,0.158785041,0,0.176977658,0.612188339,0.01562033,0.000754889,0.216846988,0.012981322
0.221637744,0.033417793,0.053587996,0,0.074270379,0.436165959,0.063368656,0.017565683,0.284192234,0.009181002
0.057293657,0.000154151,0.004798177,0,0.014648873,0.128186792,0.216846988,0.019567797,0.666825891,0.01562033
3.41114E-05,0,0,0,0,0.112269901,0.284192234,0.012981322,0.612188339,0.063368656
0,0,0,0,0,0.122019969,0.666825891,0.009181002,0.436165959,0.216846988
0,0,0,0,0,0.237606287,0.612188339,0.01562033,0.128186792,0.284192234
0,0,0,0,0,0.311500013,0.436165959,0.063368656,0.112269901,0.666825891
0,0,0,0,0,0.386478215,0.128186792,0.216846988,0.122019969,0.612188339
0,0,0,0,0,0.603660762,0.112269901,0.284192234,0.237606287,0.436165959
0,0,0,0,0,0.209276736,0.122019969,0.666825891,0.311500013,0.128186792
0,0,0,0.010365576,0,0.168253288,0.237606287,0.612188339,0.386478215,0.112269901
0,0,0,0.10412263,0,0.073659584,0.311500013,0.436165959,0.603660762,0.122019969
0,0,0,0.278629414,0,0.064319931,0.386478215,0.128186792,0.209276736,0.237606287
0,0.018129165,9.97578E-06,0.407806705,0,0.199517831,0.603660762,0.112269901,0.168253288,0.311500013
0.028168545,0.098892003,0.065960248,0.480577685,0.024634202,0.212363318,0.209276736,0.122019969,0.073659584,0.386478215
0.160302325,0.224293789,0.221993233,0.525078266,0.1388315,0.147698104,0.168253288,0.237606287,0.064319931,0.603660762
0.362082816,0.335391152,0.379960332,0.530232129,0.316784795,0.133915991,0.073659584,0.311500013,0.199517831,0.209276736
0.530113946,0.404257016,0.473395401,0.502002626,0.455255007,0.140997216,0.064319931,0.386478215,0.212363318,0.168253288
0.648287274,0.44592744,0.519037537,0.437831578,0.539025892,0.152562544,0.199517831,0.603660762,0.147698104,0.073659584
0.725233531,0.46954489,0.53764809,0.351699874,0.580651139,0.175225288,0.212363318,0.209276736,0.133915991,0.064319931
0.756899066,0.458529972,0.520718864,0.239025677,0.575155643,0.105931103,0.147698104,0.168253288,0.140997216,0.199517831
0.74096579,0.405668318,0.467542763,0.10842361,0.526155639,0.30832687,0.133915991,0.073659584,0.152562544,0.212363318
0.67887097,0.308281378,0.379580114,0.022472359,0.438464912,0.278041959,0.140997216,0.064319931,0.175225288,0.147698104
0.570235264,0.191771429,0.266716478,7.08008E-07,0.328380989,0.25295797,0.152562544,0.199517831,0.105931103,0.133915991
0.416920384,0.078755196,0.138112833,0,0.197238204,0.288714886,0.175225288,0.212363318,0.30832687,0.140997216
0.221637744,0.012112534,0.036178216,0,0.070617725,0.298215479,0.105931103,0.147698104,0.278041959,0.152562544
0.057293657,0,0.000114229,0,0.00858835,0.27084595,0.30832687,0.133915991,0.25295797,0.175225288
3.41114E-05,0,0,0,0,0.343907148,0.278041959,0.140997216,0.288714886,0.105931103
0,0,0,0,0,0.413556248,0.25295797,0.152562544,0.298215479,0.30832687
0,0,0,0,0,0.350933075,0.288714886,0.175225288,0.27084595,0.278041959
0,0,0,0,0,0.276463628,0.298215479,0.105931103,0.343907148,0.25295797
0,0,0,0,0,0.15262863,0.27084595,0.30832687,0.413556248,0.288714886
0,0,0,0,0,0.139206767,0.343907148,0.278041959,0.350933075,0.298215479
0,0,0,0,0,0.128592312,0.413556248,0.25295797,0.276463628,0.27084595
0,0,0,0.008339044,0,0.11863178,0.350933075,0.288714886,0.15262863,0.343907148
0,0,0,0.125738749,0,0.063962221,0.276463628,0.298215479,0.139206767,0.413556248
0,0,0,0.342778783,0,0.036189746,0.15262863,0.27084595,0.128592312,0.350933075
0,0.005753611,0,0.516879638,0,0.033313207,0.139206767,0.343907148,0.11863178,0.276463628
0.028168545,0.112826529,0.077506826,0.62658799,0.02556177,0.034531411,0.128592312,0.413556248,0.063962221,0.15262863
0.160302325,0.29605062,0.25839701,0.682536924,0.156097684,0.027519453,0.11863178,0.350933075,0.036189746,0.139206767
0.362082816,0.43061533,0.432675956,0.686536735,0.353591363,0.034135163,0.063962221,0.276463628,0.033313207,0.128592312
0.530113946,0.499194474,0.533182454,0.647163858,0.499175391,0.091825962,0.036189746,0.15262863,0.034531411,0.11863178
0.648287274,0.533077332,0.582899802,0.565915282,0.586025609,0.071121864,0.033313207,0.139206767,0.027519453,0.063962221
0.725233531,0.549128151,0.605466964,0.442333116,0.629005684,0.082075313,0.034531411,0.128592312,0.034135163,0.036189746
0.756899066,0.52604716,0.588487885,0.276098901,0.620883644,0.051273581,0.027519453,0.11863178,0.091825962,0.033313207
0.74096579,0.463501501,0.526844348,0.097498627,0.566066032,0.00264569,0.034135163,0.063962221,0.071121864,0.034531411
0.67887097,0.357537248,0.425540756,0.005894177,0.477118589,0.081524901,0.091825962,0.036189746,0.082075313,0.027519453
0.570235264,0.213653945,0.283684551,0,0.355129183,0.082354225,0.071121864,0.033313207,0.051273581,0.034135163
0.416920384,0.067541782,0.112683202,0,0.203556536,0.338797092,0.082075313,0.034531411,0.00264569,0.091825962
0.221637744,0.000363079,0.012219102,0,0.062029891,0.186616465,0.051273581,0.027519453,0.081524901,0.071121864
0.057293657,0,0,0,0.000766355,0.592638135,0.00264569,0.034135163,0.082354225,0.082075313
3.41114E-05,0,0,0,0,0.610006094,0.081524901,0.091825962,0.338797092,0.051273581
0,0,0,0,0,0.79853934,0.082354225,0.071121864,0.186616465,0.00264569
0,0,0,0,0,0.967324555,0.338797092,0.082075313,0.592638135,0.081524901
0,0,0,0,0,0.953110456,0.186616465,0.051273581,0.610006094,0.082354225
0,0,0,0,0,0.952766538,0.592638135,0.00264569,0.79853934,0.338797092
0,0,0,0,0,0.977912247,0.610006094,0.081524901,0.967324555,0.186616465
0,0,0,0,0,0.786766052,0.79853934,0.082354225,0.953110456,0.592638135
0,0,0,0.001096135,0,0.441320479,0.967324555,0.338797092,0.952766538,0.610006094
0,0,0,0.107148217,0,0.380104005,0.953110456,0.186616465,0.977912247,0.79853934
0,0,0,0.329040347,0,0.323041409,0.952766538,0.592638135,0.786766052,0.967324555
0,0,0,0.517244325,0,0.271899164,0.977912247,0.610006094,0.441320479,0.953110456
0.028168545,0.109948012,0.051050887,0.630445419,0.008493476,0.226587221,0.786766052,0.79853934,0.380104005,0.952766538
0.160302325,0.328276278,0.221020596,0.687481075,0.147571789,0.186801314,0.441320479,0.967324555,0.323041409,0.977912247
0.362082816,0.500389856,0.4235184,0.695377762,0.380535076,0.152239263,0.380104005,0.953110456,0.271899164,0.786766052
0.530113946,0.582692407,0.553563866,0.661083169,0.530433368,0.124841638,0.323041409,0.952766538,0.226587221,0.441320479
0.648287274,0.619939029,0.625051986,0.581190504,0.610164795,0.136949554,0.271899164,0.977912247,0.186801314,0.380104005
0.725233531,0.636590034,0.650565976,0.450220806,0.649094112,0.282829136,0.226587221,0.786766052,0.152239263,0.323041409
0.756899066,0.608664542,0.631141084,0.265459406,0.640143269,0.120888025,0.186801314,0.441320479,0.124841638,0.271899164
0.74096579,0.533595096,0.566111088,0.079720202,0.589878402,0.092240475,0.152239263,0.380104005,0.136949554,0.226587221
0.67887097,0.406246521,0.444986446,0.000288221,0.502673365,0.178182632,0.124841638,0.323041409,0.282829136,0.186801314
0.570235264,0.214778245,0.268523736,0,0.376077865,0.399419248,0.136949554,0.271899164,0.120888025,0.152239263
0.416920384,0.0507441,0.084389002,0,0.21685208,0.350859135,0.282829136,0.226587221,0.092240475,0.124841638
0.221637744,0,0.000352542,0,0.065806525,0.196697697,0.120888025,0.186801314,0.178182632,0.136949554
0.057293657,0,0,0,0,0.293265641,0.092240475,0.152239263,0.399419248,0.282829136
3.41114E-05,0,0,0,0,0.159338072,0.178182632,0.124841638,0.350859135,0.120888025
0,0,0,0,0,0.223759115,0.399419248,0.136949554,0.196697697,0.092240475
0,0,0,0,0,0.087018698,0.350859135,0.282829136,0.293265641,0.178182632
0,0,0,0,0,0.045538858,0.196697697,0.120888025,0.159338072,0.399419248
0,0,0,0,0,0.019444477,0.293265641,0.092240475,0.223759115,0.350859135
0,0,0,0,0,0.018595876,0.159338072,0.178182632,0.087018698,0.196697697
0,0,0,0,0,0.046019062,0.223759115,0.399419248,0.045538858,0.293265641
0,0,0,0,0,0.0335535,0.087018698,0.350859135,0.019444477,0.159338072
0,0,0,0.055830753,0,0.007867953,0.045538858,0.196697697,0.018595876,0.223759115
0,0,0,0.244582415,0,0,0.019444477,0.293265641,0.046019062,0.087018698
0,0,0,0.450991233,0,0,0.018595876,0.159338072,0.0335535,0.045538858
0.028168545,0.064766638,0.004242237,0.572971741,0.00006223,0,0.046019062,0.223759115,0.007867953,0.019444477
0.160302325,0.255268649,0.135981336,0.641610296,0.108882234,1.09E-05,0.0335535,0.087018698,0,0.018595876
0.362082816,0.453660127,0.354738922,0.660908146,0.329000576,0.024723826,0.007867953,0.045538858,0,0.046019062
0.530113946,0.542779921,0.46872776,0.637427114,0.488560151,0.014252152,0,0.019444477,0,0.0335535
0.648287274,0.584379829,0.526999394,0.566945239,0.575258615,0.118178591,0,0.018595876,1.09E-05,0.007867953
0.725233531,0.610835519,0.57363402,0.445826035,0.625140117,0.097771361,0,0.046019062,0.024723826,0
0.756899066,0.591498424,0.575769929,0.27544807,0.627792799,0.049080763,1.09E-05,0.0335535,0.014252152,0
0.74096579,0.522767137,0.528135535,0.091087146,0.588121505,0.021325566,0.024723826,0.007867953,0.118178591,0
0.67887097,0.398029936,0.418195272,0.001916967,0.507992297,0.080828249,0.014252152,0,0.097771361,1.09E-05
0.570235264,0.214457839,0.262842486,0,0.38945216,0.019543272,0.118178591,0,0.049080763,0.024723826
0.416920384,0.053774111,0.090474622,0,0.242685424,0.240631416,0.097771361,0,0.021325566,0.014252152
0.221637744,0,0.001099239,0,0.082892423,0.326170117,0.049080763,1.09E-05,0.080828249,0.118178591
0.057293657,0,0,0,0.000256649,0.424629092,0.021325566,0.024723826,0.019543272,0.097771361
3.41114E-05,0,0,0,0,0.36634326,0.080828249,0.014252152,0.240631416,0.049080763
0,0,0,0,0,0.299772292,0.019543272,0.118178591,0.326170117,0.021325566
0,0,0,0,0,0.303337604,0.240631416,0.097771361,0.424629092,0.080828249
0,0,0,0,0,0.444980174,0.326170117,0.049080763,0.36634326,0.019543272
0,0,0,0,0,0.156428233,0.424629092,0.021325566,0.299772292,0.240631416
0,0,0,0,0,0.178033993,0.36634326,0.080828249,0.303337604,0.326170117
0,0,0,0,0,0.120004103,0.299772292,0.019543272,0.444980174,0.424629092
0,0,0,0,0,0.045896769,0.303337604,0.240631416,0.156428233,0.36634326
0,0,0,0.036124838,0,0.014387458,0.444980174,0.326170117,0.178033993,0.299772292
0,0,0,0.227561325,0,1.04E-05,0.156428233,0.424629092,0.120004103,0.303337604
0,0,0,0.474633847,0,0,0.178033993,0.36634326,0.045896769,0.444980174
0.028168545,0.0412833,3.87821E-07,0.621990347,0,0.00611094,0.120004103,0.299772292,0.014387458,0.156428233
0.160302325,0.21719522,0.123562505,0.703798963,0.099302754,0.033843655,0.045896769,0.303337604,1.04E-05,0.178033993
0.362082816,0.437239152,0.350346208,0.73605817,0.322716078,0.087151855,0.014387458,0.444980174,0,0.120004103
0.530113946,0.555174385,0.470659642,0.727632665,0.515044317,0.105489448,1.04E-05,0.156428233,0.00611094,0.045896769
0.648287274,0.618641955,0.530772992,0.67469884,0.630605142,0.107453555,0,0.178033993,0.033843655,0.014387458
0.725233531,0.654165025,0.593863891,0.57147126,0.697638048,0.205347583,0.00611094,0.120004103,0.087151855,1.04E-05
0.756899066,0.644009549,0.61795828,0.40257636,0.716580655,0.114952028,0.033843655,0.045896769,0.105489448,0
0.74096579,0.584443909,0.591373309,0.167484634,0.694481821,0.082760587,0.087151855,0.014387458,0.107453555,0.00611094
0.67887097,0.461943299,0.497196321,0.018261165,0.629024793,0.284324884,0.105489448,1.04E-05,0.205347583,0.033843655
0.570235264,0.279176191,0.34426557,0,0.517746087,0.331129968,0.107453555,0,0.114952028,0.087151855
0.416920384,0.087129579,0.143554844,0,0.350324394,0.197907776,0.205347583,0.00611094,0.082760587,0.105489448
0.221637744,9.21049E-05,0.016104115,0,0.13445333,0.270109236,0.114952028,0.033843655,0.284324884,0.107453555
0.057293657,0,0,0,0.009415295,0.132374734,0.082760587,0.087151855,0.331129968,0.205347583
3.41114E-05,0,0,0,0,0.289895445,0.284324884,0.105489448,0.197907776,0.114952028
0,0,0,0,0,0.349135071,0.331129968,0.107453555,0.270109236,0.082760587
0,0,0,0,0,0.618702531,0.197907776,0.205347583,0.132374734,0.284324884
0,0,0,0,0,0.630026519,0.270109236,0.114952028,0.289895445,0.331129968
0,0,0,0,0,0.500310063,0.132374734,0.082760587,0.349135071,0.197907776
0,0,0,0,0,0.492641568,0.289895445,0.284324884,0.618702531,0.270109236
0,0,0,0,0,0.463028461,0.349135071,0.331129968,0.630026519,0.132374734
0,0,0,0,0,0.375405431,0.618702531,0.197907776,0.500310063,0.289895445
0,0,0,0.059198695,0,0.707243443,0.630026519,0.270109236,0.492641568,0.349135071
0,0,0,0.260889475,0,0.755316734,0.500310063,0.132374734,0.463028461,0.618702531
0,0,0,0.494000346,0,0.98432076,0.492641568,0.289895445,0.375405431,0.630026519
0.028168545,0.06350896,0.008823963,0.640014732,8.97956E-06,0.99793303,0.463028461,0.349135071,0.707243443,0.500310063
0.160302325,0.226344513,0.148806513,0.724162328,0.107371269,0.999948859,0.375405431,0.618702531,0.755316734,0.492641568
0.362082816,0.399621076,0.382050465,0.760361472,0.345519128,1,0.707243443,0.630026519,0.98432076,0.463028461
0.530113946,0.506024334,0.537776593,0.753486574,0.549781914,1,0.755316734,0.500310063,0.99793303,0.375405431
0.648287274,0.564421175,0.630873886,0.702994787,0.672936237,0.963662326,0.98432076,0.492641568,0.999948859,0.707243443
0.725233531,0.593604255,0.68064409,0.607318086,0.747078476,0.916699588,0.99793303,0.463028461,1,0.755316734
0.756899066,0.587792531,0.687478942,0.450924309,0.773695645,0.82721436,0.999948859,0.375405431,1,0.98432076
0.74096579,0.535570515,0.650252901,0.221824347,0.755049595,0.654725909,1,0.707243443,0.963662326,0.99793303
0.67887097,0.420190117,0.557936247,0.044805602,0.691801778,0.291548491,1,0.755316734,0.916699588,0.999948859
0.570235264,0.261012072,0.410027556,0,0.585818496,0.219910622,0.963662326,0.98432076,0.82721436,1
0.416920384,0.091215323,0.208916103,0,0.423246743,0.063850775,0.916699588,0.99793303,0.654725909,1
0.221637744,0.004193493,0.048571953,0,0.193411402,0.277753353,0.82721436,0.999948859,0.291548491,0.963662326
0.057293657,0,0,0,0.03130264,0.531298757,0.654725909,1,0.219910622,0.916699588
3.41114E-05,0,0,0,0,0.63752681,0.291548491,1,0.063850775,0.82721436
0,0,0,0,0,0.261657298,0.219910622,0.963662326,0.277753353,0.654725909
0,0,0,0,0,0.249511838,0.063850775,0.916699588,0.531298757,0.291548491
0,0,0,0,0,0.348602682,0.277753353,0.82721436,0.63752681,0.219910622
0,0,0,0,0,0.424353093,0.531298757,0.654725909,0.261657298,0.063850775
0,0,0,0,0,0.308728278,0.63752681,0.291548491,0.249511838,0.277753353
0,0,0,0,0,0.143956378,0.261657298,0.219910622,0.348602682,0.531298757
0,0,0,0.003188397,0,0.131222859,0.249511838,0.063850775,0.424353093,0.63752681
0,0,0,0.109267752,0,0.04925026,0.348602682,0.277753353,0.308728278,0.261657298
0,0,0,0.338044572,0,0.112333924,0.424353093,0.531298757,0.143956378,0.249511838
0,0.002818922,0,0.544852225,0,0.091915563,0.308728278,0.63752681,0.131222859,0.348602682
0.028168545,0.097517573,0.064778894,0.678220947,0.006130837,0.059197932,0.143956378,0.261657298,0.04925026,0.424353093
0.160302325,0.274908586,0.24802122,0.757915152,0.140814396,0.170508534,0.131222859,0.249511838,0.112333924,0.308728278
0.362082816,0.421797906,0.453188661,0.791492929,0.385471322,0.124485344,0.04925026,0.348602682,0.091915563,0.143956378
0.530113946,0.509333356,0.591517346,0.782322524,0.569509923,0.097140022,0.112333924,0.424353093,0.059197932,0.131222859
0.648287274,0.559454539,0.678417539,0.728302747,0.684429851,0.167236894,0.091915563,0.308728278,0.170508534,0.04925026
0.725233531,0.584622242,0.722725413,0.62888002,0.751421627,0.148336887,0.059197932,0.143956378,0.124485344,0.112333924
0.756899066,0.574000643,0.726041432,0.473381589,0.768361416,0.024052955,0.170508534,0.131222859,0.097140022,0.091915563
0.74096579,0.51615533,0.68809343,0.250336495,0.738304208,0.082613394,0.124485344,0.04925026,0.167236894,0.059197932
0.67887097,0.407322889,0.597813196,0.060944371,0.665766586,0.104029596,0.097140022,0.112333924,0.148336887,0.170508534
0.570235264,0.260508761,0.456730347,1.38311E-06,0.553962919,0.456096262,0.167236894,0.091915563,0.024052955,0.124485344
0.416920384,0.102553694,0.26401039,0,0.390631997,0.823746622,0.148336887,0.059197932,0.082613394,0.097140022
0.221637744,0.014300045,0.077175757,0,0.177615609,0.726981997,0.024052955,0.170508534,0.104029596,0.167236894
0.057293657,0,1.34011E-05,0,0.030836673,0.702897787,0.082613394,0.124485344,0.456096262,0.148336887
3.41114E-05,0,0,0,0,0.765681326,0.104029596,0.097140022,0.823746622,0.024052955
0,0,0,0,0,0.689875782,0.456096262,0.167236894,0.726981997,0.082613394
0,0,0,0,0,0.529498637,0.823746622,0.148336887,0.702897787,0.104029596
0,0,0,0,0,0.580190957,0.726981997,0.024052955,0.765681326,0.456096262
0,0,0,0,0,0.613375008,0.702897787,0.082613394,0.689875782,0.823746622
0,0,0,0,0,0.588745177,0.765681326,0.104029596,0.529498637,0.726981997
0,0,0,0,0,0.503842175,0.689875782,0.456096262,0.580190957,0.702897787
0,0,0,0.025073524,0,0.38166672,0.529498637,0.823746622,0.613375008,0.765681326
0,0,0,0.167213774,0,0.330908597,0.580190957,0.726981997,0.588745177,0.689875782
0,0,0,0.390428629,0,0.619092941,0.613375008,0.702897787,0.503842175,0.529498637
0,0.037532443,0.003868023,0.568145263,0,0.640754819,0.588745177,0.765681326,0.38166672,0.580190957
0.028168545,0.140088176,0.101290592,0.68711925,0.041892604,0.944844961,0.503842175,0.689875782,0.330908597,0.613375008
0.160302325,0.26583767,0.294546236,0.758916818,0.197856604,0.919333339,0.38166672,0.529498637,0.619092941,0.588745177
0.362082816,0.377160786,0.469067997,0.783747726,0.408958317,0.918631434,0.330908597,0.580190957,0.640754819,0.503842175
0.530113946,0.447654768,0.578649811,0.762441927,0.567525801,0.949620664,0.619092941,0.613375008,0.944844961,0.38166672
0.648287274,0.48532939,0.644331343,0.698253468,0.67165112,0.996285558,0.640754819,0.588745177,0.919333339,0.330908597
0.725233531,0.506184212,0.685036796,0.596198017,0.73352516,0.992717087,0.944844961,0.503842175,0.918631434,0.619092941
0.756899066,0.498039613,0.683616935,0.450350691,0.745181335,0.895395994,0.919333339,0.38166672,0.949620664,0.640754819
0.74096579,0.446905322,0.634604094,0.250833166,0.702036772,0.698809862,0.918631434,0.330908597,0.996285558,0.944844961
0.67887097,0.35310421,0.539979251,0.068891904,0.612361932,0.835425735,0.949620664,0.619092941,0.992717087,0.919333339
0.570235264,0.230271213,0.40483065,0.000116228,0.487108263,0.846116006,0.996285558,0.640754819,0.895395994,0.918631434
0.416920384,0.103127727,0.236368341,0,0.326528888,0.754273534,0.992717087,0.944844961,0.698809862,0.949620664
0.221637744,0.022464273,0.074067777,0,0.143563538,0.481987864,0.895395994,0.919333339,0.835425735,0.996285558
0.057293657,0,0.000948928,0,0.025041943,0.452115178,0.698809862,0.918631434,0.846116006,0.992717087
3.41114E-05,0,0,0,0,0.604782939,0.835425735,0.949620664,0.754273534,0.895395994
0,0,0,0,0,0.685600042,0.846116006,0.996285558,0.481987864,0.698809862
0,0,0,0,0,0.548138678,0.754273534,0.992717087,0.452115178,0.835425735
0,0,0,0,0,0.530227661,0.481987864,0.895395994,0.604782939,0.846116006
0,0,0,0,0,0.762304723,0.452115178,0.698809862,0.685600042,0.754273534
0,0,0,0,0,0.954097629,0.604782939,0.835425735,0.548138678,0.481987864
0,0,0,4.61733E-05,0,0.802796006,0.685600042,0.846116006,0.530227661,0.452115178
0,0,0,0.051132897,0,0.309461206,0.548138678,0.754273534,0.762304723,0.604782939
0,0,0,0.201223075,0,0.227497831,0.530227661,0.481987864,0.954097629,0.685600042
0,1.48304E-05,0,0.390759057,0,0.130009264,0.762304723,0.452115178,0.802796006,0.548138678
0,0.041901765,0.031332117,0.542294478,0,0.185650513,0.954097629,0.604782939,0.309461206,0.530227661
0.028168545,0.137421175,0.139127236,0.648332113,0.047171215,0.051776744,0.802796006,0.685600042,0.227497831,0.762304723
0.160302325,0.242002969,0.297028066,0.716780582,0.187775675,0.041425947,0.309461206,0.548138678,0.130009264,0.954097629
0.362082816,0.338567293,0.445079902,0.738765045,0.367188644,0.054722574,0.227497831,0.530227661,0.185650513,0.802796006
0.530113946,0.401563541,0.543373462,0.712781336,0.510468614,0.070132747,0.130009264,0.762304723,0.051776744,0.309461206
0.648287274,0.436941314,0.603885151,0.645864238,0.608344035,0.10506279,0.185650513,0.954097629,0.041425947,0.227497831
0.725233531,0.462796942,0.640312384,0.546613672,0.666862404,0.093633741,0.051776744,0.802796006,0.054722574,0.130009264
0.756899066,0.459183438,0.637826805,0.412264722,0.676640003,0.118105344,0.041425947,0.309461206,0.070132747,0.185650513
0.74096579,0.413408086,0.591346389,0.237827855,0.63468312,0.163032696,0.054722574,0.227497831,0.10506279,0.051776744
0.67887097,0.329442766,0.502125418,0.072066607,0.547155048,0.194962233,0.070132747,0.130009264,0.093633741,0.041425947
0.570235264,0.222679736,0.380468501,0.001617507,0.426888148,0.106465325,0.10506279,0.185650513,0.118105344,0.054722574
0.416920384,0.114757868,0.228503579,0,0.281131836,0.209237561,0.093633741,0.051776744,0.163032696,0.070132747
0.221637744,0.032010288,0.078080236,0,0.125623376,0.295577675,0.118105344,0.041425947,0.194962233,0.10506279
0.057293657,0.000034643,0.005393065,0,0.024670557,0.669682384,0.163032696,0.054722574,0.106465325,0.093633741
3.41114E-05,0,0,0,0,0.448851049,0.194962233,0.070132747,0.209237561,0.118105344
0,0,0,0,0,0.513685226,0.106465325,0.10506279,0.295577675,0.163032696
0,0,0,0,0,0.272812992,0.209237561,0.093633741,0.669682384,0.194962233
0,0,0,0,0,0.189096093,0.295577675,0.118105344,0.448851049,0.106465325
0,0,0,0,0,0.187501967,0.669682384,0.163032696,0.513685226,0.209237561
0,0,0,0,0,0.23082523,0.448851049,0.194962233,0.272812992,0.295577675
0,0,0,9.70967E-05,0,0.260996312,0.513685226,0.106465325,0.189096093,0.669682384
0,0,0,0.036548051,0,0.085606351,0.272812992,0.209237561,0.187501967,0.448851049
0,0,0,0.143809314,0,0.004457365,0.189096093,0.295577675,0.23082523,0.513685226
0,7.14015E-05,0,0.289325059,0,0,0.187501967,0.669682384,0.260996312,0.272812992
0,0.031869727,0.025743095,0.404995217,0,0,0.23082523,0.448851049,0.085606351,0.189096093
0.028168545,0.10870986,0.110508646,0.485059818,0.02963198,2.17E-05,0.260996312,0.513685226,0.004457365,0.187501967
0.160302325,0.206185735,0.245873715,0.540685957,0.135438419,0.000206238,0.085606351,0.272812992,0,0.23082523
0.362082816,0.305360592,0.384765591,0.551912019,0.287872523,0.009096572,0.004457365,0.189096093,0,0.260996312
0.530113946,0.37405333,0.478454849,0.52513961,0.413572375,0.049844336,0,0.187501967,2.17E-05,0.085606351
0.648287274,0.412433023,0.533131936,0.46760344,0.496553231,0.041673396,0,0.23082523,0.000206238,0.004457365
0.725233531,0.434805188,0.560503147,0.384929871,0.54165551,0.032501303,2.17E-05,0.260996312,0.009096572,0
0.756899066,0.429373165,0.550105804,0.28015749,0.541526563,0.024440698,0.000206238,0.085606351,0.049844336,0
0.74096579,0.392086579,0.504116346,0.154844094,0.503830855,0.234231293,0.009096572,0.004457365,0.041673396,2.17E-05
0.67887097,0.319812186,0.424875087,0.046888747,0.432579925,0.182508469,0.049844336,0,0.032501303,0.000206238
0.570235264,0.221984813,0.322115372,0.002993463,0.332956098,0.549624383,0.041673396,0,0.024440698,0.009096572
0.416920384,0.12148518,0.198185993,0,0.21481898,0.821819901,0.032501303,2.17E-05,0.234231293,0.049844336
0.221637744,0.037536667,0.076320581,0,0.099509431,0.746020496,0.024440698,0.000206238,0.182508469,0.041673396
0.057293657,0.001276633,0.011554049,0,0.023984818,0.918390453,0.234231293,0.009096572,0.549624383,0.032501303
3.41114E-05,0,0,0,5.33106E-06,0.955227137,0.182508469,0.049844336,0.821819901,0.024440698
0,0,0,0,0,0.948109925,0.549624383,0.041673396,0.746020496,0.234231293
0,0,0,0,0,0.88362062,0.821819901,0.032501303,0.918390453,0.182508469
0,0,0,0,0,0.604421318,0.746020496,0.024440698,0.955227137,0.549624383
0,0,0,0,0,0.511231661,0.918390453,0.234231293,0.948109925,0.821819901
0,0,0,0,0,0.304277927,0.955227137,0.182508469,0.88362062,0.746020496
0,0,0,6.97174E-07,0,0.628579199,0.948109925,0.549624383,0.604421318,0.918390453
0,0,0,0.013549298,0,0.396858156,0.88362062,0.821819901,0.511231661,0.955227137
0,0,0,0.070179459,0,0.0951204,0.604421318,0.746020496,0.304277927,0.948109925
0,0,0,0.1649287,0,5.76E-06,0.511231661,0.918390453,0.628579199,0.88362062
0,0.018367976,0.008699189,0.24537725,0,0.000378961,0.304277927,0.955227137,0.396858156,0.604421318
0.028168545,0.073878282,0.057796778,0.303188768,0.019176917,0.006035675,0.628579199,0.948109925,0.0951204,0.511231661
0.160302325,0.162886631,0.158517318,0.349695235,0.097453136,0.0488378,0.396858156,0.88362062,5.76E-06,0.304277927
0.362082816,0.264600588,0.276008548,0.369299561,0.226656626,0.0644297,0.0951204,0.604421318,0.000378961,0.628579199
0.530113946,0.345009389,0.359633278,0.356433124,0.344153534,0.128293231,5.76E-06,0.511231661,0.006035675,0.396858156
0.648287274,0.395807962,0.406551005,0.315890947,0.423652467,0.182692677,0.000378961,0.304277927,0.0488378,0.0951204
0.725233531,0.421341656,0.431033394,0.25738533,0.467690279,0.192516029,0.006035675,0.628579199,0.0644297,5.76E-06
0.756899066,0.413537762,0.426120426,0.181499574,0.470649699,0.039216444,0.0488378,0.396858156,0.128293231,0.000378961
0.74096579,0.372044019,0.392856392,0.094245247,0.436196213,0.101363964,0.0644297,0.0951204,0.182692677,0.006035675
0.67887097,0.301515608,0.327540149,0.026673526,0.37098972,0.146444976,0.128293231,5.76E-06,0.192516029,0.0488378
0.570235264,0.211032957,0.243267778,0.001714032,0.283949661,0.266005635,0.182692677,0.000378961,0.039216444,0.0644297
0.416920384,0.114473305,0.149093864,0,0.181293397,0.616721749,0.192516029,0.006035675,0.101363964,0.128293231
0.221637744,0.03487298,0.060032846,0,0.082196902,0.451126069,0.039216444,0.0488378,0.146444976,0.182692677
0.057293657,0.001742103,0.010929424,0,0.019225853,0.689335227,0.101363964,0.0644297,0.266005635,0.192516029
3.41114E-05,0,0,0,4.95409E-06,0.847990394,0.146444976,0.128293231,0.616721749,0.039216444
0,0,0,0,0,0.884072363,0.266005635,0.182692677,0.451126069,0.101363964
0,0,0,0,0,0.887978971,0.616721749,0.192516029,0.689335227,0.146444976
0,0,0,0,0,0.89805311,0.451126069,0.039216444,0.847990394,0.266005635
0,0,0,0,0,0.835473359,0.689335227,0.101363964,0.884072363,0.616721749
0,0,0,0,0,0.532066703,0.847990394,0.146444976,0.887978971,0.451126069
0,0,0,0,0,0.177762359,0.884072363,0.266005635,0.89805311,0.689335227
0,0,0,0.009289247,0,0.141720816,0.887978971,0.616721749,0.835473359,0.847990394
0,0,0,0.072100959,0,0.017205665,0.89805311,0.451126069,0.532066703,0.884072363
0,0,0,0.190405276,0,0,0.835473359,0.689335227,0.177762359,0.887978971
0,0.021596612,0.001614276,0.277139654,0,5.20E-06,0.532066703,0.847990394,0.141720816,0.89805311
0.028168545,0.096107401,0.054766203,0.331102721,0.0177531,0.027736813,0.177762359,0.884072363,0.017205665,0.835473359
0.160302325,0.208913968,0.182334557,0.378329198,0.099663088,0.062012665,0.141720816,0.887978971,0,0.532066703
0.362082816,0.322561179,0.32461304,0.400660292,0.239711236,0.143795207,0.017205665,0.89805311,5.20E-06,0.177762359
0.530113946,0.412043789,0.422807408,0.392230459,0.360126451,0.178778782,0,0.835473359,0.027736813,0.141720816
0.648287274,0.468468826,0.475910669,0.350881023,0.435836919,0.325861305,5.20E-06,0.532066703,0.062012665,0.017205665
0.725233531,0.49205162,0.504584821,0.284926348,0.478373291,0.382988006,0.027736813,0.177762359,0.143795207,0
0.756899066,0.484090573,0.497714406,0.199204372,0.484508526,0.173221931,0.062012665,0.141720816,0.178778782,5.20E-06
0.74096579,0.436573502,0.453280358,0.107543947,0.449445168,0.250774711,0.143795207,0.017205665,0.325861305,0.027736813
0.67887097,0.351093142,0.376573745,0.031123546,0.378401934,0.359562755,0.178778782,0,0.382988006,0.062012665
0.570235264,0.241245504,0.274951864,0.000395911,0.285959871,0.620792091,0.325861305,5.20E-06,0.173221931,0.143795207
0.416920384,0.123367517,0.158785041,0,0.176977658,0.517362297,0.382988006,0.027736813,0.250774711,0.178778782
0.221637744,0.033417793,0.053587996,0,0.074270379,0.661768436,0.173221931,0.062012665,0.359562755,0.325861305
0.057293657,0.000154151,0.004798177,0,0.014648873,0.886654139,0.250774711,0.143795207,0.620792091,0.382988006
3.41114E-05,0,0,0,0,0.944265723,0.359562755,0.178778782,0.517362297,0.173221931
0,0,0,0,0,0.945914149,0.620792091,0.325861305,0.661768436,0.250774711
0,0,0,0,0,0.919841647,0.517362297,0.382988006,0.886654139,0.359562755
0,0,0,0,0,0.84449023,0.661768436,0.173221931,0.944265723,0.620792091
0,0,0,0,0,0.848126411,0.886654139,0.250774711,0.945914149,0.517362297
0,0,0,0,0,0.861258924,0.944265723,0.359562755,0.919841647,0.661768436
0,0,0,0,0,0.929770112,0.945914149,0.620792091,0.84449023,0.886654139
0,0,0,0.010365576,0,0.831433773,0.919841647,0.517362297,0.848126411,0.944265723
0,0,0,0.10412263,0,0.879223168,0.84449023,0.661768436,0.861258924,0.945914149
0,0,0,0.278629414,0,0.907230675,0.848126411,0.886654139,0.929770112,0.919841647
0,0.018129165,9.97578E-06,0.407806705,0,0.873942196,0.861258924,0.944265723,0.831433773,0.84449023
0.028168545,0.098892003,0.065960248,0.480577685,0.024634202,0.935139775,0.929770112,0.945914149,0.879223168,0.848126411
0.160302325,0.224293789,0.221993233,0.525078266,0.1388315,0.982589841,0.831433773,0.919841647,0.907230675,0.861258924
0.362082816,0.335391152,0.379960332,0.530232129,0.316784795,0.995923579,0.879223168,0.84449023,0.873942196,0.929770112
0.530113946,0.404257016,0.473395401,0.502002626,0.455255007,0.99724257,0.907230675,0.848126411,0.935139775,0.831433773
0.648287274,0.44592744,0.519037537,0.437831578,0.539025892,0.956187367,0.873942196,0.861258924,0.982589841,0.879223168
0.725233531,0.46954489,0.53764809,0.351699874,0.580651139,0.984150648,0.935139775,0.929770112,0.995923579,0.907230675
0.756899066,0.458529972,0.520718864,0.239025677,0.575155643,0.917602122,0.982589841,0.831433773,0.99724257,0.873942196
0.74096579,0.405668318,0.467542763,0.10842361,0.526155639,0.633626342,0.995923579,0.879223168,0.956187367,0.935139775
0.67887097,0.308281378,0.379580114,0.022472359,0.438464912,0.435737133,0.99724257,0.907230675,0.984150648,0.982589841
0.570235264,0.191771429,0.266716478,7.08008E-07,0.328380989,0.553100049,0.956187367,0.873942196,0.917602122,0.995923579
0.416920384,0.078755196,0.138112833,0,0.197238204,0.755872071,0.984150648,0.935139775,0.633626342,0.99724257
0.221637744,0.012112534,0.036178216,0,0.070617725,0.600292861,0.917602122,0.982589841,0.435737133,0.956187367
0.057293657,0,0.000114229,0,0.00858835,0.794487178,0.633626342,0.995923579,0.553100049,0.984150648
3.41114E-05,0,0,0,0,0.763448298,0.435737133,0.99724257,0.755872071,0.917602122
0,0,0,0,0,0.454746097,0.553100049,0.956187367,0.600292861,0.633626342
0,0,0,0,0,0.431725323,0.755872071,0.984150648,0.794487178,0.435737133
0,0,0,0,0,0.433488607,0.600292861,0.917602122,0.763448298,0.553100049
0,0,0,0,0,0.421672016,0.794487178,0.633626342,0.454746097,0.755872071
0,0,0,0,0,0.259159923,0.763448298,0.435737133,0.431725323,0.600292861
0,0,0,0,0,0.388647884,0.454746097,0.553100049,0.433488607,0.794487178
0,0,0,0.008339044,0,0.229400888,0.431725323,0.755872071,0.421672016,0.763448298
0,0,0,0.125738749,0,0.050479695,0.433488607,0.600292861,0.259159923,0.454746097
0,0,0,0.342778783,0,0.013633488,0.421672016,0.794487178,0.388647884,0.431725323
0,0.005753611,0,0.516879638,0,0.168368682,0.259159923,0.763448298,0.229400888,0.433488607
0.028168545,0.112826529,0.077506826,0.62658799,0.02556177,0.322285056,0.388647884,0.454746097,0.050479695,0.421672016
0.160302325,0.29605062,0.25839701,0.682536924,0.156097684,0.309980959,0.229400888,0.431725323,0.013633488,0.259159923
0.362082816,0.43061533,0.432675956,0.686536735,0.353591363,0.27988708,0.050479695,0.433488607,0.168368682,0.388647884
0.530113946,0.499194474,0.533182454,0.647163858,0.499175391,0.270077437,0.013633488,0.421672016,0.322285056,0.229400888
0.648287274,0.533077332,0.582899802,0.565915282,0.586025609,0.271634936,0.168368682,0.259159923,0.309980959,0.050479695
0.725233531,0.549128151,0.605466964,0.442333116,0.629005684,0.322371453,0.322285056,0.388647884,0.27988708,0.013633488
0.756899066,0.52604716,0.588487885,0.276098901,0.620883644,0.17253983,0.309980959,0.229400888,0.270077437,0.168368682
0.74096579,0.463501501,0.526844348,0.097498627,0.566066032,0.072946914,0.27988708,0.050479695,0.271634936,0.322285056
0.67887097,0.357537248,0.425540756,0.005894177,0.477118589,0.166520938,0.270077437,0.013633488,0.322371453,0.309980959
0.570235264,0.213653945,0.283684551,0,0.355129183,0.445482522,0.271634936,0.168368682,0.17253983,0.27988708
0.416920384,0.067541782,0.112683202,0,0.203556536,0.51720804,0.322371453,0.322285056,0.072946914,0.270077437
0.221637744,0.000363079,0.012219102,0,0.062029891,0.433076054,0.17253983,0.309980959,0.166520938,0.271634936
0.057293657,0,0,0,0.000766355,0.383758038,0.072946914,0.27988708,0.445482522,0.322371453
3.41114E-05,0,0,0,0,0.297855675,0.166520938,0.270077437,0.51720804,0.17253983
0,0,0,0,0,0.114680372,0.445482522,0.271634936,0.433076054,0.072946914
0,0,0,0,0,0.129284158,0.51720804,0.322371453,0.383758038,0.166520938
0,0,0,0,0,0.062271252,0.433076054,0.17253983,0.297855675,0.445482522
0,0,0,0,0,0.017396417,0.383758038,0.072946914,0.114680372,0.51720804
0,0,0,0,0,0.09497606,0.297855675,0.166520938,0.129284158,0.433076054
0,0,0,0,0,0.076697059,0.114680372,0.445482522,0.062271252,0.383758038
0,0,0,0.001096135,0,0.060475286,0.129284158,0.51720804,0.017396417,0.297855675
0,0,0,0.107148217,0,0.041478485,0.062271252,0.433076054,0.09497606,0.114680372
0,0,0,0.329040347,0,0,0.017396417,0.383758038,0.076697059,0.129284158
0,0,0,0.517244325,0,0,0.09497606,0.297855675,0.060475286,0.062271252
0.028168545,0.109948012,0.051050887,0.630445419,0.008493476,0,0.076697059,0.114680372,0.041478485,0.017396417
0.160302325,0.328276278,0.221020596,0.687481075,0.147571789,0.000113007,0.060475286,0.129284158,0,0.09497606
0.362082816,0.500389856,0.4235184,0.695377762,0.380535076,0.002160833,0.041478485,0.062271252,0,0.076697059
0.530113946,0.582692407,0.553563866,0.661083169,0.530433368,0.044768546,0,0.017396417,0,0.060475286
0.648287274,0.619939029,0.625051986,0.581190504,0.610164795,0.128320843,0,0.09497606,0.000113007,0.041478485
0.725233531,0.636590034,0.650565976,0.450220806,0.649094112,0.22648406,0,0.076697059,0.002160833,0
0.756899066,0.608664542,0.631141084,0.265459406,0.640143269,0.431267411,0.000113007,0.060475286,0.044768546,0
0.74096579,0.533595096,0.566111088,0.079720202,0.589878402,0.390916973,0.002160833,0.041478485,0.128320843,0
0.67887097,0.406246521,0.444986446,0.000288221,0.502673365,0.561297715,0.044768546,0,0.22648406,0.000113007
0.570235264,0.214778245,0.268523736,0,0.376077865,0.762043893,0.128320843,0,0.431267411,0.002160833
0.416920384,0.0507441,0.084389002,0,0.21685208,0.939086914,0.22648406,0,0.390916973,0.044768546
0.221637744,0,0.000352542,0,0.065806525,0.842879713,0.431267411,0.000113007,0.561297715,0.128320843
0.057293657,0,0,0,0,0.899552643,0.390916973,0.002160833,0.762043893,0.22648406
3.41114E-05,0,0,0,0,0.898537457,0.561297715,0.044768546,0.939086914,0.431267411
0,0,0,0,0,0.919531405,0.762043893,0.128320843,0.842879713,0.390916973
0,0,0,0,0,0.881030142,0.939086914,0.22648406,0.899552643,0.561297715
0,0,0,0,0,0.816081524,0.842879713,0.431267411,0.898537457,0.762043893
0,0,0,0,0,0.825923443,0.899552643,0.390916973,0.919531405,0.939086914
0,0,0,0,0,0.970561087,0.898537457,0.561297715,0.881030142,0.842879713
0,0,0,0,0,0.585050523,0.919531405,0.762043893,0.816081524,0.899552643
0,0,0,0,0,0.694180012,0.881030142,0.939086914,0.825923443,0.898537457
0,0,0,0.055830753,0,0.989474654,0.816081524,0.842879713,0.970561087,0.919531405
0,0,0,0.244582415,0,0.976492524,0.825923443,0.899552643,0.585050523,0.881030142
0,0,0,0.450991233,0,0.987991273,0.970561087,0.898537457,0.694180012,0.816081524
0.028168545,0.064766638,0.004242237,0.572971741,0.00006223,1,0.585050523,0.919531405,0.989474654,0.825923443
0.160302325,0.255268649,0.135981336,0.641610296,0.108882234,1,0.694180012,0.881030142,0.976492524,0.970561087
0.362082816,0.453660127,0.354738922,0.660908146,0.329000576,1,0.989474654,0.816081524,0.987991273,0.585050523
0.530113946,0.542779921,0.46872776,0.637427114,0.488560151,1,0.976492524,0.825923443,1,0.694180012
0.648287274,0.584379829,0.526999394,0.566945239,0.575258615,1,0.987991273,0.970561087,1,0.989474654
0.725233531,0.610835519,0.57363402,0.445826035,0.625140117,1,1,0.585050523,1,0.976492524
0.756899066,0.591498424,0.575769929,0.27544807,0.627792799,1,1,0.694180012,1,0.987991273
0.74096579,0.522767137,0.528135535,0.091087146,0.588121505,1,1,0.989474654,1,1
0.67887097,0.398029936,0.418195272,0.001916967,0.507992297,0.999052465,1,0.976492524,1,1
0.570235264,0.214457839,0.262842486,0,0.38945216,0.995553553,1,0.987991273,1,1
0.416920384,0.053774111,0.090474622,0,0.242685424,0.985252142,1,1,1,1
0.221637744,0,0.001099239,0,0.082892423,0.726023734,1,1,0.999052465,1
0.057293657,0,0,0,0.000256649,0.541323125,1,1,0.995553553,1
3.41114E-05,0,0,0,0,0.546393216,0.999052465,1,0.985252142,1
0,0,0,0,0,0.610853374,0.995553553,1,0.726023734,1
0,0,0,0,0,0.678911865,0.985252142,1,0.541323125,0.999052465
0,0,0,0,0,0.7634812,0.726023734,1,0.546393216,0.995553553
0,0,0,0,0,0.854666889,0.541323125,1,0.610853374,0.985252142
0,0,0,0,0,0.992830038,0.546393216,0.999052465,0.678911865,0.726023734
0,0,0,0,0,0.963701785,0.610853374,0.995553553,0.7634812,0.541323125
0,0,0,0,0,0.930816412,0.678911865,0.985252142,0.854666889,0.546393216
0,0,0,0.036124838,0,0.962773561,0.7634812,0.726023734,0.992830038,0.610853374
0,0,0,0.227561325,0,0.975659966,0.854666889,0.541323125,0.963701785,0.678911865
0,0,0,0.474633847,0,0.95517838,0.992830038,0.546393216,0.930816412,0.7634812
0.028168545,0.0412833,3.87821E-07,0.621990347,0,0.857094347,0.963701785,0.610853374,0.962773561,0.854666889
0.160302325,0.21719522,0.123562505,0.703798963,0.099302754,0.750389695,0.930816412,0.678911865,0.975659966,0.992830038
0.362082816,0.437239152,0.350346208,0.73605817,0.322716078,0.536034942,0.962773561,0.7634812,0.95517838,0.963701785
0.530113946,0.555174385,0.470659642,0.727632665,0.515044317,0.50115335,0.975659966,0.854666889,0.857094347,0.930816412
0.648287274,0.618641955,0.530772992,0.67469884,0.630605142,0.350754082,0.95517838,0.992830038,0.750389695,0.962773561
0.725233531,0.654165025,0.593863891,0.57147126,0.697638048,0.509578526,0.857094347,0.963701785,0.536034942,0.975659966
0.756899066,0.644009549,0.61795828,0.40257636,0.716580655,0.277478278,0.750389695,0.930816412,0.50115335,0.95517838
0.74096579,0.584443909,0.591373309,0.167484634,0.694481821,0.198396832,0.536034942,0.962773561,0.350754082,0.857094347
0.67887097,0.461943299,0.497196321,0.018261165,0.629024793,0.302560478,0.50115335,0.975659966,0.509578526,0.750389695
0.570235264,0.279176191,0.34426557,0,0.517746087,0.42866829,0.350754082,0.95517838,0.277478278,0.536034942
0.416920384,0.087129579,0.143554844,0,0.350324394,0.656359136,0.509578526,0.857094347,0.198396832,0.50115335
0.221637744,9.21049E-05,0.016104115,0,0.13445333,0.672442734,0.277478278,0.750389695,0.302560478,0.350754082
0.057293657,0,0,0,0.009415295,0.742547035,0.198396832,0.536034942,0.42866829,0.509578526
3.41114E-05,0,0,0,0,0.804443896,0.302560478,0.50115335,0.656359136,0.277478278
0,0,0,0,0,0.836189687,0.42866829,0.350754082,0.672442734,0.198396832
0,0,0,0,0,0.840309381,0.656359136,0.509578526,0.742547035,0.302560478
0,0,0,0,0,0.730036616,0.672442734,0.277478278,0.804443896,0.42866829
0,0,0,0,0,0.884660244,0.742547035,0.198396832,0.836189687,0.656359136
0,0,0,0,0,0.931680143,0.804443896,0.302560478,0.840309381,0.672442734
0,0,0,0,0,0.881554186,0.836189687,0.42866829,0.730036616,0.742547035
0,0,0,0,0,0.596970022,0.840309381,0.656359136,0.884660244,0.804443896
0,0,0,0.059198695,0,0.334044278,0.730036616,0.672442734,0.931680143,0.836189687
0,0,0,0.260889475,0,0.280899853,0.884660244,0.742547035,0.881554186,0.840309381
0,0,0,0.494000346,0,0.392157227,0.931680143,0.804443896,0.596970022,0.730036616
0.028168545,0.06350896,0.008823963,0.640014732,8.97956E-06,0.222006544,0.881554186,0.836189687,0.334044278,0.884660244
0.160302325,0.226344513,0.148806513,0.724162328,0.107371269,0.098204508,0.596970022,0.840309381,0.280899853,0.931680143
0.362082816,0.399621076,0.382050465,0.760361472,0.345519128,0.033465073,0.334044278,0.730036616,0.392157227,0.881554186
0.530113946,0.506024334,0.537776593,0.753486574,0.549781914,0.032819699,0.280899853,0.884660244,0.222006544,0.596970022
0.648287274,0.564421175,0.630873886,0.702994787,0.672936237,0.118147463,0.392157227,0.931680143,0.098204508,0.334044278
0.725233531,0.593604255,0.68064409,0.607318086,0.747078476,0.115172677,0.222006544,0.881554186,0.033465073,0.280899853
0.756899066,0.587792531,0.687478942,0.450924309,0.773695645,0.090687223,0.098204508,0.596970022,0.032819699,0.392157227
0.74096579,0.535570515,0.650252901,0.221824347,0.755049595,0.103259966,0.033465073,0.334044278,0.118147463,0.222006544
0.67887097,0.420190117,0.557936247,0.044805602,0.691801778,0.241392031,0.032819699,0.280899853,0.115172677,0.098204508
0.570235264,0.261012072,0.410027556,0,0.585818496,0.198990613,0.118147463,0.392157227,0.090687223,0.033465073
0.416920384,0.091215323,0.208916103,0,0.423246743,0.207458615,0.115172677,0.222006544,0.103259966,0.032819699
0.221637744,0.004193493,0.048571953,0,0.193411402,0.377977371,0.090687223,0.098204508,0.241392031,0.118147463
0.057293657,0,0,0,0.03130264,0.339961112,0.103259966,0.033465073,0.198990613,0.115172677
3.41114E-05,0,0,0,0,0.242313579,0.241392031,0.032819699,0.207458615,0.090687223
0,0,0,0,0,0.185321137,0.198990613,0.118147463,0.377977371,0.103259966
0,0,0,0,0,0.163998887,0.207458615,0.115172677,0.339961112,0.241392031
0,0,0,0,0,0.075642176,0.377977371,0.090687223,0.242313579,0.198990613
0,0,0,0,0,0.125639528,0.339961112,0.103259966,0.185321137,0.207458615
0,0,0,0,0,0.113088697,0.242313579,0.241392031,0.163998887,0.377977371
0,0,0,0,0,0.048958693,0.185321137,0.198990613,0.075642176,0.339961112
0,0,0,0.003188397,0,0.072355554,0.163998887,0.207458615,0.125639528,0.242313579
0,0,0,0.109267752,0,0.000209131,0.075642176,0.377977371,0.113088697,0.185321137
0,0,0,0.338044572,0,0.000978208,0.125639528,0.339961112,0.048958693,0.163998887
0,0.002818922,0,0.544852225,0,0.037764892,0.113088697,0.242313579,0.072355554,0.075642176
0.028168545,0.097517573,0.064778894,0.678220947,0.006130837,0.058019858,0.048958693,0.185321137,0.000209131,0.125639528
0.160302325,0.274908586,0.24802122,0.757915152,0.140814396,0.108819075,0.072355554,0.163998887,0.000978208,0.113088697
0.362082816,0.421797906,0.453188661,0.791492929,0.385471322,0.185068265,0.000209131,0.075642176,0.037764892,0.048958693
0.530113946,0.509333356,0.591517346,0.782322524,0.569509923,0.227436423,0.000978208,0.125639528,0.058019858,0.072355554
0.648287274,0.559454539,0.678417539,0.728302747,0.684429851,0.072478332,0.037764892,0.113088697,0.108819075,0.000209131
0.725233531,0.584622242,0.722725413,0.62888002,0.751421627,0.03717871,0.058019858,0.048958693,0.185068265,0.000978208
0.756899066,0.574000643,0.726041432,0.473381589,0.768361416,0.07623706,0.108819075,0.072355554,0.227436423,0.037764892
0.74096579,0.51615533,0.68809343,0.250336495,0.738304208,0.152235523,0.185068265,0.000209131,0.072478332,0.058019858
0.67887097,0.407322889,0.597813196,0.060944371,0.665766586,0.280532122,0.227436423,0.000978208,0.03717871,0.108819075
0.570235264,0.260508761,0.456730347,1.38311E-06,0.553962919,0.261199355,0.072478332,0.037764892,0.07623706,0.185068265
0.416920384,0.102553694,0.26401039,0,0.390631997,0.245894283,0.03717871,0.058019858,0.152235523,0.227436423
0.221637744,0.014300045,0.077175757,0,0.177615609,0.468371987,0.07623706,0.108819075,0.280532122,0.072478332
0.057293657,0,1.34011E-05,0,0.030836673,0.332565784,0.152235523,0.185068265,0.261199355,0.03717871
3.41114E-05,0,0,0,0,0.164600521,0.280532122,0.227436423,0.245894283,0.07623706
0,0,0,0,0,0.159322843,0.261199355,0.072478332,0.468371987,0.152235523
0,0,0,0,0,0.203132525,0.245894283,0.03717871,0.332565784,0.280532122
0,0,0,0,0,0.151679963,0.468371987,0.07623706,0.164600521,0.261199355
0,0,0,0,0,0.066539206,0.332565784,0.152235523,0.159322843,0.245894283
0,0,0,0,0,0.080988511,0.164600521,0.280532122,0.203132525,0.468371987
0,0,0,0,0,0.116476722,0.159322843,0.261199355,0.151679963,0.332565784
0,0,0,0.025073524,0,0.074290074,0.203132525,0.245894283,0.066539206,0.164600521
0,0,0,0.167213774,0,0.055315424,0.151679963,0.468371987,0.080988511,0.159322843
0,0,0,0.390428629,0,0.060305949,0.066539206,0.332565784,0.116476722,0.203132525
0,0.037532443,0.003868023,0.568145263,0,0.153952226,0.080988511,0.164600521,0.074290074,0.151679963
0.028168545,0.140088176,0.101290592,0.68711925,0.041892604,0.163508609,0.116476722,0.159322843,0.055315424,0.066539206
0.160302325,0.26583767,0.294546236,0.758916818,0.197856604,0.16870743,0.074290074,0.203132525,0.060305949,0.080988511
0.362082816,0.377160786,0.469067997,0.783747726,0.408958317,0.45610705,0.055315424,0.151679963,0.153952226,0.116476722
0.530113946,0.447654768,0.578649811,0.762441927,0.567525801,0.350135744,0.060305949,0.066539206,0.163508609,0.074290074
0.648287274,0.48532939,0.644331343,0.698253468,0.67165112,0.407153845,0.153952226,0.080988511,0.16870743,0.055315424
0.725233531,0.506184212,0.685036796,0.596198017,0.73352516,0.455650806,0.163508609,0.116476722,0.45610705,0.060305949
0.756899066,0.498039613,0.683616935,0.450350691,0.745181335,0.430608004,0.16870743,0.074290074,0.350135744,0.153952226
0.74096579,0.446905322,0.634604094,0.250833166,0.702036772,0.39933753,0.45610705,0.055315424,0.407153845,0.163508609
0.67887097,0.35310421,0.539979251,0.068891904,0.612361932,0.384514451,0.350135744,0.060305949,0.455650806,0.16870743
0.570235264,0.230271213,0.40483065,0.000116228,0.487108263,0.362082362,0.407153845,0.153952226,0.430608004,0.45610705
0.416920384,0.103127727,0.236368341,0,0.326528888,0.222253829,0.455650806,0.163508609,0.39933753,0.350135744
0.221637744,0.022464273,0.074067777,0,0.143563538,0.439391404,0.430608004,0.16870743,0.384514451,0.407153845
0.057293657,0,0.000948928,0,0.025041943,0.362558722,0.39933753,0.45610705,0.362082362,0.455650806
3.41114E-05,0,0,0,0,0.26356101,0.384514451,0.350135744,0.222253829,0.430608004
0,0,0,0,0,0.295664042,0.362082362,0.407153845,0.439391404,0.39933753
0,0,0,0,0,0.18220605,0.222253829,0.455650806,0.362558722,0.384514451
0,0,0,0,0,0.497006118,0.439391404,0.430608004,0.26356101,0.362082362
0,0,0,0,0,0.845599949,0.362558722,0.39933753,0.295664042,0.222253829
0,0,0,0,0,0.789852023,0.26356101,0.384514451,0.18220605,0.439391404
0,0,0,4.61733E-05,0,0.757285476,0.295664042,0.362082362,0.497006118,0.362558722
0,0,0,0.051132897,0,0.821822345,0.18220605,0.222253829,0.845599949,0.26356101
0,0,0,0.201223075,0,0.984986365,0.497006118,0.439391404,0.789852023,0.295664042
0,1.48304E-05,0,0.390759057,0,0.956060052,0.845599949,0.362558722,0.757285476,0.18220605
0,0.041901765,0.031332117,0.542294478,0,0.84130621,0.789852023,0.26356101,0.821822345,0.497006118
0.028168545,0.137421175,0.139127236,0.648332113,0.047171215,0.531409204,0.757285476,0.295664042,0.984986365,0.845599949
0.160302325,0.242002969,0.297028066,0.716780582,0.187775675,0.501554668,0.821822345,0.18220605,0.956060052,0.789852023
0.362082816,0.338567293,0.445079902,0.738765045,0.367188644,0.607655287,0.984986365,0.497006118,0.84130621,0.757285476
0.530113946,0.401563541,0.543373462,0.712781336,0.510468614,0.549904048,0.956060052,0.845599949,0.531409204,0.821822345
0.648287274,0.436941314,0.603885151,0.645864238,0.608344035,0.728732049,0.84130621,0.789852023,0.501554668,0.984986365
0.725233531,0.462796942,0.640312384,0.546613672,0.666862404,0.756743014,0.531409204,0.757285476,0.607655287,0.956060052
0.756899066,0.459183438,0.637826805,0.412264722,0.676640003,0.344008088,0.501554668,0.821822345,0.549904048,0.84130621
0.74096579,0.413408086,0.591346389,0.237827855,0.63468312,0.267879903,0.607655287,0.984986365,0.728732049,0.531409204
0.67887097,0.329442766,0.502125418,0.072066607,0.547155048,0.199788079,0.549904048,0.956060052,0.756743014,0.501554668
0.570235264,0.222679736,0.380468501,0.001617507,0.426888148,0.239155143,0.728732049,0.84130621,0.344008088,0.607655287
0.416920384,0.114757868,0.228503579,0,0.281131836,0.504892051,0.756743014,0.531409204,0.267879903,0.549904048
0.221637744,0.032010288,0.078080236,0,0.125623376,0.626983345,0.344008088,0.501554668,0.199788079,0.728732049
0.057293657,0.000034643,0.005393065,0,0.024670557,0.829206884,0.267879903,0.607655287,0.239155143,0.756743014
3.41114E-05,0,0,0,0,5.39E-05,0.199788079,0.549904048,0.504892051,0.344008088
0,0,0,0,0,0.602670491,0.239155143,0.728732049,0.626983345,0.267879903
0,0,0,0,0,0.337674379,0.504892051,0.756743014,0.829206884,0.199788079
0,0,0,0,0,0.278578639,0.626983345,0.344008088,5.39E-05,0.239155143
0,0,0,0,0,0.187207401,0.829206884,0.267879903,0.602670491,0.504892051
0,0,0,0,0,0.215925097,5.39E-05,0.199788079,0.337674379,0.626983345
0,0,0,9.70967E-05,0,0.136005163,0.602670491,0.239155143,0.278578639,0.829206884
0,0,0,0.036548051,0,0.089080587,0.337674379,0.504892051,0.187207401,5.39E-05
0,0,0,0.143809314,0,0.050290864,0.278578639,0.626983345,0.215925097,0.602670491
0,7.14015E-05,0,0.289325059,0,0.004344241,0.187207401,0.829206884,0.136005163,0.337674379
0,0.031869727,0.025743095,0.404995217,0,0.020269733,0.215925097,5.39E-05,0.089080587,0.278578639
0.028168545,0.10870986,0.110508646,0.485059818,0.02963198,0.03037446,0.136005163,0.602670491,0.050290864,0.187207401
0.160302325,0.206185735,0.245873715,0.540685957,0.135438419,0.046146598,0.089080587,0.337674379,0.004344241,0.215925097
0.362082816,0.305360592,0.384765591,0.551912019,0.287872523,0.096565127,0.050290864,0.278578639,0.020269733,0.136005163
0.530113946,0.37405333,0.478454849,0.52513961,0.413572375,0.07148698,0.004344241,0.187207401,0.03037446,0.089080587
0.648287274,0.412433023,0.533131936,0.46760344,0.496553231,0.150165856,0.020269733,0.215925097,0.046146598,0.050290864
0.725233531,0.434805188,0.560503147,0.384929871,0.54165551,0.231649458,0.03037446,0.136005163,0.096565127,0.004344241
0.756899066,0.429373165,0.550105804,0.28015749,0.541526563,0.080233648,0.046146598,0.089080587,0.07148698,0.020269733
0.74096579,0.392086579,0.504116346,0.154844094,0.503830855,0.006048809,0.096565127,0.050290864,0.150165856,0.03037446
0.67887097,0.319812186,0.424875087,0.046888747,0.432579925,6.39E-05,0.07148698,0.004344241,0.231649458,0.046146598
0.570235264,0.221984813,0.322115372,0.002993463,0.332956098,0.00105951,0.150165856,0.020269733,0.080233648,0.096565127
0.416920384,0.12148518,0.198185993,0,0.21481898,0.082806423,0.231649458,0.03037446,0.006048809,0.07148698
0.221637744,0.037536667,0.076320581,0,0.099509431,0.338893205,0.080233648,0.046146598,6.39E-05,0.150165856
0.057293657,0.001276633,0.011554049,0,0.023984818,0.5032686,0.006048809,0.096565127,0.00105951,0.231649458
3.41114E-05,0,0,0,5.33106E-06,0.720429063,6.39E-05,0.07148698,0.082806423,0.080233648
0,0,0,0,0,0.570162356,0.00105951,0.150165856,0.338893205,0.006048809
0,0,0,0,0,0.429444849,0.082806423,0.231649458,0.5032686,6.39E-05
0,0,0,0,0,0.669078708,0.338893205,0.080233648,0.720429063,0.00105951
0,0,0,0,0,0.52009809,0.5032686,0.006048809,0.570162356,0.082806423
0,0,0,0,0,0.615174234,0.720429063,6.39E-05,0.429444849,0.338893205
0,0,0,6.97174E-07,0,0.851693571,0.570162356,0.00105951,0.669078708,0.5032686
0,0,0,0.013549298,0,0.723234475,0.429444849,0.082806423,0.52009809,0.720429063
0,0,0,0.070179459,0,0.712190688,0.669078708,0.338893205,0.615174234,0.570162356
0,0,0,0.1649287,0,0.464306027,0.52009809,0.5032686,0.851693571,0.429444849
0,0.018367976,0.008699189,0.24537725,0,0.581768215,0.615174234,0.720429063,0.723234475,0.669078708
0.028168545,0.073878282,0.057796778,0.303188768,0.019176917,0.46725589,0.851693571,0.570162356,0.712190688,0.52009809
0.160302325,0.162886631,0.158517318,0.349695235,0.097453136,0.654364824,0.723234475,0.429444849,0.464306027,0.615174234
0.362082816,0.264600588,0.276008548,0.369299561,0.226656626,0.657774389,0.712190688,0.669078708,0.581768215,0.851693571
0.530113946,0.345009389,0.359633278,0.356433124,0.344153534,0.6048522,0.464306027,0.52009809,0.46725589,0.723234475
0.648287274,0.395807962,0.406551005,0.315890947,0.423652467,0.618350983,0.581768215,0.615174234,0.654364824,0.712190688
0.725233531,0.421341656,0.431033394,0.25738533,0.467690279,0.784346521,0.46725589,0.851693571,0.657774389,0.464306027
0.756899066,0.413537762,0.426120426,0.181499574,0.470649699,0.700133085,0.654364824,0.723234475,0.6048522,0.581768215
0.74096579,0.372044019,0.392856392,0.094245247,0.436196213,0.306836605,0.657774389,0.712190688,0.618350983,0.46725589
0.67887097,0.301515608,0.327540149,0.026673526,0.37098972,0.658197522,0.6048522,0.464306027,0.784346521,0.654364824
0.570235264,0.211032957,0.243267778,0.001714032,0.283949661,0.843691945,0.618350983,0.581768215,0.700133085,0.657774389
0.416920384,0.114473305,0.149093864,0,0.181293397,0.978803039,0.784346521,0.46725589,0.306836605,0.6048522
0.221637744,0.03487298,0.060032846,0,0.082196902,0.766324818,0.700133085,0.654364824,0.658197522,0.618350983
0.057293657,0.001742103,0.010929424,0,0.019225853,0.967894971,0.306836605,0.657774389,0.843691945,0.784346521
3.41114E-05,0,0,0,4.95409E-06,0.976025045,0.658197522,0.6048522,0.978803039,0.700133085
0,0,0,0,0,0.986240864,0.843691945,0.618350983,0.766324818,0.306836605
0,0,0,0,0,0.985389531,0.978803039,0.784346521,0.967894971,0.658197522
0,0,0,0,0,0.8652125,0.766324818,0.700133085,0.976025045,0.843691945
0,0,0,0,0,0.78459537,0.967894971,0.306836605,0.986240864,0.978803039
0,0,0,0,0,0.531603336,0.976025045,0.658197522,0.985389531,0.766324818
0,0,0,0,0,0.336972117,0.986240864,0.843691945,0.8652125,0.967894971
0,0,0,0.009289247,0,0.656520963,0.985389531,0.978803039,0.78459537,0.976025045
0,0,0,0.072100959,0,0.391514659,0.8652125,0.766324818,0.531603336,0.986240864
0,0,0,0.190405276,0,0.462364256,0.78459537,0.967894971,0.336972117,0.985389531
0,0.021596612,0.001614276,0.277139654,0,0.578399718,0.531603336,0.976025045,0.656520963,0.8652125
0.028168545,0.096107401,0.054766203,0.331102721,0.0177531,0.443495989,0.336972117,0.986240864,0.391514659,0.78459537
0.160302325,0.208913968,0.182334557,0.378329198,0.099663088,0.301914573,0.656520963,0.985389531,0.462364256,0.531603336
0.362082816,0.322561179,0.32461304,0.400660292,0.239711236,0.401118428,0.391514659,0.8652125,0.578399718,0.336972117
0.530113946,0.412043789,0.422807408,0.392230459,0.360126451,0.193104565,0.462364256,0.78459537,0.443495989,0.656520963
0.648287274,0.468468826,0.475910669,0.350881023,0.435836919,0.33041963,0.578399718,0.531603336,0.301914573,0.391514659
0.725233531,0.49205162,0.504584821,0.284926348,0.478373291,0.071432531,0.443495989,0.336972117,0.401118428,0.462364256
0.756899066,0.484090573,0.497714406,0.199204372,0.484508526,0.061529294,0.301914573,0.656520963,0.193104565,0.578399718
0.74096579,0.436573502,0.453280358,0.107543947,0.449445168,0.270615041,0.401118428,0.391514659,0.33041963,0.443495989
0.67887097,0.351093142,0.376573745,0.031123546,0.378401934,0.309136778,0.193104565,0.462364256,0.071432531,0.301914573
0.570235264,0.241245504,0.274951864,0.000395911,0.285959871,0.556941986,0.33041963,0.578399718,0.061529294,0.401118428
0.416920384,0.123367517,0.158785041,0,0.176977658,0.380371124,0.071432531,0.443495989,0.270615041,0.193104565
0.221637744,0.033417793,0.053587996,0,0.074270379,0.180378228,0.061529294,0.301914573,0.309136778,0.33041963
0.057293657,0.000154151,0.004798177,0,0.014648873,0.292407036,0.270615041,0.401118428,0.556941986,0.071432531
3.41114E-05,0,0,0,0,0.598450959,0.309136778,0.193104565,0.380371124,0.061529294
0,0,0,0,0,0.662501574,0.556941986,0.33041963,0.180378228,0.270615041
0,0,0,0,0,0.424163461,0.380371124,0.071432531,0.292407036,0.309136778
0,0,0,0,0,0.86108011,0.180378228,0.061529294,0.598450959,0.556941986
0,0,0,0,0,0.840644836,0.292407036,0.270615041,0.662501574,0.380371124
0,0,0,0,0,0.4513188,0.598450959,0.309136778,0.424163461,0.180378228
0,0,0,0,0,0.323582321,0.662501574,0.556941986,0.86108011,0.292407036
0,0,0,0.010365576,0,0.418030173,0.424163461,0.380371124,0.840644836,0.598450959
0,0,0,0.10412263,0,0.080810949,0.86108011,0.180378228,0.4513188,0.662501574
0,0,0,0.278629414,0,0.104073808,0.840644836,0.292407036,0.323582321,0.424163461
0,0.018129165,9.97578E-06,0.407806705,0,0.236442462,0.4513188,0.598450959,0.418030173,0.86108011
0.028168545,0.098892003,0.065960248,0.480577685,0.024634202,0.381223321,0.323582321,0.662501574,0.080810949,0.840644836
0.160302325,0.224293789,0.221993233,0.525078266,0.1388315,0.402077168,0.418030173,0.424163461,0.104073808,0.4513188
0.362082816,0.335391152,0.379960332,0.530232129,0.316784795,0.27447772,0.080810949,0.86108011,0.236442462,0.323582321
0.530113946,0.404257016,0.473395401,0.502002626,0.455255007,0.095142066,0.104073808,0.840644836,0.381223321,0.418030173
0.648287274,0.44592744,0.519037537,0.437831578,0.539025892,0.080375493,0.236442462,0.4513188,0.402077168,0.080810949
0.725233531,0.46954489,0.53764809,0.351699874,0.580651139,0.142758012,0.381223321,0.323582321,0.27447772,0.104073808
0.756899066,0.458529972,0.520718864,0.239025677,0.575155643,0.169752017,0.402077168,0.418030173,0.095142066,0.236442462
0.74096579,0.405668318,0.467542763,0.10842361,0.526155639,0.1901775,0.27447772,0.080810949,0.080375493,0.381223321
0.67887097,0.308281378,0.379580114,0.022472359,0.438464912,0.21803838,0.095142066,0.104073808,0.142758012,0.402077168
0.570235264,0.191771429,0.266716478,7.08008E-07,0.328380989,0.157127023,0.080375493,0.236442462,0.169752017,0.27447772
0.416920384,0.078755196,0.138112833,0,0.197238204,0.437879592,0.142758012,0.381223321,0.1901775,0.095142066
0.221637744,0.012112534,0.036178216,0,0.070617725,0.549933553,0.169752017,0.402077168,0.21803838,0.080375493
0.057293657,0,0.000114229,0,0.00858835,0.57870394,0.1901775,0.27447772,0.157127023,0.142758012
3.41114E-05,0,0,0,0,0.473624468,0.21803838,0.095142066,0.437879592,0.169752017
0,0,0,0,0,0.421659768,0.157127023,0.080375493,0.549933553,0.1901775
0,0,0,0,0,0.564772367,0.437879592,0.142758012,0.57870394,0.21803838
0,0,0,0,0,0.429345876,0.549933553,0.169752017,0.473624468,0.157127023
0,0,0,0,0,0.544164777,0.57870394,0.1901775,0.421659768,0.437879592
0,0,0,0,0,0.546274722,0.473624468,0.21803838,0.564772367,0.549933553
0,0,0,0,0,0.708696067,0.421659768,0.157127023,0.429345876,0.57870394
0,0,0,0.008339044,0,0.543285131,0.564772367,0.437879592,0.544164777,0.473624468
0,0,0,0.125738749,0,0.403453559,0.429345876,0.549933553,0.546274722,0.421659768
0,0,0,0.342778783,0,0.470281392,0.544164777,0.57870394,0.708696067,0.564772367
0,0.005753611,0,0.516879638,0,0.505657375,0.546274722,0.473624468,0.543285131,0.429345876
0.028168545,0.112826529,0.077506826,0.62658799,0.02556177,0.763015985,0.708696067,0.421659768,0.403453559,0.544164777
0.160302325,0.29605062,0.25839701,0.682536924,0.156097684,0.734242797,0.543285131,0.564772367,0.470281392,0.546274722
0.362082816,0.43061533,0.432675956,0.686536735,0.353591363,0.581967711,0.403453559,0.429345876,0.505657375,0.708696067
0.530113946,0.499194474,0.533182454,0.647163858,0.499175391,0.488445789,0.470281392,0.544164777,0.763015985,0.543285131
0.648287274,0.533077332,0.582899802,0.565915282,0.586025609,0.756936312,0.505657375,0.546274722,0.734242797,0.403453559
0.725233531,0.549128151,0.605466964,0.442333116,0.629005684,0.738407016,0.763015985,0.708696067,0.581967711,0.470281392
0.756899066,0.52604716,0.588487885,0.276098901,0.620883644,0.753311574,0.734242797,0.543285131,0.488445789,0.505657375
0.74096579,0.463501501,0.526844348,0.097498627,0.566066032,0.782812536,0.581967711,0.403453559,0.756936312,0.763015985
0.67887097,0.357537248,0.425540756,0.005894177,0.477118589,0.169178814,0.488445789,0.470281392,0.738407016,0.734242797
0.570235264,0.213653945,0.283684551,0,0.355129183,0.350411385,0.756936312,0.505657375,0.753311574,0.581967711
0.416920384,0.067541782,0.112683202,0,0.203556536,0.178412557,0.738407016,0.763015985,0.782812536,0.488445789
0.221637744,0.000363079,0.012219102,0,0.062029891,0.21456857,0.753311574,0.734242797,0.169178814,0.756936312
0.057293657,0,0,0,0.000766355,0.362484336,0.782812536,0.581967711,0.350411385,0.738407016
3.41114E-05,0,0,0,0,0.213273749,0.169178814,0.488445789,0.178412557,0.753311574
0,0,0,0,0,0.151436165,0.350411385,0.756936312,0.21456857,0.782812536
0,0,0,0,0,0.156363919,0.178412557,0.738407016,0.362484336,0.169178814
0,0,0,0,0,0.14446789,0.21456857,0.753311574,0.213273749,0.350411385
0,0,0,0,0,0.104006998,0.362484336,0.782812536,0.151436165,0.178412557
0,0,0,0,0,0.066989422,0.213273749,0.169178814,0.156363919,0.21456857
0,0,0,0,0,0.049724519,0.151436165,0.350411385,0.14446789,0.362484336
0,0,0,0.001096135,0,0.011897431,0.156363919,0.178412557,0.104006998,0.213273749
0,0,0,0.107148217,0,0.004634357,0.14446789,0.21456857,0.066989422,0.151436165
0,0,0,0.329040347,0,0.01628332,0.104006998,0.362484336,0.049724519,0.156363919
0,0,0,0.517244325,0,0.010098691,0.066989422,0.213273749,0.011897431,0.14446789
0.028168545,0.109948012,0.051050887,0.630445419,0.008493476,0.001560208,0.049724519,0.151436165,0.004634357,0.104006998
0.160302325,0.328276278,0.221020596,0.687481075,0.147571789,0.008526641,0.011897431,0.156363919,0.01628332,0.066989422
0.362082816,0.500389856,0.4235184,0.695377762,0.380535076,0.017471137,0.004634357,0.14446789,0.010098691,0.049724519
0.530113946,0.582692407,0.553563866,0.661083169,0.530433368,0.049088411,0.01628332,0.104006998,0.001560208,0.011897431
0.648287274,0.619939029,0.625051986,0.581190504,0.610164795,0.034730215,0.010098691,0.066989422,0.008526641,0.004634357
0.725233531,0.636590034,0.650565976,0.450220806,0.649094112,0.025432749,0.001560208,0.049724519,0.017471137,0.01628332
0.756899066,0.608664542,0.631141084,0.265459406,0.640143269,0.001164898,0.008526641,0.011897431,0.049088411,0.010098691
0.74096579,0.533595096,0.566111088,0.079720202,0.589878402,0.012968408,0.017471137,0.004634357,0.034730215,0.001560208
0.67887097,0.406246521,0.444986446,0.000288221,0.502673365,0.005478158,0.049088411,0.01628332,0.025432749,0.008526641
0.570235264,0.214778245,0.268523736,0,0.376077865,0.024425555,0.034730215,0.010098691,0.001164898,0.017471137
0.416920384,0.0507441,0.084389002,0,0.21685208,0.001600952,0.025432749,0.001560208,0.012968408,0.049088411
0.221637744,0,0.000352542,0,0.065806525,0.015710842,0.001164898,0.008526641,0.005478158,0.034730215
0.057293657,0,0,0,0,0.015901523,0.012968408,0.017471137,0.024425555,0.025432749
3.41114E-05,0,0,0,0,0.018128684,0.005478158,0.049088411,0.001600952,0.001164898
0,0,0,0,0,0.002056014,0.024425555,0.034730215,0.015710842,0.012968408
0,0,0,0,0,0.003123416,0.001600952,0.025432749,0.015901523,0.005478158
0,0,0,0,0,0.001008441,0.015710842,0.001164898,0.018128684,0.024425555
0,0,0,0,0,0.002497311,0.015901523,0.012968408,0.002056014,0.001600952
0,0,0,0,0,0.000931522,0.018128684,0.005478158,0.003123416,0.015710842
0,0,0,0,0,0,0.002056014,0.024425555,0.001008441,0.015901523
0,0,0,0,0,0.000150353,0.003123416,0.001600952,0.002497311,0.018128684
0,0,0,0.055830753,0,0.006247665,0.001008441,0.015710842,0.000931522,0.002056014
0,0,0,0.244582415,0,4.11E-06,0.002497311,0.015901523,0,0.003123416
0,0,0,0.450991233,0,0.003721157,0.000931522,0.018128684,0.000150353,0.001008441
0.028168545,0.064766638,0.004242237,0.572971741,0.00006223,0.01791463,0,0.002056014,0.006247665,0.002497311
0.160302325,0.255268649,0.135981336,0.641610296,0.108882234,0.046740893,0.000150353,0.003123416,4.11E-06,0.000931522
0.362082816,0.453660127,0.354738922,0.660908146,0.329000576,0.061925638,0.006247665,0.001008441,0.003721157,0
0.530113946,0.542779921,0.46872776,0.637427114,0.488560151,0.051065058,4.11E-06,0.002497311,0.01791463,0.000150353
0.648287274,0.584379829,0.526999394,0.566945239,0.575258615,0.063815258,0.003721157,0.000931522,0.046740893,0.006247665
0.725233531,0.610835519,0.57363402,0.445826035,0.625140117,0.128864989,0.01791463,0,0.061925638,4.11E-06
0.756899066,0.591498424,0.575769929,0.27544807,0.627792799,0.029885035,0.046740893,0.000150353,0.051065058,0.003721157
0.74096579,0.522767137,0.528135535,0.091087146,0.588121505,0.104287528,0.061925638,0.006247665,0.063815258,0.01791463
0.67887097,0.398029936,0.418195272,0.001916967,0.507992297,0.142330542,0.051065058,4.11E-06,0.128864989,0.046740893
0.570235264,0.214457839,0.262842486,0,0.38945216,0.696731567,0.063815258,0.003721157,0.029885035,0.061925638
0.416920384,0.053774111,0.090474622,0,0.242685424,0.948983431,0.128864989,0.01791463,0.104287528,0.051065058
0.221637744,0,0.001099239,0,0.082892423,0.900351584,0.029885035,0.046740893,0.142330542,0.063815258
0.057293657,0,0,0,0.000256649,0.741643667,0.104287528,0.061925638,0.696731567,0.128864989
3.41114E-05,0,0,0,0,0.820943415,0.142330542,0.051065058,0.948983431,0.029885035
0,0,0,0,0,0.702606857,0.696731567,0.063815258,0.900351584,0.104287528
0,0,0,0,0,0.750306249,0.948983431,0.128864989,0.741643667,0.142330542
0,0,0,0,0,0.99172616,0.900351584,0.029885035,0.820943415,0.696731567
0,0,0,0,0,0.996505797,0.741643667,0.104287528,0.702606857,0.948983431
0,0,0,0,0,0.948494852,0.820943415,0.142330542,0.750306249,0.900351584
0,0,0,0,0,0.959520638,0.702606857,0.696731567,0.99172616,0.741643667
0,0,0,0,0,0.806253433,0.750306249,0.948983431,0.996505797,0.820943415
0,0,0,0.036124838,0,0.896062136,0.99172616,0.900351584,0.948494852,0.702606857
0,0,0,0.227561325,0,0.897956908,0.996505797,0.741643667,0.959520638,0.750306249
0,0,0,0.474633847,0,0.88837117,0.948494852,0.820943415,0.806253433,0.99172616
0.028168545,0.0412833,3.87821E-07,0.621990347,0,0.948483229,0.959520638,0.702606857,0.896062136,0.996505797
0.160302325,0.21719522,0.123562505,0.703798963,0.099302754,0.974336624,0.806253433,0.750306249,0.897956908,0.948494852
0.362082816,0.437239152,0.350346208,0.73605817,0.322716078,0.972741842,0.896062136,0.99172616,0.88837117,0.959520638
0.530113946,0.555174385,0.470659642,0.727632665,0.515044317,0.812293708,0.897956908,0.996505797,0.948483229,0.806253433
0.648287274,0.618641955,0.530772992,0.67469884,0.630605142,0.77067095,0.88837117,0.948494852,0.974336624,0.896062136
0.725233531,0.654165025,0.593863891,0.57147126,0.697638048,0.373289496,0.948483229,0.959520638,0.972741842,0.897956908
0.756899066,0.644009549,0.61795828,0.40257636,0.716580655,0.399668753,0.974336624,0.806253433,0.812293708,0.88837117
0.74096579,0.584443909,0.591373309,0.167484634,0.694481821,0.136327505,0.972741842,0.896062136,0.77067095,0.948483229
0.67887097,0.461943299,0.497196321,0.018261165,0.629024793,0.284345657,0.812293708,0.897956908,0.373289496,0.974336624
0.570235264,0.279176191,0.34426557,0,0.517746087,0.432108641,0.77067095,0.88837117,0.399668753,0.972741842
0.416920384,0.087129579,0.143554844,0,0.350324394,0.313663751,0.373289496,0.948483229,0.136327505,0.812293708
0.221637744,9.21049E-05,0.016104115,0,0.13445333,0.360781908,0.399668753,0.974336624,0.284345657,0.77067095
0.057293657,0,0,0,0.009415295,0.322921962,0.136327505,0.972741842,0.432108641,0.373289496
3.41114E-05,0,0,0,0,0.243654415,0.284345657,0.812293708,0.313663751,0.399668753
0,0,0,0,0,0.157990873,0.432108641,0.77067095,0.360781908,0.136327505
0,0,0,0,0,0.143793911,0.313663751,0.373289496,0.322921962,0.284345657
0,0,0,0,0,0.176722482,0.360781908,0.399668753,0.243654415,0.432108641
0,0,0,0,0,0.128973022,0.322921962,0.136327505,0.157990873,0.313663751
0,0,0,0,0,0.10721498,0.243654415,0.284345657,0.143793911,0.360781908
0,0,0,0,0,0.120678574,0.157990873,0.432108641,0.176722482,0.322921962
0,0,0,0,0,0.127228752,0.143793911,0.313663751,0.128973022,0.243654415
0,0,0,0.059198695,0,0.027402641,0.176722482,0.360781908,0.10721498,0.157990873
0,0,0,0.260889475,0,0.062172186,0.128973022,0.322921962,0.120678574,0.143793911
0,0,0,0.494000346,0,0.004510623,0.10721498,0.243654415,0.127228752,0.176722482
0.028168545,0.06350896,0.008823963,0.640014732,8.97956E-06,0.003737009,0.120678574,0.157990873,0.027402641,0.128973022
0.160302325,0.226344513,0.148806513,0.724162328,0.107371269,5.81E-05,0.127228752,0.143793911,0.062172186,0.10721498
0.362082816,0.399621076,0.382050465,0.760361472,0.345519128,0.0135539,0.027402641,0.176722482,0.004510623,0.120678574
0.530113946,0.506024334,0.537776593,0.753486574,0.549781914,0.035898123,0.062172186,0.128973022,0.003737009,0.127228752
0.648287274,0.564421175,0.630873886,0.702994787,0.672936237,0.036008358,0.004510623,0.10721498,5.81E-05,0.027402641
0.725233531,0.593604255,0.68064409,0.607318086,0.747078476,0.164216384,0.003737009,0.120678574,0.0135539,0.062172186
0.756899066,0.587792531,0.687478942,0.450924309,0.773695645,0.072726808,5.81E-05,0.127228752,0.035898123,0.004510623
0.74096579,0.535570515,0.650252901,0.221824347,0.755049595,0.076544836,0.0135539,0.027402641,0.036008358,0.003737009
0.67887097,0.420190117,0.557936247,0.044805602,0.691801778,0.174487755,0.035898123,0.062172186,0.164216384,5.81E-05
0.570235264,0.261012072,0.410027556,0,0.585818496,0.113026388,0.036008358,0.004510623,0.072726808,0.0135539
0.416920384,0.091215323,0.208916103,0,0.423246743,0.124498233,0.164216384,0.003737009,0.076544836,0.035898123
0.221637744,0.004193493,0.048571953,0,0.193411402,0.15258874,0.072726808,5.81E-05,0.174487755,0.036008358
0.057293657,0,0,0,0.03130264,0.144948363,0.076544836,0.0135539,0.113026388,0.164216384
3.41114E-05,0,0,0,0,0.161675349,0.174487755,0.035898123,0.124498233,0.072726808
0,0,0,0,0,0.226834446,0.113026388,0.036008358,0.15258874,0.076544836
0,0,0,0,0,0.386229157,0.124498233,0.164216384,0.144948363,0.174487755
0,0,0,0,0,0.344380617,0.15258874,0.072726808,0.161675349,0.113026388
0,0,0,0,0,0.247528479,0.144948363,0.076544836,0.226834446,0.124498233
0,0,0,0,0,0.275331765,0.161675349,0.174487755,0.386229157,0.15258874
0,0,0,0,0,0.120341755,0.226834446,0.113026388,0.344380617,0.144948363
0,0,0,0.003188397,0,0.176185265,0.386229157,0.124498233,0.247528479,0.161675349
0,0,0,0.109267752,0,0.070667557,0.344380617,0.15258874,0.275331765,0.226834446
0,0,0,0.338044572,0,0.031805024,0.247528479,0.144948363,0.120341755,0.386229157
0,0.002818922,0,0.544852225,0,0.002295011,0.275331765,0.161675349,0.176185265,0.344380617
0.028168545,0.097517573,0.064778894,0.678220947,0.006130837,1.61E-05,0.120341755,0.226834446,0.070667557,0.247528479
0.160302325,0.274908586,0.24802122,0.757915152,0.140814396,0,0.176185265,0.386229157,0.031805024,0.275331765
0.362082816,0.421797906,0.453188661,0.791492929,0.385471322,0,0.070667557,0.344380617,0.002295011,0.120341755
0.530113946,0.509333356,0.591517346,0.782322524,0.569509923,0.002891073,0.031805024,0.247528479,1.61E-05,0.176185265
0.648287274,0.559454539,0.678417539,0.728302747,0.684429851,0.01918966,0.002295011,0.275331765,0,0.070667557
0.725233531,0.584622242,0.722725413,0.62888002,0.751421627,0.018129956,1.61E-05,0.120341755,0,0.031805024
0.756899066,0.574000643,0.726041432,0.473381589,0.768361416,0.042193353,0,0.176185265,0.002891073,0.002295011
0.74096579,0.51615533,0.68809343,0.250336495,0.738304208,0.03451211,0,0.070667557,0.01918966,1.61E-05
0.67887097,0.407322889,0.597813196,0.060944371,0.665766586,0.011916862,0.002891073,0.031805024,0.018129956,0
0.570235264,0.260508761,0.456730347,1.38311E-06,0.553962919,0.000239574,0.01918966,0.002295011,0.042193353,0
0.416920384,0.102553694,0.26401039,0,0.390631997,0.025098011,0.018129956,1.61E-05,0.03451211,0.002891073
0.221637744,0.014300045,0.077175757,0,0.177615609,0.01051871,0.042193353,0,0.011916862,0.01918966
0.057293657,0,1.34011E-05,0,0.030836673,0.064233012,0.03451211,0,0.000239574,0.018129956
3.41114E-05,0,0,0,0,0.085986108,0.011916862,0.002891073,0.025098011,0.042193353
0,0,0,0,0,0.011883026,0.000239574,0.01918966,0.01051871,0.03451211
0,0,0,0,0,0.004548309,0.025098011,0.018129956,0.064233012,0.011916862
0,0,0,0,0,0.007965488,0.01051871,0.042193353,0.085986108,0.000239574
0,0,0,0,0,0.017966984,0.064233012,0.03451211,0.011883026,0.025098011
0,0,0,0,0,0.002194171,0.085986108,0.011916862,0.004548309,0.01051871
0,0,0,0,0,0,0.011883026,0.000239574,0.007965488,0.064233012
0,0,0,0.025073524,0,0.002524441,0.004548309,0.025098011,0.017966984,0.085986108
0,0,0,0.167213774,0,0.000431351,0.007965488,0.01051871,0.002194171,0.011883026
0,0,0,0.390428629,0,0,0.017966984,0.064233012,0,0.004548309
0,0.037532443,0.003868023,0.568145263,0,0,0.002194171,0.085986108,0.002524441,0.007965488
0.028168545,0.140088176,0.101290592,0.68711925,0.041892604,0.001531236,0,0.011883026,0.000431351,0.017966984
0.160302325,0.26583767,0.294546236,0.758916818,0.197856604,0.007927813,0.002524441,0.004548309,0,0.002194171
0.362082816,0.377160786,0.469067997,0.783747726,0.408958317,8.89E-05,0.000431351,0.007965488,0,0
0.530113946,0.447654768,0.578649811,0.762441927,0.567525801,0.000317914,0,0.017966984,0.001531236,0.002524441
0.648287274,0.48532939,0.644331343,0.698253468,0.67165112,0.001940046,0,0.002194171,0.007927813,0.000431351
0.725233531,0.506184212,0.685036796,0.596198017,0.73352516,0.011896339,0.001531236,0,8.89E-05,0
0.756899066,0.498039613,0.683616935,0.450350691,0.745181335,0.026891915,0.007927813,0.002524441,0.000317914,0
0.74096579,0.446905322,0.634604094,0.250833166,0.702036772,0.007569692,8.89E-05,0.000431351,0.001940046,0.001531236
0.67887097,0.35310421,0.539979251,0.068891904,0.612361932,0.002477842,0.000317914,0,0.011896339,0.007927813
0.570235264,0.230271213,0.40483065,0.000116228,0.487108263,0.005212133,0.001940046,0,0.026891915,8.89E-05
0.416920384,0.103127727,0.236368341,0,0.326528888,0.091180474,0.011896339,0.001531236,0.007569692,0.000317914
0.221637744,0.022464273,0.074067777,0,0.143563538,0.079935879,0.026891915,0.007927813,0.002477842,0.001940046
0.057293657,0,0.000948928,0,0.025041943,0.169124022,0.007569692,8.89E-05,0.005212133,0.011896339
3.41114E-05,0,0,0,0,0.184075803,0.002477842,0.000317914,0.091180474,0.026891915
0,0,0,0,0,0.22172296,0.005212133,0.001940046,0.079935879,0.007569692
0,0,0,0,0,0.183373541,0.091180474,0.011896339,0.169124022,0.002477842
0,0,0,0,0,0.11049369,0.079935879,0.026891915,0.184075803,0.005212133
0,0,0,0,0,0.256929904,0.169124022,0.007569692,0.22172296,0.091180474
0,0,0,0,0,0.184544161,0.184075803,0.002477842,0.183373541,0.079935879
0,0,0,4.61733E-05,0,0.126311868,0.22172296,0.005212133,0.11049369,0.169124022
0,0,0,0.051132897,0,0.063422926,0.183373541,0.091180474,0.256929904,0.184075803
0,0,0,0.201223075,0,0.085050307,0.11049369,0.079935879,0.184544161,0.22172296
0,1.48304E-05,0,0.390759057,0,0.054095674,0.256929904,0.169124022,0.126311868,0.183373541
0,0.041901765,0.031332117,0.542294478,0,0.003800753,0.184544161,0.184075803,0.063422926,0.11049369
0.028168545,0.137421175,0.139127236,0.648332113,0.047171215,0.058133684,0.126311868,0.22172296,0.085050307,0.256929904
0.160302325,0.242002969,0.297028066,0.716780582,0.187775675,0.099100165,0.063422926,0.183373541,0.054095674,0.184544161
0.362082816,0.338567293,0.445079902,0.738765045,0.367188644,0.007748276,0.085050307,0.11049369,0.003800753,0.126311868
0.530113946,0.401563541,0.543373462,0.712781336,0.510468614,0.009447465,0.054095674,0.256929904,0.058133684,0.063422926
0.648287274,0.436941314,0.603885151,0.645864238,0.608344035,0.037866142,0.003800753,0.184544161,0.099100165,0.085050307
0.725233531,0.462796942,0.640312384,0.546613672,0.666862404,0.008816401,0.058133684,0.126311868,0.007748276,0.054095674
0.756899066,0.459183438,0.637826805,0.412264722,0.676640003,0.090601459,0.099100165,0.063422926,0.009447465,0.003800753
0.74096579,0.413408086,0.591346389,0.237827855,0.63468312,0.296119601,0.007748276,0.085050307,0.037866142,0.058133684
0.67887097,0.329442766,0.502125418,0.072066607,0.547155048,0.254864693,0.009447465,0.054095674,0.008816401,0.099100165
0.570235264,0.222679736,0.380468501,0.001617507,0.426888148,0.540082812,0.037866142,0.003800753,0.090601459,0.007748276
0.416920384,0.114757868,0.228503579,0,0.281131836,0,0.008816401,0.058133684,0.296119601,0.009447465
0.221637744,0.032010288,0.078080236,0,0.125623376,0.701472223,0.090601459,0.099100165,0.254864693,0.037866142
0.057293657,0.000034643,0.005393065,0,0.024670557,0.742087483,0.296119601,0.007748276,0.540082812,0.008816401
3.41114E-05,0,0,0,0,0.818527162,0.254864693,0.009447465,0,0.090601459
0,0,0,0,0,0.791469038,0.540082812,0.037866142,0.701472223,0.296119601
0,0,0,0,0,0.824515462,0,0.008816401,0.742087483,0.254864693
0,0,0,0,0,0.813085675,0.701472223,0.090601459,0.818527162,0.540082812
0,0,0,0,0,0.734364271,0.742087483,0.296119601,0.791469038,0
0,0,0,0,0,0.769321799,0.818527162,0.254864693,0.824515462,0.701472223
0,0,0,9.70967E-05,0,0.569883227,0.791469038,0.540082812,0.813085675,0.742087483
0,0,0,0.036548051,0,0.703192353,0.824515462,0,0.734364271,0.818527162
0,0,0,0.143809314,0,0.741060615,0.813085675,0.701472223,0.769321799,0.791469038
0,7.14015E-05,0,0.289325059,0,0.629254162,0.734364271,0.742087483,0.569883227,0.824515462
0,0.031869727,0.025743095,0.404995217,0,0.814565778,0.769321799,0.818527162,0.703192353,0.813085675
0.028168545,0.10870986,0.110508646,0.485059818,0.02963198,0.989893138,0.569883227,0.791469038,0.741060615,0.734364271
0.160302325,0.206185735,0.245873715,0.540685957,0.135438419,0.987901568,0.703192353,0.824515462,0.629254162,0.769321799
0.362082816,0.305360592,0.384765591,0.551912019,0.287872523,0.866652608,0.741060615,0.813085675,0.814565778,0.569883227
0.530113946,0.37405333,0.478454849,0.52513961,0.413572375,0.948852837,0.629254162,0.734364271,0.989893138,0.703192353
0.648287274,0.412433023,0.533131936,0.46760344,0.496553231,0.998748302,0.814565778,0.769321799,0.987901568,0.741060615
0.725233531,0.434805188,0.560503147,0.384929871,0.54165551,0.989630282,0.989893138,0.569883227,0.866652608,0.629254162
0.756899066,0.429373165,0.550105804,0.28015749,0.541526563,0.902611196,0.987901568,0.703192353,0.948852837,0.814565778
0.74096579,0.392086579,0.504116346,0.154844094,0.503830855,0.684839487,0.866652608,0.741060615,0.998748302,0.989893138
0.67887097,0.319812186,0.424875087,0.046888747,0.432579925,0.514484704,0.948852837,0.629254162,0.989630282,0.987901568
0.570235264,0.221984813,0.322115372,0.002993463,0.332956098,0.971629798,0.998748302,0.814565778,0.902611196,0.866652608
0.416920384,0.12148518,0.198185993,0,0.21481898,0.990875661,0.989630282,0.989893138,0.684839487,0.948852837
0.221637744,0.037536667,0.076320581,0,0.099509431,0.909717739,0.902611196,0.987901568,0.514484704,0.998748302
0.057293657,0.001276633,0.011554049,0,0.023984818,0.838870287,0.684839487,0.866652608,0.971629798,0.989630282
3.41114E-05,0,0,0,5.33106E-06,0.829538107,0.514484704,0.948852837,0.990875661,0.902611196
0,0,0,0,0,0.778481424,0.971629798,0.998748302,0.909717739,0.684839487
0,0,0,0,0,0.738978922,0.990875661,0.989630282,0.838870287,0.514484704
0,0,0,0,0,0.642461658,0.909717739,0.902611196,0.829538107,0.971629798
0,0,0,0,0,0.605107188,0.838870287,0.684839487,0.778481424,0.990875661
0,0,0,0,0,0.446995795,0.829538107,0.514484704,0.738978922,0.909717739
0,0,0,6.97174E-07,0,0.375861287,0.778481424,0.971629798,0.642461658,0.838870287
0,0,0,0.013549298,0,0.193335295,0.738978922,0.990875661,0.605107188,0.829538107
0,0,0,0.070179459,0,0.021394806,0.642461658,0.909717739,0.446995795,0.778481424
0,0,0,0.1649287,0,0.001876377,0.605107188,0.838870287,0.375861287,0.738978922
0,0.018367976,0.008699189,0.24537725,0,1.21E-05,0.446995795,0.829538107,0.193335295,0.642461658
0.028168545,0.073878282,0.057796778,0.303188768,0.019176917,0.003903061,0.375861287,0.778481424,0.021394806,0.605107188
0.160302325,0.162886631,0.158517318,0.349695235,0.097453136,9.20E-06,0.193335295,0.738978922,0.001876377,0.446995795
0.362082816,0.264600588,0.276008548,0.369299561,0.226656626,0,0.021394806,0.642461658,1.21E-05,0.375861287
0.530113946,0.345009389,0.359633278,0.356433124,0.344153534,0,0.001876377,0.605107188,0.003903061,0.193335295
0.648287274,0.395807962,0.406551005,0.315890947,0.423652467,6.63E-05,1.21E-05,0.446995795,9.20E-06,0.021394806
0.725233531,0.421341656,0.431033394,0.25738533,0.467690279,0.007670181,0.003903061,0.375861287,0,0.001876377
0.756899066,0.413537762,0.426120426,0.181499574,0.470649699,0.019139618,9.20E-06,0.193335295,0,1.21E-05
0.74096579,0.372044019,0.392856392,0.094245247,0.436196213,0.093613885,0,0.021394806,6.63E-05,0.003903061
0.67887097,0.301515608,0.327540149,0.026673526,0.37098972,0.121005848,0,0.001876377,0.007670181,9.20E-06
0.570235264,0.211032957,0.243267778,0.001714032,0.283949661,0.281658173,6.63E-05,1.21E-05,0.019139618,0
0.416920384,0.114473305,0.149093864,0,0.181293397,0.335188657,0.007670181,0.003903061,0.093613885,0
0.221637744,0.03487298,0.060032846,0,0.082196902,0.108515114,0.019139618,9.20E-06,0.121005848,6.63E-05
0.057293657,0.001742103,0.010929424,0,0.019225853,0.094917461,0.093613885,0,0.281658173,0.007670181
3.41114E-05,0,0,0,4.95409E-06,0.074863143,0.121005848,0,0.335188657,0.019139618
0,0,0,0,0,0.015791694,0.281658173,6.63E-05,0.108515114,0.093613885
0,0,0,0,0,0.07222759,0.335188657,0.007670181,0.094917461,0.121005848
0,0,0,0,0,0.050978284,0.108515114,0.019139618,0.074863143,0.281658173
0,0,0,0,0,0.022532249,0.094917461,0.093613885,0.015791694,0.335188657
0,0,0,0,0,0.025290325,0.074863143,0.121005848,0.07222759,0.108515114
0,0,0,0,0,0.005792946,0.015791694,0.281658173,0.050978284,0.094917461
0,0,0,0.009289247,0,0.070410952,0.07222759,0.335188657,0.022532249,0.074863143
0,0,0,0.072100959,0,0.078261301,0.050978284,0.108515114,0.025290325,0.015791694
0,0,0,0.190405276,0,0.001832685,0.022532249,0.094917461,0.005792946,0.07222759
0,0.021596612,0.001614276,0.277139654,0,0.002381909,0.025290325,0.074863143,0.070410952,0.050978284
0.028168545,0.096107401,0.054766203,0.331102721,0.0177531,0,0.005792946,0.015791694,0.078261301,0.022532249
0.160302325,0.208913968,0.182334557,0.378329198,0.099663088,1.92E-05,0.070410952,0.07222759,0.001832685,0.025290325
0.362082816,0.322561179,0.32461304,0.400660292,0.239711236,0,0.078261301,0.050978284,0.002381909,0.005792946
0.530113946,0.412043789,0.422807408,0.392230459,0.360126451,0,0.001832685,0.022532249,0,0.070410952
0.648287274,0.468468826,0.475910669,0.350881023,0.435836919,0,0.002381909,0.025290325,1.92E-05,0.078261301
0.725233531,0.49205162,0.504584821,0.284926348,0.478373291,0,0,0.005792946,0,0.001832685
0.756899066,0.484090573,0.497714406,0.199204372,0.484508526,0,1.92E-05,0.070410952,0,0.002381909
0.74096579,0.436573502,0.453280358,0.107543947,0.449445168,0.004691816,0,0.078261301,0,0
0.67887097,0.351093142,0.376573745,0.031123546,0.378401934,0.033015952,0,0.001832685,0,1.92E-05
0.570235264,0.241245504,0.274951864,0.000395911,0.285959871,0.000110749,0,0.002381909,0,0
0.416920384,0.123367517,0.158785041,0,0.176977658,0.005399683,0,0,0.004691816,0
0.221637744,0.033417793,0.053587996,0,0.074270379,0.013063043,0,1.92E-05,0.033015952,0
0.057293657,0.000154151,0.004798177,0,0.014648873,0.039996848,0.004691816,0,0.000110749,0
3.41114E-05,0,0,0,0,0.095855094,0.033015952,0,0.005399683,0
0,0,0,0,0,0.211680681,0.000110749,0,0.013063043,0.004691816
0,0,0,0,0,0.485274285,0.005399683,0,0.039996848,0.033015952
0,0,0,0,0,0.679504335,0.013063043,0,0.095855094,0.000110749
0,0,0,0,0,0.703849554,0.039996848,0.004691816,0.211680681,0.005399683
0,0,0,0,0,0.489447594,0.095855094,0.033015952,0.485274285,0.013063043
0,0,0,0,0,0.422385931,0.211680681,0.000110749,0.679504335,0.039996848
0,0,0,0.010365576,0,0.520522594,0.485274285,0.005399683,0.703849554,0.095855094
0,0,0,0.10412263,0,0.30972895,0.679504335,0.013063043,0.489447594,0.211680681
0,0,0,0.278629414,0,0.365128815,0.703849554,0.039996848,0.422385931,0.485274285
0,0.018129165,9.97578E-06,0.407806705,0,0.47549361,0.489447594,0.095855094,0.520522594,0.679504335
0.028168545,0.098892003,0.065960248,0.480577685,0.024634202,0.586961985,0.422385931,0.211680681,0.30972895,0.703849554
0.160302325,0.224293789,0.221993233,0.525078266,0.1388315,0.205066979,0.520522594,0.485274285,0.365128815,0.489447594
0.362082816,0.335391152,0.379960332,0.530232129,0.316784795,0.33122462,0.30972895,0.679504335,0.47549361,0.422385931
0.530113946,0.404257016,0.473395401,0.502002626,0.455255007,0.288680136,0.365128815,0.703849554,0.586961985,0.520522594
0.648287274,0.44592744,0.519037537,0.437831578,0.539025892,0.401927292,0.47549361,0.489447594,0.205066979,0.30972895
0.725233531,0.46954489,0.53764809,0.351699874,0.580651139,0.192439526,0.586961985,0.422385931,0.33122462,0.365128815
0.756899066,0.458529972,0.520718864,0.239025677,0.575155643,0.06520357,0.205066979,0.520522594,0.288680136,0.47549361
0.74096579,0.405668318,0.467542763,0.10842361,0.526155639,0.279574305,0.33122462,0.30972895,0.401927292,0.586961985
0.67887097,0.308281378,0.379580114,0.022472359,0.438464912,0.408517808,0.288680136,0.365128815,0.192439526,0.205066979
0.570235264,0.191771429,0.266716478,7.08008E-07,0.328380989,0.274033189,0.401927292,0.47549361,0.06520357,0.33122462
0.416920384,0.078755196,0.138112833,0,0.197238204,0.281056643,0.192439526,0.586961985,0.279574305,0.288680136
0.221637744,0.012112534,0.036178216,0,0.070617725,0.234785825,0.06520357,0.205066979,0.408517808,0.401927292
0.057293657,0,0.000114229,0,0.00858835,0.208870262,0.279574305,0.33122462,0.274033189,0.192439526
3.41114E-05,0,0,0,0,0.264787823,0.408517808,0.288680136,0.281056643,0.06520357
0,0,0,0,0,0.247579262,0.274033189,0.401927292,0.234785825,0.279574305
0,0,0,0,0,0.357962251,0.281056643,0.192439526,0.208870262,0.408517808
0,0,0,0,0,0.347574234,0.234785825,0.06520357,0.264787823,0.274033189
0,0,0,0,0,0.340925634,0.208870262,0.279574305,0.247579262,0.281056643
0,0,0,0,0,0.175813347,0.264787823,0.408517808,0.357962251,0.234785825
0,0,0,0,0,0.056677535,0.247579262,0.274033189,0.347574234,0.208870262
0,0,0,0.008339044,0,0.350150049,0.357962251,0.281056643,0.340925634,0.264787823
0,0,0,0.125738749,0,0.008406061,0.347574234,0.234785825,0.175813347,0.247579262
0,0,0,0.342778783,0,0.321496904,0.340925634,0.208870262,0.056677535,0.357962251
0,0.005753611,0,0.516879638,0,0.473465115,0.175813347,0.264787823,0.350150049,0.347574234
0.028168545,0.112826529,0.077506826,0.62658799,0.02556177,0.289783418,0.056677535,0.247579262,0.008406061,0.340925634
0.160302325,0.29605062,0.25839701,0.682536924,0.156097684,0.114218697,0.350150049,0.357962251,0.321496904,0.175813347
0.362082816,0.43061533,0.432675956,0.686536735,0.353591363,0.136609733,0.008406061,0.347574234,0.473465115,0.056677535
0.530113946,0.499194474,0.533182454,0.647163858,0.499175391,0.171471208,0.321496904,0.340925634,0.289783418,0.350150049
0.648287274,0.533077332,0.582899802,0.565915282,0.586025609,0.168195963,0.473465115,0.175813347,0.114218697,0.008406061
0.725233531,0.549128151,0.605466964,0.442333116,0.629005684,0.246325552,0.289783418,0.056677535,0.136609733,0.321496904
0.756899066,0.52604716,0.588487885,0.276098901,0.620883644,0.693017006,0.114218697,0.350150049,0.171471208,0.473465115
0.74096579,0.463501501,0.526844348,0.097498627,0.566066032,0.434224457,0.136609733,0.008406061,0.168195963,0.289783418
0.67887097,0.357537248,0.425540756,0.005894177,0.477118589,0.971085012,0.171471208,0.321496904,0.246325552,0.114218697
0.570235264,0.213653945,0.283684551,0,0.355129183,0.973399043,0.168195963,0.473465115,0.693017006,0.136609733
0.416920384,0.067541782,0.112683202,0,0.203556536,0.718456984,0.246325552,0.289783418,0.434224457,0.171471208
0.221637744,0.000363079,0.012219102,0,0.062029891,0.842675149,0.693017006,0.114218697,0.971085012,0.168195963
0.057293657,0,0,0,0.000766355,0.990697861,0.434224457,0.136609733,0.973399043,0.246325552
3.41114E-05,0,0,0,0,0.928383291,0.971085012,0.171471208,0.718456984,0.693017006
0,0,0,0,0,0.764214098,0.973399043,0.168195963,0.842675149,0.434224457
0,0,0,0,0,0.92094022,0.718456984,0.246325552,0.990697861,0.971085012
0,0,0,0,0,0.976443172,0.842675149,0.693017006,0.928383291,0.973399043
0,0,0,0,0,0.646432698,0.990697861,0.434224457,0.764214098,0.718456984
0,0,0,0,0,0.940607846,0.928383291,0.971085012,0.92094022,0.842675149
0,0,0,0,0,0.793730974,0.764214098,0.973399043,0.976443172,0.990697861
0,0,0,0.001096135,0,0.845321894,0.92094022,0.718456984,0.646432698,0.928383291
0,0,0,0.107148217,0,0.552749991,0.976443172,0.842675149,0.940607846,0.764214098
0,0,0,0.329040347,0,0.597978055,0.646432698,0.990697861,0.793730974,0.92094022
0,0,0,0.517244325,0,0.893258274,0.940607846,0.928383291,0.845321894,0.976443172
0.028168545,0.109948012,0.051050887,0.630445419,0.008493476,0.846430779,0.793730974,0.764214098,0.552749991,0.646432698
0.160302325,0.328276278,0.221020596,0.687481075,0.147571789,0.799068213,0.845321894,0.92094022,0.597978055,0.940607846
0.362082816,0.500389856,0.4235184,0.695377762,0.380535076,0.66232115,0.552749991,0.976443172,0.893258274,0.793730974
0.530113946,0.582692407,0.553563866,0.661083169,0.530433368,0.346815556,0.597978055,0.646432698,0.846430779,0.845321894
0.648287274,0.619939029,0.625051986,0.581190504,0.610164795,0.142787308,0.893258274,0.940607846,0.799068213,0.552749991
0.725233531,0.636590034,0.650565976,0.450220806,0.649094112,0.181944922,0.846430779,0.793730974,0.66232115,0.597978055
0.756899066,0.608664542,0.631141084,0.265459406,0.640143269,0.006646554,0.799068213,0.845321894,0.346815556,0.893258274
0.74096579,0.533595096,0.566111088,0.079720202,0.589878402,0.229983658,0.66232115,0.552749991,0.142787308,0.846430779
0.67887097,0.406246521,0.444986446,0.000288221,0.502673365,0.690267026,0.346815556,0.597978055,0.181944922,0.799068213
0.570235264,0.214778245,0.268523736,0,0.376077865,0.847729981,0.142787308,0.893258274,0.006646554,0.66232115
0.416920384,0.0507441,0.084389002,0,0.21685208,0.932644665,0.181944922,0.846430779,0.229983658,0.346815556
0.221637744,0,0.000352542,0,0.065806525,0.945961058,0.006646554,0.799068213,0.690267026,0.142787308
0.057293657,0,0,0,0,0.984582067,0.229983658,0.66232115,0.847729981,0.181944922
3.41114E-05,0,0,0,0,0.987069964,0.690267026,0.346815556,0.932644665,0.006646554
0,0,0,0,0,0.983387053,0.847729981,0.142787308,0.945961058,0.229983658
0,0,0,0,0,0.997238636,0.932644665,0.181944922,0.984582067,0.690267026
0,0,0,0,0,0.987567604,0.945961058,0.006646554,0.987069964,0.847729981
0,0,0,0,0,0.986968696,0.984582067,0.229983658,0.983387053,0.932644665
0,0,0,0,0,0.968390822,0.987069964,0.690267026,0.997238636,0.945961058
0,0,0,0,0,0.704657435,0.983387053,0.847729981,0.987567604,0.984582067
0,0,0,0,0,0.987455189,0.997238636,0.932644665,0.986968696,0.987069964
0,0,0,0.055830753,0,0.793542922,0.987567604,0.945961058,0.968390822,0.983387053
0,0,0,0.244582415,0,0.849826217,0.986968696,0.984582067,0.704657435,0.997238636
0,0,0,0.450991233,0,0.874554634,0.968390822,0.987069964,0.987455189,0.987567604
0.028168545,0.064766638,0.004242237,0.572971741,0.00006223,0.659747958,0.704657435,0.983387053,0.793542922,0.986968696
0.160302325,0.255268649,0.135981336,0.641610296,0.108882234,0.494924843,0.987455189,0.997238636,0.849826217,0.968390822
0.362082816,0.453660127,0.354738922,0.660908146,0.329000576,0.553969562,0.793542922,0.987567604,0.874554634,0.704657435
0.530113946,0.542779921,0.46872776,0.637427114,0.488560151,0.77623862,0.849826217,0.986968696,0.659747958,0.987455189
0.648287274,0.584379829,0.526999394,0.566945239,0.575258615,0.84847939,0.874554634,0.968390822,0.494924843,0.793542922
0.725233531,0.610835519,0.57363402,0.445826035,0.625140117,0.97064364,0.659747958,0.704657435,0.553969562,0.849826217
0.756899066,0.591498424,0.575769929,0.27544807,0.627792799,0.973420501,0.494924843,0.987455189,0.77623862,0.874554634
0.74096579,0.522767137,0.528135535,0.091087146,0.588121505,0.798064232,0.553969562,0.793542922,0.84847939,0.659747958
0.67887097,0.398029936,0.418195272,0.001916967,0.507992297,0.555297434,0.77623862,0.849826217,0.97064364,0.494924843
0.570235264,0.214457839,0.262842486,0,0.38945216,0.450853497,0.84847939,0.874554634,0.973420501,0.553969562
0.416920384,0.053774111,0.090474622,0,0.242685424,0.594661534,0.97064364,0.659747958,0.798064232,0.77623862
0.221637744,0,0.001099239,0,0.082892423,0.467327714,0.973420501,0.494924843,0.555297434,0.84847939
0.057293657,0,0,0,0.000256649,0.3903763,0.798064232,0.553969562,0.450853497,0.97064364
3.41114E-05,0,0,0,0,0.520009756,0.555297434,0.77623862,0.594661534,0.973420501
0,0,0,0,0,0.514183044,0.450853497,0.84847939,0.467327714,0.798064232
0,0,0,0,0,0.573809564,0.594661534,0.97064364,0.3903763,0.555297434
0,0,0,0,0,0.63374722,0.467327714,0.973420501,0.520009756,0.450853497
0,0,0,0,0,0.273744553,0.3903763,0.798064232,0.514183044,0.594661534
0,0,0,0,0,0.155090034,0.520009756,0.555297434,0.573809564,0.467327714
0,0,0,0,0,0.065947801,0.514183044,0.450853497,0.63374722,0.3903763
0,0,0,0,0,0.016227309,0.573809564,0.594661534,0.273744553,0.520009756
0,0,0,0.036124838,0,0.010441148,0.63374722,0.467327714,0.155090034,0.514183044
0,0,0,0.227561325,0,0.055029586,0.273744553,0.3903763,0.065947801,0.573809564
0,0,0,0.474633847,0,0.060212169,0.155090034,0.520009756,0.016227309,0.63374722
0.028168545,0.0412833,3.87821E-07,0.621990347,0,0.009492141,0.065947801,0.514183044,0.010441148,0.273744553
0.160302325,0.21719522,0.123562505,0.703798963,0.099302754,0.093838513,0.016227309,0.573809564,0.055029586,0.155090034
0.362082816,0.437239152,0.350346208,0.73605817,0.322716078,0.051691096,0.010441148,0.63374722,0.060212169,0.065947801
0.530113946,0.555174385,0.470659642,0.727632665,0.515044317,0.091907829,0.055029586,0.273744553,0.009492141,0.016227309
0.648287274,0.618641955,0.530772992,0.67469884,0.630605142,0.124609262,0.060212169,0.155090034,0.093838513,0.010441148
0.725233531,0.654165025,0.593863891,0.57147126,0.697638048,0.080428898,0.009492141,0.065947801,0.051691096,0.055029586
0.756899066,0.644009549,0.61795828,0.40257636,0.716580655,0.05572122,0.093838513,0.016227309,0.091907829,0.060212169
0.74096579,0.584443909,0.591373309,0.167484634,0.694481821,0.403289109,0.051691096,0.010441148,0.124609262,0.009492141
0.67887097,0.461943299,0.497196321,0.018261165,0.629024793,0.439800203,0.091907829,0.055029586,0.080428898,0.093838513
0.570235264,0.279176191,0.34426557,0,0.517746087,0.684147179,0.124609262,0.060212169,0.05572122,0.051691096
0.416920384,0.087129579,0.143554844,0,0.350324394,0.821253717,0.080428898,0.009492141,0.403289109,0.091907829
0.221637744,9.21049E-05,0.016104115,0,0.13445333,0.844636917,0.05572122,0.093838513,0.439800203,0.124609262
0.057293657,0,0,0,0.009415295,0.928524017,0.403289109,0.051691096,0.684147179,0.080428898
3.41114E-05,0,0,0,0,0.973256946,0.439800203,0.091907829,0.821253717,0.05572122
0,0,0,0,0,0.98031801,0.684147179,0.124609262,0.844636917,0.403289109
0,0,0,0,0,0.97805959,0.821253717,0.080428898,0.928524017,0.439800203
0,0,0,0,0,0.972352087,0.844636917,0.05572122,0.973256946,0.684147179
0,0,0,0,0,0.969721198,0.928524017,0.403289109,0.98031801,0.821253717
0,0,0,0,0,0.958485186,0.973256946,0.439800203,0.97805959,0.844636917
0,0,0,0,0,0.873157978,0.98031801,0.684147179,0.972352087,0.928524017
0,0,0,0,0,0.93300271,0.97805959,0.821253717,0.969721198,0.973256946
0,0,0,0.059198695,0,0.947054029,0.972352087,0.844636917,0.958485186,0.98031801
0,0,0,0.260889475,0,0.97704047,0.969721198,0.928524017,0.873157978,0.97805959
0,0,0,0.494000346,0,0.936715662,0.958485186,0.973256946,0.93300271,0.972352087
0.028168545,0.06350896,0.008823963,0.640014732,8.97956E-06,0.84050864,0.873157978,0.98031801,0.947054029,0.969721198
0.160302325,0.226344513,0.148806513,0.724162328,0.107371269,0.637986302,0.93300271,0.97805959,0.97704047,0.958485186
0.362082816,0.399621076,0.382050465,0.760361472,0.345519128,0.652715683,0.947054029,0.972352087,0.936715662,0.873157978
0.530113946,0.506024334,0.537776593,0.753486574,0.549781914,0.909101725,0.97704047,0.969721198,0.84050864,0.93300271
0.648287274,0.564421175,0.630873886,0.702994787,0.672936237,0.895211756,0.936715662,0.958485186,0.637986302,0.947054029
0.725233531,0.593604255,0.68064409,0.607318086,0.747078476,0.541547298,0.84050864,0.873157978,0.652715683,0.97704047
0.756899066,0.587792531,0.687478942,0.450924309,0.773695645,0.610845327,0.637986302,0.93300271,0.909101725,0.936715662
0.74096579,0.535570515,0.650252901,0.221824347,0.755049595,0.838811159,0.652715683,0.947054029,0.895211756,0.84050864
0.67887097,0.420190117,0.557936247,0.044805602,0.691801778,0.968714952,0.909101725,0.97704047,0.541547298,0.637986302
0.570235264,0.261012072,0.410027556,0,0.585818496,0.981149793,0.895211756,0.936715662,0.610845327,0.652715683
0.416920384,0.091215323,0.208916103,0,0.423246743,0.993087888,0.541547298,0.84050864,0.838811159,0.909101725
0.221637744,0.004193493,0.048571953,0,0.193411402,0.982717752,0.610845327,0.637986302,0.968714952,0.895211756
0.057293657,0,0,0,0.03130264,0.983977854,0.838811159,0.652715683,0.981149793,0.541547298
3.41114E-05,0,0,0,0,0.993170738,0.968714952,0.909101725,0.993087888,0.610845327
0,0,0,0,0,0.986391783,0.981149793,0.895211756,0.982717752,0.838811159
0,0,0,0,0,0.985191524,0.993087888,0.541547298,0.983977854,0.968714952
0,0,0,0,0,0.977532983,0.982717752,0.610845327,0.993170738,0.981149793
0,0,0,0,0,0.992018521,0.983977854,0.838811159,0.986391783,0.993087888
0,0,0,0,0,0.978590786,0.993170738,0.968714952,0.985191524,0.982717752
0,0,0,0,0,0.86108613,0.986391783,0.981149793,0.977532983,0.983977854
0,0,0,0.003188397,0,0.90645504,0.985191524,0.993087888,0.992018521,0.993170738
0,0,0,0.109267752,0,0.980823457,0.977532983,0.982717752,0.978590786,0.986391783
0,0,0,0.338044572,0,0.905999482,0.992018521,0.983977854,0.86108613,0.985191524
0,0.002818922,0,0.544852225,0,0.955959141,0.978590786,0.993170738,0.90645504,0.977532983
0.028168545,0.097517573,0.064778894,0.678220947,0.006130837,0.956791401,0.86108613,0.986391783,0.980823457,0.992018521
0.160302325,0.274908586,0.24802122,0.757915152,0.140814396,0.610010505,0.90645504,0.985191524,0.905999482,0.978590786
0.362082816,0.421797906,0.453188661,0.791492929,0.385471322,0.555813551,0.980823457,0.977532983,0.955959141,0.86108613
0.530113946,0.509333356,0.591517346,0.782322524,0.569509923,0.476414591,0.905999482,0.992018521,0.956791401,0.90645504
0.648287274,0.559454539,0.678417539,0.728302747,0.684429851,0.118382618,0.955959141,0.978590786,0.610010505,0.980823457
0.725233531,0.584622242,0.722725413,0.62888002,0.751421627,0.219050586,0.956791401,0.86108613,0.555813551,0.905999482
0.756899066,0.574000643,0.726041432,0.473381589,0.768361416,0.408761621,0.610010505,0.90645504,0.476414591,0.955959141
0.74096579,0.51615533,0.68809343,0.250336495,0.738304208,0.507191718,0.555813551,0.980823457,0.118382618,0.956791401
0.67887097,0.407322889,0.597813196,0.060944371,0.665766586,0.188159958,0.476414591,0.905999482,0.219050586,0.610010505
0.570235264,0.260508761,0.456730347,1.38311E-06,0.553962919,0.145243108,0.118382618,0.955959141,0.408761621,0.555813551
0.416920384,0.102553694,0.26401039,0,0.390631997,0.204861507,0.219050586,0.956791401,0.507191718,0.476414591
0.221637744,0.014300045,0.077175757,0,0.177615609,0.053678736,0.408761621,0.610010505,0.188159958,0.118382618
0.057293657,0,1.34011E-05,0,0.030836673,0.275273234,0.507191718,0.555813551,0.145243108,0.219050586
3.41114E-05,0,0,0,0,0.670831561,0.188159958,0.476414591,0.204861507,0.408761621
0,0,0,0,0,0.852585375,0.145243108,0.118382618,0.053678736,0.507191718
0,0,0,0,0,0.950297058,0.204861507,0.219050586,0.275273234,0.188159958
0,0,0,0,0,0.940219402,0.053678736,0.408761621,0.670831561,0.145243108
0,0,0,0,0,0.92296797,0.275273234,0.507191718,0.852585375,0.204861507
0,0,0,0,0,0.922572851,0.670831561,0.188159958,0.950297058,0.053678736
0,0,0,0,0,0.928044617,0.852585375,0.145243108,0.940219402,0.275273234
0,0,0,0.025073524,0,0.942382634,0.950297058,0.204861507,0.92296797,0.670831561
0,0,0,0.167213774,0,0.997856736,0.940219402,0.053678736,0.922572851,0.852585375
0,0,0,0.390428629,0,1,0.92296797,0.275273234,0.928044617,0.950297058
0,0.037532443,0.003868023,0.568145263,0,1,0.922572851,0.670831561,0.942382634,0.940219402
0.028168545,0.140088176,0.101290592,0.68711925,0.041892604,1,0.928044617,0.852585375,0.997856736,0.92296797
0.160302325,0.26583767,0.294546236,0.758916818,0.197856604,1,0.942382634,0.950297058,1,0.922572851
0.362082816,0.377160786,0.469067997,0.783747726,0.408958317,1,0.997856736,0.940219402,1,0.928044617
0.530113946,0.447654768,0.578649811,0.762441927,0.567525801,0.999822497,1,0.92296797,1,0.942382634
0.648287274,0.48532939,0.644331343,0.698253468,0.67165112,0.999640048,1,0.922572851,1,0.997856736
0.725233531,0.506184212,0.685036796,0.596198017,0.73352516,0.948697388,1,0.928044617,1,1
0.756899066,0.498039613,0.683616935,0.450350691,0.745181335,0.924775958,1,0.942382634,0.999822497,1
0.74096579,0.446905322,0.634604094,0.250833166,0.702036772,0.794654906,1,0.997856736,0.999640048,1
0.67887097,0.35310421,0.539979251,0.068891904,0.612361932,0.496170223,0.999822497,1,0.948697388,1
0.570235264,0.230271213,0.40483065,0.000116228,0.487108263,0.382007331,0.999640048,1,0.924775958,1
0.416920384,0.103127727,0.236368341,0,0.326528888,0.458192676,0.948697388,1,0.794654906,0.999822497
0.221637744,0.022464273,0.074067777,0,0.143563538,0.219945371,0.924775958,1,0.496170223,0.999640048
0.057293657,0,0.000948928,0,0.025041943,0.672615945,0.794654906,1,0.382007331,0.948697388
3.41114E-05,0,0,0,0,0.790695429,0.496170223,0.999822497,0.458192676,0.924775958
0,0,0,0,0,0.751924276,0.382007331,0.999640048,0.219945371,0.794654906
0,0,0,0,0,0.611951411,0.458192676,0.948697388,0.672615945,0.496170223
0,0,0,0,0,0.620411396,0.219945371,0.924775958,0.790695429,0.382007331
0,0,0,0,0,0.386622071,0.672615945,0.794654906,0.751924276,0.458192676
0,0,0,0,0,0.312067747,0.790695429,0.496170223,0.611951411,0.219945371
0,0,0,4.61733E-05,0,0.047345538,0.751924276,0.382007331,0.620411396,0.672615945
0,0,0,0.051132897,0,0.071744822,0.611951411,0.458192676,0.386622071,0.790695429
0,0,0,0.201223075,0,0.028206639,0.620411396,0.219945371,0.312067747,0.751924276
0,1.48304E-05,0,0.390759057,0,0.00011331,0.386622071,0.672615945,0.047345538,0.611951411
0,0.041901765,0.031332117,0.542294478,0,0.026262281,0.312067747,0.790695429,0.071744822,0.620411396
0.028168545,0.137421175,0.139127236,0.648332113,0.047171215,0,0.047345538,0.751924276,0.028206639,0.386622071
0.160302325,0.242002969,0.297028066,0.716780582,0.187775675,0,0.071744822,0.611951411,0.00011331,0.312067747
0.362082816,0.338567293,0.445079902,0.738765045,0.367188644,0,0.028206639,0.620411396,0.026262281,0.047345538
0.530113946,0.401563541,0.543373462,0.712781336,0.510468614,0,0.00011331,0.386622071,0,0.071744822
0.648287274,0.436941314,0.603885151,0.645864238,0.608344035,0,0.026262281,0.312067747,0,0.028206639
0.725233531,0.462796942,0.640312384,0.546613672,0.666862404,0.003144653,0,0.047345538,0,0.00011331
0.756899066,0.459183438,0.637826805,0.412264722,0.676640003,0.065051302,0,0.071744822,0,0.026262281
0.74096579,0.413408086,0.591346389,0.237827855,0.63468312,0.041126672,0,0.028206639,0,0
0.67887097,0.329442766,0.502125418,0.072066607,0.547155048,0.099054694,0,0.00011331,0.003144653,0
0.570235264,0.222679736,0.380468501,0.001617507,0.426888148,0.090165757,0,0.026262281,0.065051302,0
0.416920384,0.114757868,0.228503579,0,0.281131836,0.299225628,0.003144653,0,0.041126672,0
0.221637744,0.032010288,0.078080236,0,0.125623376,0.612574279,0.065051302,0,0.099054694,0
0.057293657,0.000034643,0.005393065,0,0.024670557,0.703891098,0.041126672,0,0.090165757,0.003144653
3.41114E-05,0,0,0,0,0.733086348,0.099054694,0,0.299225628,0.065051302
0,0,0,0,0,0.634197354,0.090165757,0,0.612574279,0.041126672
0,0,0,0,0,0.396869719,0.299225628,0.003144653,0.703891098,0.099054694
0,0,0,0,0,0.151167691,0.612574279,0.065051302,0.733086348,0.090165757
0,0,0,0,0,0.047037389,0.703891098,0.041126672,0.634197354,0.299225628
0,0,0,0,0,0.210611314,0.733086348,0.099054694,0.396869719,0.612574279
0,0,0,9.70967E-05,0,0.522927701,0.634197354,0.090165757,0.151167691,0.703891098
0,0,0,0.036548051,0,0.564324081,0.396869719,0.299225628,0.047037389,0.733086348
0,0,0,0.143809314,0,0.517066121,0.151167691,0.612574279,0.210611314,0.634197354
0,7.14015E-05,0,0.289325059,0,0.176015064,0.047037389,0.703891098,0.522927701,0.396869719
0,0.031869727,0.025743095,0.404995217,0,0.022595532,0.210611314,0.733086348,0.564324081,0.151167691
0.028168545,0.10870986,0.110508646,0.485059818,0.02963198,0.121439934,0.522927701,0.634197354,0.517066121,0.047037389
0.160302325,0.206185735,0.245873715,0.540685957,0.135438419,0.241908461,0.564324081,0.396869719,0.176015064,0.210611314
0.362082816,0.305360592,0.384765591,0.551912019,0.287872523,0.463194638,0.517066121,0.151167691,0.022595532,0.522927701
0.530113946,0.37405333,0.478454849,0.52513961,0.413572375,0.635374784,0.176015064,0.047037389,0.121439934,0.564324081
0.648287274,0.412433023,0.533131936,0.46760344,0.496553231,0.929497361,0.022595532,0.210611314,0.241908461,0.517066121
0.725233531,0.434805188,0.560503147,0.384929871,0.54165551,0.778412879,0.121439934,0.522927701,0.463194638,0.176015064
0.756899066,0.429373165,0.550105804,0.28015749,0.541526563,0.52072829,0.241908461,0.564324081,0.635374784,0.022595532
0.74096579,0.392086579,0.504116346,0.154844094,0.503830855,0.832364023,0.463194638,0.517066121,0.929497361,0.121439934
0.67887097,0.319812186,0.424875087,0.046888747,0.432579925,0.853689492,0.635374784,0.176015064,0.778412879,0.241908461
0.570235264,0.221984813,0.322115372,0.002993463,0.332956098,0.666222036,0.929497361,0.022595532,0.52072829,0.463194638
0.416920384,0.12148518,0.198185993,0,0.21481898,0.521987855,0.778412879,0.121439934,0.832364023,0.635374784
0.221637744,0.037536667,0.076320581,0,0.099509431,0.4261536,0.52072829,0.241908461,0.853689492,0.929497361
0.057293657,0.001276633,0.011554049,0,0.023984818,0.902489185,0.832364023,0.463194638,0.666222036,0.778412879
3.41114E-05,0,0,0,5.33106E-06,0.671697974,0.853689492,0.635374784,0.521987855,0.52072829
0,0,0,0,0,0.79030633,0.666222036,0.929497361,0.4261536,0.832364023
0,0,0,0,0,0.762399733,0.521987855,0.778412879,0.902489185,0.853689492
0,0,0,0,0,0.833920181,0.4261536,0.52072829,0.671697974,0.666222036
0,0,0,0,0,0.311147124,0.902489185,0.832364023,0.79030633,0.521987855
0,0,0,0,0,0.322079867,0.671697974,0.853689492,0.762399733,0.4261536
0,0,0,6.97174E-07,0,0.184155732,0.79030633,0.666222036,0.833920181,0.902489185
0,0,0,0.013549298,0,0.385980189,0.762399733,0.521987855,0.311147124,0.671697974
0,0,0,0.070179459,0,0.644087911,0.833920181,0.4261536,0.322079867,0.79030633
0,0,0,0.1649287,0,0.807191014,0.311147124,0.902489185,0.184155732,0.762399733
0,0.018367976,0.008699189,0.24537725,0,0.741118908,0.322079867,0.671697974,0.385980189,0.833920181
0.028168545,0.073878282,0.057796778,0.303188768,0.019176917,0.649977267,0.184155732,0.79030633,0.644087911,0.311147124
0.160302325,0.162886631,0.158517318,0.349695235,0.097453136,0.653271496,0.385980189,0.762399733,0.807191014,0.322079867
0.362082816,0.264600588,0.276008548,0.369299561,0.226656626,0.834918559,0.644087911,0.833920181,0.741118908,0.184155732
0.530113946,0.345009389,0.359633278,0.356433124,0.344153534,0.954018116,0.807191014,0.311147124,0.649977267,0.385980189
0.648287274,0.395807962,0.406551005,0.315890947,0.423652467,0.96843487,0.741118908,0.322079867,0.653271496,0.644087911
0.725233531,0.421341656,0.431033394,0.25738533,0.467690279,0.773610055,0.649977267,0.184155732,0.834918559,0.807191014
0.756899066,0.413537762,0.426120426,0.181499574,0.470649699,0.300880402,0.653271496,0.385980189,0.954018116,0.741118908
0.74096579,0.372044019,0.392856392,0.094245247,0.436196213,0.383148253,0.834918559,0.644087911,0.96843487,0.649977267
0.67887097,0.301515608,0.327540149,0.026673526,0.37098972,0.595187545,0.954018116,0.807191014,0.773610055,0.653271496
0.570235264,0.211032957,0.243267778,0.001714032,0.283949661,0.317172766,0.96843487,0.741118908,0.300880402,0.834918559
0.416920384,0.114473305,0.149093864,0,0.181293397,0.139804393,0.773610055,0.649977267,0.383148253,0.954018116
0.221637744,0.03487298,0.060032846,0,0.082196902,0.227691144,0.300880402,0.653271496,0.595187545,0.96843487
0.057293657,0.001742103,0.010929424,0,0.019225853,0.383460373,0.383148253,0.834918559,0.317172766,0.773610055
3.41114E-05,0,0,0,4.95409E-06,0.482100129,0.595187545,0.954018116,0.139804393,0.300880402
0,0,0,0,0,0.429887861,0.317172766,0.96843487,0.227691144,0.383148253
0,0,0,0,0,0.165128008,0.139804393,0.773610055,0.383460373,0.595187545
0,0,0,0,0,0.112509556,0.227691144,0.300880402,0.482100129,0.317172766
0,0,0,0,0,0.120007463,0.383460373,0.383148253,0.429887861,0.139804393
0,0,0,0,0,0.061744221,0.482100129,0.595187545,0.165128008,0.227691144
0,0,0,0,0,0.161194995,0.429887861,0.317172766,0.112509556,0.383460373
0,0,0,0.009289247,0,0.008176566,0.165128008,0.139804393,0.120007463,0.482100129
0,0,0,0.072100959,0,0.028129116,0.112509556,0.227691144,0.061744221,0.429887861
0,0,0,0.190405276,0,0.023529317,0.120007463,0.383460373,0.161194995,0.165128008
0,0.021596612,0.001614276,0.277139654,0,0.014750986,0.061744221,0.482100129,0.008176566,0.112509556
0.028168545,0.096107401,0.054766203,0.331102721,0.0177531,0.033261679,0.161194995,0.429887861,0.028129116,0.120007463
0.160302325,0.208913968,0.182334557,0.378329198,0.099663088,0.178576827,0.008176566,0.165128008,0.023529317,0.061744221
0.362082816,0.322561179,0.32461304,0.400660292,0.239711236,0.529172122,0.028129116,0.112509556,0.014750986,0.161194995
0.530113946,0.412043789,0.422807408,0.392230459,0.360126451,0.564204037,0.023529317,0.120007463,0.033261679,0.008176566
0.648287274,0.468468826,0.475910669,0.350881023,0.435836919,0.834608614,0.014750986,0.061744221,0.178576827,0.028129116
0.725233531,0.49205162,0.504584821,0.284926348,0.478373291,0.89376235,0.033261679,0.161194995,0.529172122,0.023529317
0.756899066,0.484090573,0.497714406,0.199204372,0.484508526,0.672981381,0.178576827,0.008176566,0.564204037,0.014750986
0.74096579,0.436573502,0.453280358,0.107543947,0.449445168,0.885608613,0.529172122,0.028129116,0.834608614,0.033261679
0.67887097,0.351093142,0.376573745,0.031123546,0.378401934,0.602224708,0.564204037,0.023529317,0.89376235,0.178576827
0.570235264,0.241245504,0.274951864,0.000395911,0.285959871,0.969844997,0.834608614,0.014750986,0.672981381,0.529172122
0.416920384,0.123367517,0.158785041,0,0.176977658,0.899568796,0.89376235,0.033261679,0.885608613,0.564204037
0.221637744,0.033417793,0.053587996,0,0.074270379,0.74300772,0.672981381,0.178576827,0.602224708,0.834608614
0.057293657,0.000154151,0.004798177,0,0.014648873,0.873898566,0.885608613,0.529172122,0.969844997,0.89376235
3.41114E-05,0,0,0,0,0.869541287,0.602224708,0.564204037,0.899568796,0.672981381
0,0,0,0,0,0.747394919,0.969844997,0.834608614,0.74300772,0.885608613
0,0,0,0,0,0.862656116,0.899568796,0.89376235,0.873898566,0.602224708
0,0,0,0,0,0.774530828,0.74300772,0.672981381,0.869541287,0.969844997
0,0,0,0,0,0.774401486,0.873898566,0.885608613,0.747394919,0.899568796
0,0,0,0,0,0.657429039,0.869541287,0.602224708,0.862656116,0.74300772
0,0,0,0,0,0.197700605,0.747394919,0.969844997,0.774530828,0.873898566
0,0,0,0.010365576,0,0.214200363,0.862656116,0.899568796,0.774401486,0.869541287
0,0,0,0.10412263,0,0.306823879,0.774530828,0.74300772,0.657429039,0.747394919
0,0,0,0.278629414,0,0.353804141,0.774401486,0.873898566,0.197700605,0.862656116
0,0.018129165,9.97578E-06,0.407806705,0,0.768632412,0.657429039,0.869541287,0.214200363,0.774530828
0.028168545,0.098892003,0.065960248,0.480577685,0.024634202,0.78620261,0.197700605,0.747394919,0.306823879,0.774401486
0.160302325,0.224293789,0.221993233,0.525078266,0.1388315,0.84426111,0.214200363,0.862656116,0.353804141,0.657429039
0.362082816,0.335391152,0.379960332,0.530232129,0.316784795,0.918813467,0.306823879,0.774530828,0.768632412,0.197700605
0.530113946,0.404257016,0.473395401,0.502002626,0.455255007,0.933462977,0.353804141,0.774401486,0.78620261,0.214200363
0.648287274,0.44592744,0.519037537,0.437831578,0.539025892,0.657408178,0.768632412,0.657429039,0.84426111,0.306823879
0.725233531,0.46954489,0.53764809,0.351699874,0.580651139,0.919979811,0.78620261,0.197700605,0.918813467,0.353804141
0.756899066,0.458529972,0.520718864,0.239025677,0.575155643,0.556204975,0.84426111,0.214200363,0.933462977,0.768632412
0.74096579,0.405668318,0.467542763,0.10842361,0.526155639,0.772527933,0.918813467,0.306823879,0.657408178,0.78620261
0.67887097,0.308281378,0.379580114,0.022472359,0.438464912,0.730988622,0.933462977,0.353804141,0.919979811,0.84426111
0.570235264,0.191771429,0.266716478,7.08008E-07,0.328380989,0.82978791,0.657408178,0.768632412,0.556204975,0.918813467
0.416920384,0.078755196,0.138112833,0,0.197238204,0.796669126,0.919979811,0.78620261,0.772527933,0.933462977
0.221637744,0.012112534,0.036178216,0,0.070617725,0.97751683,0.556204975,0.84426111,0.730988622,0.657408178
0.057293657,0,0.000114229,0,0.00858835,0.941605508,0.772527933,0.918813467,0.82978791,0.919979811
3.41114E-05,0,0,0,0,0.982470095,0.730988622,0.933462977,0.796669126,0.556204975
0,0,0,0,0,0.968842566,0.82978791,0.657408178,0.97751683,0.772527933
0,0,0,0,0,0.992763042,0.796669126,0.919979811,0.941605508,0.730988622
0,0,0,0,0,0.996216714,0.97751683,0.556204975,0.982470095,0.82978791
0,0,0,0,0,0.986891747,0.941605508,0.772527933,0.968842566,0.796669126
0,0,0,0,0,0.875156462,0.982470095,0.730988622,0.992763042,0.97751683
0,0,0,0,0,0.632540882,0.968842566,0.82978791,0.996216714,0.941605508
0,0,0,0.008339044,0,0.626590073,0.992763042,0.796669126,0.986891747,0.982470095
0,0,0,0.125738749,0,0.609236121,0.996216714,0.97751683,0.875156462,0.968842566
0,0,0,0.342778783,0,0.902807772,0.986891747,0.941605508,0.632540882,0.992763042
0,0.005753611,0,0.516879638,0,0.975747466,0.875156462,0.982470095,0.626590073,0.996216714
0.028168545,0.112826529,0.077506826,0.62658799,0.02556177,0.83384943,0.632540882,0.968842566,0.609236121,0.986891747
0.160302325,0.29605062,0.25839701,0.682536924,0.156097684,0.901338458,0.626590073,0.992763042,0.902807772,0.875156462
0.362082816,0.43061533,0.432675956,0.686536735,0.353591363,0.861373246,0.609236121,0.996216714,0.975747466,0.632540882
0.530113946,0.499194474,0.533182454,0.647163858,0.499175391,0.980166852,0.902807772,0.986891747,0.83384943,0.626590073
0.648287274,0.533077332,0.582899802,0.565915282,0.586025609,0.961027741,0.975747466,0.875156462,0.901338458,0.609236121
0.725233531,0.549128151,0.605466964,0.442333116,0.629005684,0.739409745,0.83384943,0.632540882,0.861373246,0.902807772
0.756899066,0.52604716,0.588487885,0.276098901,0.620883644,0.389910728,0.901338458,0.626590073,0.980166852,0.975747466
0.74096579,0.463501501,0.526844348,0.097498627,0.566066032,0.670543551,0.861373246,0.609236121,0.961027741,0.83384943
0.67887097,0.357537248,0.425540756,0.005894177,0.477118589,0.805588484,0.980166852,0.902807772,0.739409745,0.901338458
0.570235264,0.213653945,0.283684551,0,0.355129183,0.640084982,0.961027741,0.975747466,0.389910728,0.861373246
0.416920384,0.067541782,0.112683202,0,0.203556536,0.77410835,0.739409745,0.83384943,0.670543551,0.980166852
0.221637744,0.000363079,0.012219102,0,0.062029891,0.432131201,0.389910728,0.901338458,0.805588484,0.961027741
0.057293657,0,0,0,0.000766355,0.469311059,0.670543551,0.861373246,0.640084982,0.739409745
3.41114E-05,0,0,0,0,0.442326218,0.805588484,0.980166852,0.77410835,0.389910728
0,0,0,0,0,0.37494576,0.640084982,0.961027741,0.432131201,0.670543551
0,0,0,0,0,0.442782104,0.77410835,0.739409745,0.469311059,0.805588484
0,0,0,0,0,0.382983148,0.432131201,0.389910728,0.442326218,0.640084982
0,0,0,0,0,0.429876745,0.469311059,0.670543551,0.37494576,0.77410835
0,0,0,0,0,0.493574768,0.442326218,0.805588484,0.442782104,0.432131201
0,0,0,0,0,0.263254642,0.37494576,0.640084982,0.382983148,0.469311059
0,0,0,0.001096135,0,0.186116189,0.442782104,0.77410835,0.429876745,0.442326218
0,0,0,0.107148217,0,0.109661892,0.382983148,0.432131201,0.493574768,0.37494576
0,0,0,0.329040347,0,0.037819624,0.429876745,0.469311059,0.263254642,0.442782104
0,0,0,0.517244325,0,0.004582488,0.493574768,0.442326218,0.186116189,0.382983148
0.028168545,0.109948012,0.051050887,0.630445419,0.008493476,0.008493275,0.263254642,0.37494576,0.109661892,0.429876745
0.160302325,0.328276278,0.221020596,0.687481075,0.147571789,0.010663302,0.186116189,0.442782104,0.037819624,0.493574768
0.362082816,0.500389856,0.4235184,0.695377762,0.380535076,0.003198587,0.109661892,0.382983148,0.004582488,0.263254642
0.530113946,0.582692407,0.553563866,0.661083169,0.530433368,0.018474255,0.037819624,0.429876745,0.008493275,0.186116189
0.648287274,0.619939029,0.625051986,0.581190504,0.610164795,0.04784514,0.004582488,0.493574768,0.010663302,0.109661892
0.725233531,0.636590034,0.650565976,0.450220806,0.649094112,0.041536633,0.008493275,0.263254642,0.003198587,0.037819624
0.756899066,0.608664542,0.631141084,0.265459406,0.640143269,0.087390237,0.010663302,0.186116189,0.018474255,0.004582488
0.74096579,0.533595096,0.566111088,0.079720202,0.589878402,0.061732918,0.003198587,0.109661892,0.04784514,0.008493275
0.67887097,0.406246521,0.444986446,0.000288221,0.502673365,0.041596264,0.018474255,0.037819624,0.041536633,0.010663302
0.570235264,0.214778245,0.268523736,0,0.376077865,0.134666055,0.04784514,0.004582488,0.087390237,0.003198587
0.416920384,0.0507441,0.084389002,0,0.21685208,0.076825827,0.041536633,0.008493275,0.061732918,0.018474255
0.221637744,0,0.000352542,0,0.065806525,0.031442165,0.087390237,0.010663302,0.041596264,0.04784514
0.057293657,0,0,0,0,0.082574837,0.061732918,0.003198587,0.134666055,0.041536633
3.41114E-05,0,0,0,0,0.079487957,0.041596264,0.018474255,0.076825827,0.087390237
0,0,0,0,0,0.267777562,0.134666055,0.04784514,0.031442165,0.061732918
0,0,0,0,0,0.289835542,0.076825827,0.041536633,0.082574837,0.041596264
0,0,0,0,0,0.162032396,0.031442165,0.087390237,0.079487957,0.134666055
0,0,0,0,0,0.176623672,0.082574837,0.061732918,0.267777562,0.076825827
0,0,0,0,0,0.131776914,0.079487957,0.041596264,0.289835542,0.031442165
0,0,0,0,0,0.055713184,0.267777562,0.134666055,0.162032396,0.082574837
0,0,0,0,0,0.026980229,0.289835542,0.076825827,0.176623672,0.079487957
0,0,0,0.055830753,0,0.053008452,0.162032396,0.031442165,0.131776914,0.267777562
0,0,0,0.244582415,0,0.042371236,0.176623672,0.082574837,0.055713184,0.289835542
0,0,0,0.450991233,0,0.020967832,0.131776914,0.079487957,0.026980229,0.162032396
0.028168545,0.064766638,0.004242237,0.572971741,0.00006223,0.017437968,0.055713184,0.267777562,0.053008452,0.176623672
0.160302325,0.255268649,0.135981336,0.641610296,0.108882234,0.003252006,0.026980229,0.289835542,0.042371236,0.131776914
0.362082816,0.453660127,0.354738922,0.660908146,0.329000576,0.003314169,0.053008452,0.162032396,0.020967832,0.055713184
0.530113946,0.542779921,0.46872776,0.637427114,0.488560151,6.58E-05,0.042371236,0.176623672,0.017437968,0.026980229
0.648287274,0.584379829,0.526999394,0.566945239,0.575258615,4.87E-05,0.020967832,0.131776914,0.003252006,0.053008452
0.725233531,0.610835519,0.57363402,0.445826035,0.625140117,3.12E-06,0.017437968,0.055713184,0.003314169,0.042371236
0.756899066,0.591498424,0.575769929,0.27544807,0.627792799,0,0.003252006,0.026980229,6.58E-05,0.020967832
0.74096579,0.522767137,0.528135535,0.091087146,0.588121505,0,0.003314169,0.053008452,4.87E-05,0.017437968
0.67887097,0.398029936,0.418195272,0.001916967,0.507992297,0.010483095,6.58E-05,0.042371236,3.12E-06,0.003252006
0.570235264,0.214457839,0.262842486,0,0.38945216,0,4.87E-05,0.020967832,0,0.003314169
0.416920384,0.053774111,0.090474622,0,0.242685424,0,3.12E-06,0.017437968,0,6.58E-05
0.221637744,0,0.001099239,0,0.082892423,0,0,0.003252006,0.010483095,4.87E-05
0.057293657,0,0,0,0.000256649,0,0,0.003314169,0,3.12E-06
3.41114E-05,0,0,0,0,3.69E-06,0.010483095,6.58E-05,0,0
0,0,0,0,0,2.71E-05,0,4.87E-05,0,0
0,0,0,0,0,3.01E-05,0,3.12E-06,0,0.010483095
0,0,0,0,0,2.58E-06,0,0,3.69E-06,0
0,0,0,0,0,0,0,0,2.71E-05,0
0,0,0,0,0,0.001971686,3.69E-06,0.010483095,3.01E-05,0
0,0,0,0,0,0.031487815,2.71E-05,0,2.58E-06,0
0,0,0,0,0,0.026942084,3.01E-05,0,0,3.69E-06
0,0,0,0.036124838,0,0.005101715,2.58E-06,0,0.001971686,2.71E-05
0,0,0,0.227561325,0,3.66E-06,0,0,0.031487815,3.01E-05
0,0,0,0.474633847,0,0.000305144,0.001971686,3.69E-06,0.026942084,2.58E-06
0.028168545,0.0412833,3.87821E-07,0.621990347,0,0.000226956,0.031487815,2.71E-05,0.005101715,0
0.160302325,0.21719522,0.123562505,0.703798963,0.099302754,0.011740827,0.026942084,3.01E-05,3.66E-06,0.001971686
0.362082816,0.437239152,0.350346208,0.73605817,0.322716078,0.003262708,0.005101715,2.58E-06,0.000305144,0.031487815
0.530113946,0.555174385,0.470659642,0.727632665,0.515044317,0.019983849,3.66E-06,0,0.000226956,0.026942084
0.648287274,0.618641955,0.530772992,0.67469884,0.630605142,0.017650299,0.000305144,0.001971686,0.011740827,0.005101715
0.725233531,0.654165025,0.593863891,0.57147126,0.697638048,0.059698127,0.000226956,0.031487815,0.003262708,3.66E-06
0.756899066,0.644009549,0.61795828,0.40257636,0.716580655,0.185897827,0.011740827,0.026942084,0.019983849,0.000305144
0.74096579,0.584443909,0.591373309,0.167484634,0.694481821,0.197089374,0.003262708,0.005101715,0.017650299,0.000226956
0.67887097,0.461943299,0.497196321,0.018261165,0.629024793,0.33398509,0.019983849,3.66E-06,0.059698127,0.011740827
0.570235264,0.279176191,0.34426557,0,0.517746087,0.235551119,0.017650299,0.000305144,0.185897827,0.003262708
0.416920384,0.087129579,0.143554844,0,0.350324394,0.441693515,0.059698127,0.000226956,0.197089374,0.019983849
0.221637744,9.21049E-05,0.016104115,0,0.13445333,0.11474853,0.185897827,0.011740827,0.33398509,0.017650299
0.057293657,0,0,0,0.009415295,0.257847399,0.197089374,0.003262708,0.235551119,0.059698127
3.41114E-05,0,0,0,0,0.214650288,0.33398509,0.019983849,0.441693515,0.185897827
0,0,0,0,0,0.044250902,0.235551119,0.017650299,0.11474853,0.197089374
0,0,0,0,0,0.063152693,0.441693515,0.059698127,0.257847399,0.33398509
0,0,0,0,0,0.050943874,0.11474853,0.185897827,0.214650288,0.235551119
0,0,0,0,0,0.025575124,0.257847399,0.197089374,0.044250902,0.441693515
0,0,0,0,0,0.011031318,0.214650288,0.33398509,0.063152693,0.11474853
0,0,0,0,0,0.008579505,0.044250902,0.235551119,0.050943874,0.257847399
0,0,0,0,0,0.037484579,0.063152693,0.441693515,0.025575124,0.214650288
0,0,0,0.059198695,0,0.088269725,0.050943874,0.11474853,0.011031318,0.044250902
0,0,0,0.260889475,0,0.044648953,0.025575124,0.257847399,0.008579505,0.063152693
0,0,0,0.494000346,0,0,0.011031318,0.214650288,0.037484579,0.050943874
0.028168545,0.06350896,0.008823963,0.640014732,8.97956E-06,0.005290942,0.008579505,0.044250902,0.088269725,0.025575124
0.160302325,0.226344513,0.148806513,0.724162328,0.107371269,0.028706733,0.037484579,0.063152693,0.044648953,0.011031318
0.362082816,0.399621076,0.382050465,0.760361472,0.345519128,0.000545683,0.088269725,0.050943874,0,0.008579505
0.530113946,0.506024334,0.537776593,0.753486574,0.549781914,0.002074254,0.044648953,0.025575124,0.005290942,0.037484579
0.648287274,0.564421175,0.630873886,0.702994787,0.672936237,0.001968281,0,0.011031318,0.028706733,0.088269725
0.725233531,0.593604255,0.68064409,0.607318086,0.747078476,0.002314557,0.005290942,0.008579505,0.000545683,0.044648953
0.756899066,0.587792531,0.687478942,0.450924309,0.773695645,0.000197237,0.028706733,0.037484579,0.002074254,0
0.74096579,0.535570515,0.650252901,0.221824347,0.755049595,0.00210757,0.000545683,0.088269725,0.001968281,0.005290942
0.67887097,0.420190117,0.557936247,0.044805602,0.691801778,0.001854725,0.002074254,0.044648953,0.002314557,0.028706733
0.570235264,0.261012072,0.410027556,0,0.585818496,0.012507655,0.001968281,0,0.000197237,0.000545683
0.416920384,0.091215323,0.208916103,0,0.423246743,0.030582048,0.002314557,0.005290942,0.00210757,0.002074254
0.221637744,0.004193493,0.048571953,0,0.193411402,0,0.000197237,0.028706733,0.001854725,0.001968281
0.057293657,0,0,0,0.03130264,0.016581304,0.00210757,0.000545683,0.012507655,0.002314557
3.41114E-05,0,0,0,0,0.019003959,0.001854725,0.002074254,0.030582048,0.000197237
0,0,0,0,0,0.022072628,0.012507655,0.001968281,0,0.00210757
0,0,0,0,0,0.088578492,0.030582048,0.002314557,0.016581304,0.001854725
0,0,0,0,0,0.111252293,0,0.000197237,0.019003959,0.012507655
0,0,0,0,0,0.125527129,0.016581304,0.00210757,0.022072628,0.030582048
0,0,0,0,0,0.113341562,0.019003959,0.001854725,0.088578492,0
0,0,0,0,0,0.040539846,0.022072628,0.012507655,0.111252293,0.016581304
0,0,0,0.003188397,0,0.093700588,0.088578492,0.030582048,0.125527129,0.019003959
0,0,0,0.109267752,0,0.134534627,0.111252293,0,0.113341562,0.022072628
0,0,0,0.338044572,0,0.011560022,0.125527129,0.016581304,0.040539846,0.088578492
0,0.002818922,0,0.544852225,0,0.0186588,0.113341562,0.019003959,0.093700588,0.111252293
0.028168545,0.097517573,0.064778894,0.678220947,0.006130837,0.018515345,0.040539846,0.022072628,0.134534627,0.125527129
0.160302325,0.274908586,0.24802122,0.757915152,0.140814396,0.000829689,0.093700588,0.088578492,0.011560022,0.113341562
0.362082816,0.421797906,0.453188661,0.791492929,0.385471322,0.052546293,0.134534627,0.111252293,0.0186588,0.040539846
0.530113946,0.509333356,0.591517346,0.782322524,0.569509923,0.021476513,0.011560022,0.125527129,0.018515345,0.093700588
0.648287274,0.559454539,0.678417539,0.728302747,0.684429851,0.066264421,0.0186588,0.113341562,0.000829689,0.134534627
0.725233531,0.584622242,0.722725413,0.62888002,0.751421627,0.059351061,0.018515345,0.040539846,0.052546293,0.011560022
0.756899066,0.574000643,0.726041432,0.473381589,0.768361416,0.111248836,0.000829689,0.093700588,0.021476513,0.0186588
0.74096579,0.51615533,0.68809343,0.250336495,0.738304208,0.169449061,0.052546293,0.134534627,0.066264421,0.018515345
0.67887097,0.407322889,0.597813196,0.060944371,0.665766586,0.373845756,0.021476513,0.011560022,0.059351061,0.000829689
0.570235264,0.260508761,0.456730347,1.38311E-06,0.553962919,0.48211804,0.066264421,0.0186588,0.111248836,0.052546293
0.416920384,0.102553694,0.26401039,0,0.390631997,0.517400086,0.059351061,0.018515345,0.169449061,0.021476513
0.221637744,0.014300045,0.077175757,0,0.177615609,0.580479026,0.111248836,0.000829689,0.373845756,0.066264421
0.057293657,0,1.34011E-05,0,0.030836673,0.801485062,0.169449061,0.052546293,0.48211804,0.059351061
3.41114E-05,0,0,0,0,0.599630117,0.373845756,0.021476513,0.517400086,0.111248836
0,0,0,0,0,0.806906164,0.48211804,0.066264421,0.580479026,0.169449061
0,0,0,0,0,0.875562429,0.517400086,0.059351061,0.801485062,0.373845756
0,0,0,0,0,0.910653651,0.580479026,0.111248836,0.599630117,0.48211804
0,0,0,0,0,0.931552708,0.801485062,0.169449061,0.806906164,0.517400086
0,0,0,0,0,0.927892327,0.599630117,0.373845756,0.875562429,0.580479026
0,0,0,0,0,0.810730755,0.806906164,0.48211804,0.910653651,0.801485062
0,0,0,0.025073524,0,0.808928549,0.875562429,0.517400086,0.931552708,0.599630117
0,0,0,0.167213774,0,0.907672644,0.910653651,0.580479026,0.927892327,0.806906164
0,0,0,0.390428629,0,0.937718749,0.931552708,0.801485062,0.810730755,0.875562429
0,0.037532443,0.003868023,0.568145263,0,0.854664505,0.927892327,0.599630117,0.808928549,0.910653651
0.028168545,0.140088176,0.101290592,0.68711925,0.041892604,0.901548028,0.810730755,0.806906164,0.907672644,0.931552708
0.160302325,0.26583767,0.294546236,0.758916818,0.197856604,0.993324518,0.808928549,0.875562429,0.937718749,0.927892327
0.362082816,0.377160786,0.469067997,0.783747726,0.408958317,0.987733245,0.907672644,0.910653651,0.854664505,0.810730755
0.530113946,0.447654768,0.578649811,0.762441927,0.567525801,0.994320035,0.937718749,0.931552708,0.901548028,0.808928549
0.648287274,0.48532939,0.644331343,0.596198017,0.67165112,0.999625862,0.854664505,0.927892327,0.993324518,0.907672644
0.725233531,0.506184212,0.685036796,0.450350691,0.73352516,0.995653629,0.901548028,0.810730755,0.987733245,0.937718749
0.756899066,0.498039613,0.683616935,0.250833166,0.745181335,0.988453388,0.993324518,0.808928549,0.994320035,0.854664505
0.74096579,0.446905322,0.634604094,0.068891904,0.702036772,0.939178765,0.987733245,0.907672644,0.999625862,0.901548028
0.67887097,0.35310421,0.539979251,0.000116228,0.612361932,0.825428903,0.994320035,0.937718749,0.995653629,0.993324518
0.570235264,0.230271213,0.40483065,0,0.487108263,0.994983792,0.999625862,0.854664505,0.988453388,0.987733245
0.416920384,0.103127727,0.236368341,0,0.326528888,0.999430418,0.995653629,0.901548028,0.939178765,0.994320035
0.221637744,0.022464273,0.074067777,0,0.143563538,1,0.988453388,0.993324518,0.825428903,0.999625862
0.057293657,0,0.000948928,0,0.025041943,1,0.939178765,0.987733245,0.994983792,0.995653629
3.41114E-05,0,0,0,0,1,0.825428903,0.994320035,0.999430418,0.988453388
0,0,0,0,0,1,0.994983792,0.999625862,1,0.939178765
0,0,0,0,0,1,0.999430418,0.995653629,1,0.825428903
0,0,0,0,0,1,1,0.988453388,1,0.994983792
0,0,0,0,0,1,1,0.939178765,1,0.999430418
0,0,0,4.61733E-05,0,1,1,0.825428903,1,1
0,0,0,0.051132897,0,1,1,0.994983792,1,1
0,0,0,0.201223075,0,0.999851346,1,0.999430418,1,1
0,0,0,0.390759057,0,1,1,1,1,1
0,1.48304E-05,0,0.542294478,0,1,1,1,1,1
0,0.041901765,0.031332117,0.648332113,0,1,1,1,0.999851346,1
0.028168545,0.137421175,0.139127236,0.716780582,0.047171215,1,1,1,1,1
0.160302325,0.242002969,0.297028066,0.738765045,0.187775675,1,0.999851346,1,1,1
0.362082816,0.338567293,0.445079902,0.712781336,0.367188644,1,1,1,1,1
0.530113946,0.401563541,0.543373462,0.645864238,0.510468614,1,1,1,1,0.999851346
0.648287274,0.436941314,0.603885151,0.546613672,0.608344035,0.995113134,1,1,1,1
0.725233531,0.462796942,0.640312384,0.412264722,0.666862404,0.975503504,1,1,1,1
0.756899066,0.459183438,0.637826805,0.237827855,0.676640003,0.995296419,1,0.999851346,1,1
0.74096579,0.413408086,0.591346389,0.072066607,0.63468312,0.846773446,1,1,0.995113134,1
0.67887097,0.329442766,0.502125418,0.001617507,0.547155048,1,1,1,0.975503504,1
0.570235264,0.222679736,0.380468501,0,0.426888148,1,0.995113134,1,0.995296419,1
0.416920384,0.114757868,0.228503579,0,0.281131836,1,0.975503504,1,0.846773446,1
0.221637744,0.032010288,0.078080236,0,0.125623376,1,0.995296419,1,1,0.995113134
0.057293657,0.000034643,0.005393065,0,0.024670557,1,0.846773446,1,1,0.975503504
3.41114E-05,0,0,0,0,1,1,1,1,0.995296419
0,0,0,0,0,1,1,0.995113134,1,0.846773446
0,0,0,0,0,1,1,0.975503504,1,1
0,0,0,0,0,1,1,0.995296419,1,1
0,0,0,0,0,0.995598018,1,0.846773446,1,1
0,0,0,9.70967E-05,0,0.995465696,1,1,1,1
0,0,0,0.036548051,0,0.987144649,1,1,1,1
0,0,0,0.143809314,0,0.930476904,1,1,0.995598018,1
0,0,0,0.289325059,0,0.99927789,1,1,0.995465696,1
0,7.14015E-05,0,0.404995217,0,0.999028742,0.995598018,1,0.987144649,1
0,0.031869727,0.025743095,0.485059818,0,1,0.995465696,1,0.930476904,1
0.028168545,0.10870986,0.110508646,0.540685957,0.02963198,1,0.987144649,1,0.99927789,0.995598018
0.160302325,0.206185735,0.245873715,0.551912019,0.135438419,1,0.930476904,1,0.999028742,0.995465696
0.362082816,0.305360592,0.384765591,0.52513961,0.287872523,1,0.99927789,1,1,0.987144649
0.530113946,0.37405333,0.478454849,0.46760344,0.413572375,0.983023047,0.999028742,0.995598018,1,0.930476904
0.648287274,0.412433023,0.533131936,0.384929871,0.496553231,0.984866261,1,0.995465696,1,0.99927789
0.725233531,0.434805188,0.560503147,0.28015749,0.54165551,0.959274292,1,0.987144649,1,0.999028742
0.756899066,0.429373165,0.550105804,0.154844094,0.541526563,0.418606073,1,0.930476904,0.983023047,1
0.74096579,0.392086579,0.504116346,0.046888747,0.503830855,0.440086186,1,0.99927789,0.984866261,1
0.67887097,0.319812186,0.424875087,0.002993463,0.432579925,0.301750362,0.983023047,0.999028742,0.959274292,1
0.570235264,0.221984813,0.322115372,0,0.332956098,0.229936361,0.984866261,1,0.418606073,1
0.416920384,0.12148518,0.198185993,0,0.21481898,0.288396031,0.959274292,1,0.440086186,0.983023047
0.221637744,0.037536667,0.076320581,0,0.099509431,0.573553324,0.418606073,1,0.301750362,0.984866261
0.057293657,0.001276633,0.011554049,0,0.023984818,0.578315735,0.440086186,1,0.229936361,0.959274292
3.41114E-05,0,0,0,5.33106E-06,0.673941195,0.301750362,0.983023047,0.288396031,0.418606073
0,0,0,0,0,0.575025856,0.229936361,0.984866261,0.573553324,0.440086186
0,0,0,0,0,0.554408133,0.288396031,0.959274292,0.578315735,0.301750362
0,0,0,0,0,0.662931561,0.573553324,0.418606073,0.673941195,0.229936361
0,0,0,0,0,0.556616545,0.578315735,0.440086186,0.575025856,0.288396031
0,0,0,6.97174E-07,0,0.403336436,0.673941195,0.301750362,0.554408133,0.573553324
0,0,0,0.013549298,0,0.201248974,0.575025856,0.229936361,0.662931561,0.578315735
0,0,0,0.070179459,0,0.248261675,0.554408133,0.288396031,0.556616545,0.673941195
0,0,0,0.1649287,0,0.086267263,0.662931561,0.573553324,0.403336436,0.575025856
0,0,0,0.24537725,0,0.040963087,0.556616545,0.578315735,0.201248974,0.554408133
0,0.018367976,0.008699189,0.303188768,0,0.19480674,0.403336436,0.673941195,0.248261675,0.662931561
0.028168545,0.073878282,0.057796778,0.349695235,0.019176917,0.308597416,0.201248974,0.575025856,0.086267263,0.556616545
0.160302325,0.162886631,0.158517318,0.369299561,0.097453136,0.467647493,0.248261675,0.554408133,0.040963087,0.403336436
0.362082816,0.264600588,0.276008548,0.356433124,0.226656626,0.503129423,0.086267263,0.662931561,0.19480674,0.201248974
0.530113946,0.345009389,0.359633278,0.315890947,0.344153534,0.302317232,0.040963087,0.556616545,0.308597416,0.248261675
0.648287274,0.395807962,0.406551005,0.25738533,0.423652467,0.409760207,0.19480674,0.403336436,0.467647493,0.086267263
0.725233531,0.421341656,0.431033394,0.181499574,0.467690279,0.112822011,0.308597416,0.201248974,0.503129423,0.040963087
0.756899066,0.413537762,0.426120426,0.094245247,0.470649699,0.057092331,0.467647493,0.248261675,0.302317232,0.19480674
0.74096579,0.372044019,0.392856392,0.026673526,0.436196213,0.056933645,0.503129423,0.086267263,0.409760207,0.308597416
0.67887097,0.301515608,0.327540149,0.001714032,0.37098972,0.038276639,0.302317232,0.040963087,0.112822011,0.467647493
0.570235264,0.211032957,0.243267778,0,0.283949661,0.107188642,0.409760207,0.19480674,0.057092331,0.503129423
0.416920384,0.114473305,0.149093864,0,0.181293397,0.095500693,0.112822011,0.308597416,0.056933645,0.302317232
0.221637744,0.03487298,0.060032846,0,0.082196902,0.029766843,0.057092331,0.467647493,0.038276639,0.409760207
0.057293657,0.001742103,0.010929424,0,0.019225853,0.108815283,0.056933645,0.503129423,0.107188642,0.112822011
3.41114E-05,0,0,0,4.95409E-06,0.15279755,0.038276639,0.302317232,0.095500693,0.057092331
0,0,0,0,0,0.149852112,0.107188642,0.409760207,0.029766843,0.056933645
0,0,0,0,0,0.078676306,0.095500693,0.112822011,0.108815283,0.038276639
0,0,0,0,0,0.071417503,0.029766843,0.057092331,0.15279755,0.107188642
0,0,0,0,0,0.15388529,0.108815283,0.056933645,0.149852112,0.095500693
0,0,0,0,0,0.214670345,0.15279755,0.038276639,0.078676306,0.029766843
0,0,0,0.009289247,0,0.20217745,0.149852112,0.107188642,0.071417503,0.108815283
0,0,0,0.072100959,0,0.178169996,0.078676306,0.095500693,0.15388529,0.15279755
0,0,0,0.190405276,0,0.066808224,0.071417503,0.029766843,0.214670345,0.149852112
0,0,0,0.277139654,0,0.009307255,0.15388529,0.108815283,0.20217745,0.078676306
0,0.021596612,0.001614276,0.331102721,0,0.070134498,0.214670345,0.15279755,0.178169996,0.071417503
0.028168545,0.096107401,0.054766203,0.378329198,0.0177531,0.198912963,0.20217745,0.149852112,0.066808224,0.15388529
0.160302325,0.208913968,0.182334557,0.400660292,0.099663088,0.332799226,0.178169996,0.078676306,0.009307255,0.214670345
0.362082816,0.322561179,0.32461304,0.392230459,0.239711236,0.295796812,0.066808224,0.071417503,0.070134498,0.20217745
0.530113946,0.412043789,0.422807408,0.350881023,0.360126451,0.207941905,0.009307255,0.15388529,0.198912963,0.178169996
0.648287274,0.468468826,0.475910669,0.284926348,0.435836919,0.060153231,0.070134498,0.214670345,0.332799226,0.066808224
0.725233531,0.49205162,0.504584821,0.199204372,0.478373291,0.166987836,0.198912963,0.20217745,0.295796812,0.009307255
0.756899066,0.484090573,0.497714406,0.107543947,0.484508526,0.173974305,0.332799226,0.178169996,0.207941905,0.070134498
0.74096579,0.436573502,0.453280358,0.031123546,0.449445168,0.088977978,0.295796812,0.066808224,0.060153231,0.198912963
0.67887097,0.351093142,0.376573745,0.000395911,0.378401934,0.102332987,0.207941905,0.009307255,0.166987836,0.332799226
0.570235264,0.241245504,0.274951864,0,0.285959871,0.120547377,0.060153231,0.070134498,0.173974305,0.295796812
0.416920384,0.123367517,0.158785041,0,0.176977658,0.175479472,0.166987836,0.198912963,0.088977978,0.207941905
0.221637744,0.033417793,0.053587996,0,0.074270379,0.243329912,0.173974305,0.332799226,0.102332987,0.060153231
0.057293657,0.000154151,0.004798177,0,0.014648873,0.230494708,0.088977978,0.295796812,0.120547377,0.166987836
3.41114E-05,0,0,0,0,0.340143502,0.102332987,0.207941905,0.175479472,0.173974305
0,0,0,0,0,0.351763308,0.120547377,0.060153231,0.243329912,0.088977978
0,0,0,0,0,0.365453333,0.175479472,0.166987836,0.230494708,0.102332987
0,0,0,0,0,0.371867418,0.243329912,0.173974305,0.340143502,0.120547377
0,0,0,0,0,0.345510691,0.230494708,0.088977978,0.351763308,0.175479472
0,0,0,0,0,0.356090218,0.340143502,0.102332987,0.365453333,0.243329912
0,0,0,0.010365576,0,0.185944334,0.351763308,0.120547377,0.371867418,0.230494708
0,0,0,0.10412263,0,0.077742867,0.365453333,0.175479472,0.345510691,0.340143502
0,0,0,0.278629414,0,0.087273248,0.371867418,0.243329912,0.356090218,0.351763308
0,0,0,0.407806705,0,0.06466268,0.345510691,0.230494708,0.185944334,0.365453333
0,0.018129165,9.97578E-06,0.480577685,0,0.240402877,0.356090218,0.340143502,0.077742867,0.371867418
0.028168545,0.098892003,0.065960248,0.525078266,0.024634202,0.556354821,0.185944334,0.351763308,0.087273248,0.345510691
0.160302325,0.224293789,0.221993233,0.530232129,0.1388315,0.407566994,0.077742867,0.365453333,0.06466268,0.356090218
0.362082816,0.335391152,0.379960332,0.502002626,0.316784795,0.494556278,0.087273248,0.371867418,0.240402877,0.185944334
0.530113946,0.404257016,0.473395401,0.437831578,0.455255007,0.574166596,0.06466268,0.345510691,0.556354821,0.077742867
0.648287274,0.44592744,0.519037537,0.351699874,0.539025892,0.866565347,0.240402877,0.356090218,0.407566994,0.087273248
0.725233531,0.46954489,0.53764809,0.239025677,0.580651139,0.839272618,0.556354821,0.185944334,0.494556278,0.06466268
0.756899066,0.458529972,0.520718864,0.10842361,0.575155643,0.541689157,0.407566994,0.077742867,0.574166596,0.240402877
0.74096579,0.405668318,0.467542763,0.022472359,0.526155639,0.79236871,0.494556278,0.087273248,0.866565347,0.556354821
0.67887097,0.308281378,0.379580114,7.08008E-07,0.438464912,0.860562146,0.574166596,0.06466268,0.839272618,0.407566994
0.570235264,0.191771429,0.266716478,0,0.328380989,0.862646699,0.866565347,0.240402877,0.541689157,0.494556278
0.416920384,0.078755196,0.138112833,0,0.197238204,0.962358356,0.839272618,0.556354821,0.79236871,0.574166596
0.221637744,0.012112534,0.036178216,0,0.070617725,0.823671222,0.541689157,0.407566994,0.860562146,0.866565347
0.057293657,0,0.000114229,0,0.00858835,0.7225492,0.79236871,0.494556278,0.862646699,0.839272618
3.41114E-05,0,0,0,0,0.637436032,0.860562146,0.574166596,0.962358356,0.541689157
0,0,0,0,0,0.712809503,0.862646699,0.866565347,0.823671222,0.79236871
0,0,0,0,0,0.906534612,0.962358356,0.839272618,0.7225492,0.860562146
0,0,0,0,0,0.961060584,0.823671222,0.541689157,0.637436032,0.862646699
0,0,0,0,0,0.934895396,0.7225492,0.79236871,0.712809503,0.962358356
0,0,0,0,0,0.924328685,0.637436032,0.860562146,0.906534612,0.823671222
0,0,0,0.008339044,0,0.714612603,0.712809503,0.862646699,0.961060584,0.7225492
0,0,0,0.125738749,0,0.613734901,0.906534612,0.962358356,0.934895396,0.637436032
0,0,0,0.342778783,0,0.843926191,0.961060584,0.823671222,0.924328685,0.712809503
0,0,0,0.516879638,0,0.984853446,0.934895396,0.7225492,0.714612603,0.906534612
0,0.005753611,0,0.62658799,0,0.968574822,0.924328685,0.637436032,0.613734901,0.961060584
0.028168545,0.112826529,0.077506826,0.682536924,0.02556177,0.981167614,0.714612603,0.712809503,0.843926191,0.934895396
0.160302325,0.29605062,0.25839701,0.686536735,0.156097684,0.994362831,0.613734901,0.906534612,0.984853446,0.924328685
0.362082816,0.43061533,0.432675956,0.647163858,0.353591363,0.995792985,0.843926191,0.961060584,0.968574822,0.714612603
0.530113946,0.499194474,0.533182454,0.565915282,0.499175391,0.997591257,0.984853446,0.934895396,0.981167614,0.613734901
0.648287274,0.533077332,0.582899802,0.442333116,0.586025609,1,0.968574822,0.924328685,0.994362831,0.843926191
0.725233531,0.549128151,0.605466964,0.276098901,0.629005684,0.970690846,0.981167614,0.714612603,0.995792985,0.984853446
0.756899066,0.52604716,0.588487885,0.097498627,0.620883644,0.983417928,0.994362831,0.613734901,0.997591257,0.968574822
0.74096579,0.463501501,0.526844348,0.005894177,0.566066032,0.979865134,0.995792985,0.843926191,1,0.981167614
0.67887097,0.357537248,0.425540756,0,0.477118589,0.943215728,0.997591257,0.984853446,0.970690846,0.994362831
0.570235264,0.213653945,0.283684551,0,0.355129183,0.977033556,1,0.968574822,0.983417928,0.995792985
0.416920384,0.067541782,0.112683202,0,0.203556536,0.944590867,0.970690846,0.981167614,0.979865134,0.997591257
0.221637744,0.000363079,0.012219102,0,0.062029891,0.878456712,0.983417928,0.994362831,0.943215728,1
0.057293657,0,0,0,0.000766355,0.965530038,0.979865134,0.995792985,0.977033556,0.970690846
3.41114E-05,0,0,0,0,0.993268847,0.943215728,0.997591257,0.944590867,0.983417928
0,0,0,0,0,0.997487366,0.977033556,1,0.878456712,0.979865134
0,0,0,0,0,0.980775714,0.944590867,0.970690846,0.965530038,0.943215728
0,0,0,0,0,0.976491451,0.878456712,0.983417928,0.993268847,0.977033556
0,0,0,0,0,0.992282152,0.965530038,0.979865134,0.997487366,0.944590867
0,0,0,0,0,0.995316267,0.993268847,0.943215728,0.980775714,0.878456712
0,0,0,0.001096135,0,0.958796918,0.997487366,0.977033556,0.976491451,0.965530038
0,0,0,0.107148217,0,0.904307425,0.980775714,0.944590867,0.992282152,0.993268847
0,0,0,0.329040347,0,0.84231931,0.976491451,0.878456712,0.995316267,0.997487366
0,0,0,0.517244325,0,0.763753533,0.992282152,0.965530038,0.958796918,0.980775714
0,0,0,0.630445419,0,0.732195675,0.995316267,0.993268847,0.904307425,0.976491451
0.028168545,0.109948012,0.051050887,0.687481075,0.008493476,0.572697759,0.958796918,0.997487366,0.84231931,0.992282152
0.160302325,0.328276278,0.221020596,0.695377762,0.147571789,0.633215189,0.904307425,0.980775714,0.763753533,0.995316267
0.362082816,0.500389856,0.4235184,0.661083169,0.380535076,0.630140841,0.84231931,0.976491451,0.732195675,0.958796918
0.530113946,0.582692407,0.553563866,0.581190504,0.530433368,0.729837835,0.763753533,0.992282152,0.572697759,0.904307425
0.648287274,0.619939029,0.625051986,0.450220806,0.610164795,0.662500441,0.732195675,0.995316267,0.633215189,0.84231931
0.725233531,0.636590034,0.650565976,0.265459406,0.649094112,0.692215681,0.572697759,0.958796918,0.630140841,0.763753533
0.756899066,0.608664542,0.631141084,0.079720202,0.640143269,0.485426992,0.633215189,0.904307425,0.729837835,0.732195675
0.74096579,0.533595096,0.566111088,0.000288221,0.589878402,0.477704823,0.630140841,0.84231931,0.662500441,0.572697759
0.67887097,0.406246521,0.444986446,0,0.502673365,0.623427987,0.729837835,0.763753533,0.692215681,0.633215189
0.570235264,0.214778245,0.268523736,0,0.376077865,0.721252382,0.662500441,0.732195675,0.485426992,0.630140841
0.416920384,0.0507441,0.084389002,0,0.21685208,0.673930228,0.692215681,0.572697759,0.477704823,0.729837835
0.221637744,0,0.000352542,0,0.065806525,0.796083272,0.485426992,0.633215189,0.623427987,0.662500441
0.057293657,0,0,0,0,0.872027338,0.477704823,0.630140841,0.721252382,0.692215681
3.41114E-05,0,0,0,0,0.780010402,0.623427987,0.729837835,0.673930228,0.485426992
0,0,0,0,0,0.474703312,0.721252382,0.662500441,0.796083272,0.477704823
0,0,0,0,0,0.478421241,0.673930228,0.692215681,0.872027338,0.623427987
0,0,0,0,0,0.394782931,0.796083272,0.485426992,0.780010402,0.721252382
0,0,0,0,0,0.470644981,0.872027338,0.477704823,0.474703312,0.673930228
0,0,0,0,0,0.370242,0.780010402,0.623427987,0.478421241,0.796083272
0,0,0,0,0,0.398811996,0.474703312,0.721252382,0.394782931,0.872027338
0,0,0,0.055830753,0,0.141253531,0.478421241,0.673930228,0.470644981,0.780010402
0,0,0,0.244582415,0,0.166304871,0.394782931,0.796083272,0.370242,0.474703312
0,0,0,0.450991233,0,0.295603633,0.470644981,0.872027338,0.398811996,0.478421241
0,0,0,0.572971741,0,0.558078825,0.370242,0.780010402,0.141253531,0.394782931
0.028168545,0.064766638,0.004242237,0.641610296,0.00006223,0.494418323,0.398811996,0.474703312,0.166304871,0.470644981
0.160302325,0.255268649,0.135981336,0.660908146,0.108882234,0.415118635,0.141253531,0.478421241,0.295603633,0.370242
0.362082816,0.453660127,0.354738922,0.637427114,0.329000576,0.346912563,0.166304871,0.394782931,0.558078825,0.398811996
0.530113946,0.542779921,0.46872776,0.566945239,0.488560151,0.530383766,0.295603633,0.470644981,0.494418323,0.141253531
0.648287274,0.584379829,0.526999394,0.445826035,0.575258615,0.702370822,0.558078825,0.370242,0.415118635,0.166304871
0.725233531,0.610835519,0.57363402,0.27544807,0.625140117,0.729229927,0.494418323,0.398811996,0.346912563,0.295603633
0.756899066,0.591498424,0.575769929,0.091087146,0.627792799,0.175349176,0.415118635,0.141253531,0.530383766,0.558078825
0.74096579,0.522767137,0.528135535,0.001916967,0.588121505,0.046053547,0.346912563,0.166304871,0.702370822,0.494418323
0.67887097,0.398029936,0.418195272,0,0.507992297,0.007108664,0.530383766,0.295603633,0.729229927,0.415118635
0.570235264,0.214457839,0.262842486,0,0.38945216,0.005977155,0.702370822,0.558078825,0.175349176,0.346912563
0.416920384,0.053774111,0.090474622,0,0.242685424,0.013521066,0.729229927,0.494418323,0.046053547,0.530383766
0.221637744,0,0.001099239,0,0.082892423,0.012011179,0.175349176,0.415118635,0.007108664,0.702370822
0.057293657,0,0,0,0.000256649,0.000184519,0.046053547,0.346912563,0.005977155,0.729229927
3.41114E-05,0,0,0,0,4.58E-05,0.007108664,0.530383766,0.013521066,0.175349176
0,0,0,0,0,1.90E-05,0.005977155,0.702370822,0.012011179,0.046053547
0,0,0,0,0,3.53E-05,0.013521066,0.729229927,0.000184519,0.007108664
0,0,0,0,0,2.04E-05,0.012011179,0.175349176,4.58E-05,0.005977155
0,0,0,0,0,4.74E-05,0.000184519,0.046053547,1.90E-05,0.013521066
0,0,0,0,0,0.000321536,4.58E-05,0.007108664,3.53E-05,0.012011179
0,0,0,0,0,0.001031349,1.90E-05,0.005977155,2.04E-05,0.000184519
0,0,0,0.036124838,0,1.95E-05,3.53E-05,0.013521066,4.74E-05,4.58E-05
0,0,0,0.227561325,0,3.04E-05,2.04E-05,0.012011179,0.000321536,1.90E-05
0,0,0,0.474633847,0,0.000667956,4.74E-05,0.000184519,0.001031349,3.53E-05
0,0,0,0.621990347,0,0.114408396,0.000321536,4.58E-05,1.95E-05,2.04E-05
0.028168545,0.0412833,3.87821E-07,0.703798963,0,0.074482292,0.001031349,1.90E-05,3.04E-05,4.74E-05
0.160302325,0.21719522,0.123562505,0.73605817,0.099302754,0.011119559,1.95E-05,3.53E-05,0.000667956,0.000321536
0.362082816,0.437239152,0.350346208,0.727632665,0.322716078,0,3.04E-05,2.04E-05,0.114408396,0.001031349
0.530113946,0.555174385,0.470659642,0.67469884,0.515044317,0,0.000667956,4.74E-05,0.074482292,1.95E-05
0.648287274,0.618641955,0.530772992,0.57147126,0.630605142,0,0.114408396,0.000321536,0.011119559,3.04E-05
0.725233531,0.654165025,0.593863891,0.40257636,0.697638048,0,0.074482292,0.001031349,0,0.000667956
0.756899066,0.644009549,0.61795828,0.167484634,0.716580655,0,0.011119559,1.95E-05,0,0.114408396
0.74096579,0.584443909,0.591373309,0.018261165,0.694481821,1.55E-05,0,3.04E-05,0,0.074482292
0.67887097,0.461943299,0.497196321,0,0.629024793,3.36E-05,0,0.000667956,0,0.011119559
0.570235264,0.279176191,0.34426557,0,0.517746087,0.000272767,0,0.114408396,0,0
0.416920384,0.087129579,0.143554844,0,0.350324394,0.009157952,0,0.074482292,1.55E-05,0
0.221637744,9.21049E-05,0.016104115,0,0.13445333,0.009400334,0,0.011119559,3.36E-05,0
0.057293657,0,0,0,0.009415295,0.073357098,1.55E-05,0,0.000272767,0
3.41114E-05,0,0,0,0,0.096724495,3.36E-05,0,0.009157952,0
0,0,0,0,0,0.155436754,0.000272767,0,0.009400334,1.55E-05
0,0,0,0,0,0.301901519,0.009157952,0,0.073357098,3.36E-05
0,0,0,0,0,0.562324166,0.009400334,0,0.096724495,0.000272767
0,0,0,0,0,0.669336259,0.073357098,1.55E-05,0.155436754,0.009157952
0,0,0,0,0,0.643925607,0.096724495,3.36E-05,0.301901519,0.009400334
0,0,0,0,0,0.547333658,0.155436754,0.000272767,0.562324166,0.073357098
0,0,0,0.059198695,0,0.600874782,0.301901519,0.009157952,0.669336259,0.096724495
0,0,0,0.260889475,0,0.957614899,0.562324166,0.009400334,0.643925607,0.155436754
0,0,0,0.494000346,0,0.918258011,0.669336259,0.073357098,0.547333658,0.301901519
0,0,0,0.640014732,0,0.989674032,0.643925607,0.096724495,0.600874782,0.562324166
0.028168545,0.06350896,0.008823963,0.724162328,8.97956E-06,0.990517795,0.547333658,0.155436754,0.957614899,0.669336259
0.160302325,0.226344513,0.148806513,0.760361472,0.107371269,0.996540964,0.600874782,0.301901519,0.918258011,0.643925607
0.362082816,0.399621076,0.382050465,0.753486574,0.345519128,0.994460225,0.957614899,0.562324166,0.989674032,0.547333658
0.530113946,0.506024334,0.537776593,0.702994787,0.549781914,1,0.918258011,0.669336259,0.990517795,0.600874782
0.648287274,0.564421175,0.630873886,0.607318086,0.672936237,1,0.989674032,0.643925607,0.996540964,0.957614899
0.725233531,0.593604255,0.68064409,0.450924309,0.747078476,0.996771216,0.990517795,0.547333658,0.994460225,0.918258011
0.756899066,0.587792531,0.687478942,0.221824347,0.773695645,0.994597733,0.996540964,0.600874782,1,0.989674032
0.74096579,0.535570515,0.650252901,0.044805602,0.755049595,0.988875449,0.994460225,0.957614899,1,0.990517795
0.67887097,0.420190117,0.557936247,0,0.691801778,0.99010092,1,0.918258011,0.996771216,0.996540964
0.570235264,0.261012072,0.410027556,0,0.585818496,0.998274088,1,0.989674032,0.994597733,0.994460225
0.416920384,0.091215323,0.208916103,0,0.423246743,0.998988748,0.996771216,0.990517795,0.988875449,1
0.221637744,0.004193493,0.048571953,0,0.193411402,0.998632789,0.994597733,0.996540964,0.99010092,1
0.057293657,0,0,0,0.03130264,0.999632239,0.988875449,0.994460225,0.998274088,0.996771216
3.41114E-05,0,0,0,0,0.999729633,0.99010092,1,0.998988748,0.994597733
0,0,0,0,0,1,0.998274088,1,0.998632789,0.988875449
0,0,0,0,0,1,0.998988748,0.996771216,0.999632239,0.99010092
0,0,0,0,0,0.961854994,0.998632789,0.994597733,0.999729633,0.998274088
0,0,0,0,0,0.963240087,0.999632239,0.988875449,1,0.998988748
0,0,0,0,0,0.826750398,0.999729633,0.99010092,1,0.998632789
0,0,0,0.003188397,0,0.915539086,1,0.998274088,0.961854994,0.999632239
0,0,0,0.109267752,0,0.917132437,1,0.998988748,0.963240087,0.999729633
0,0,0,0.338044572,0,0.895622075,0.961854994,0.998632789,0.826750398,1
0,0,0,0.544852225,0,0.901337504,0.963240087,0.999632239,0.915539086,1
0,0.002818922,0,0.678220947,0,0.939184844,0.826750398,0.999729633,0.917132437,0.961854994
0.028168545,0.097517573,0.064778894,0.757915152,0.006130837,0.988241255,0.915539086,1,0.895622075,0.963240087
0.160302325,0.274908586,0.24802122,0.791492929,0.140814396,1,0.917132437,1,0.901337504,0.826750398
0.362082816,0.421797906,0.453188661,0.782322524,0.385471322,1,0.895622075,0.961854994,0.939184844,0.915539086
0.530113946,0.509333356,0.591517346,0.728302747,0.569509923,0.994703114,0.901337504,0.963240087,0.988241255,0.917132437
0.648287274,0.559454539,0.678417539,0.62888002,0.684429851,0.985379219,0.939184844,0.826750398,1,0.895622075
0.725233531,0.584622242,0.722725413,0.473381589,0.751421627,0.98093468,0.988241255,0.915539086,1,0.901337504
0.756899066,0.574000643,0.726041432,0.250336495,0.768361416,0.994585037,1,0.917132437,0.994703114,0.939184844
0.74096579,0.51615533,0.68809343,0.060944371,0.738304208,1,1,0.895622075,0.985379219,0.988241255
0.67887097,0.407322889,0.597813196,1.38311E-06,0.665766586,0.972745538,0.994703114,0.901337504,0.98093468,1
0.570235264,0.260508761,0.456730347,0,0.553962919,0.932268202,0.985379219,0.939184844,0.994585037,1
0.416920384,0.102553694,0.26401039,0,0.390631997,0.983338177,0.98093468,0.988241255,1,0.994703114
0.221637744,0.014300045,0.077175757,0,0.177615609,0.972229064,0.994585037,1,0.972745538,0.985379219
0.057293657,0,1.34011E-05,0,0.030836673,0.684106588,1,1,0.932268202,0.98093468
3.41114E-05,0,0,0,0,0.83222729,0.972745538,0.994703114,0.983338177,0.994585037
0,0,0,0,0,0.786412001,0.932268202,0.985379219,0.972229064,1
0,0,0,0,0,0.737378597,0.983338177,0.98093468,0.684106588,0.972745538
0,0,0,0,0,0.769217372,0.972229064,0.994585037,0.83222729,0.932268202
0,0,0,0,0,0.597649276,0.684106588,1,0.786412001,0.983338177
0,0,0,0,0,0.565466046,0.83222729,0.972745538,0.737378597,0.972229064
0,0,0,0.025073524,0,0.629573405,0.786412001,0.932268202,0.769217372,0.684106588
0,0,0,0.167213774,0,0.32829833,0.737378597,0.983338177,0.597649276,0.83222729
0,0,0,0.390428629,0,0.367205739,0.769217372,0.972229064,0.565466046,0.786412001
0,0,0,0.568145263,0,0.788725734,0.597649276,0.684106588,0.629573405,0.737378597
0,0.037532443,0.003868023,0.68711925,0,0.853446066,0.565466046,0.83222729,0.32829833,0.769217372
0.028168545,0.140088176,0.101290592,0.758916818,0.041892604,0.894214213,0.629573405,0.786412001,0.367205739,0.597649276
0.160302325,0.26583767,0.294546236,0.783747726,0.197856604,0.845498443,0.32829833,0.737378597,0.788725734,0.565466046
0.362082816,0.377160786,0.469067997,0.762441927,0.408958317,0.947426736,0.367205739,0.769217372,0.853446066,0.629573405
0.530113946,0.447654768,0.578649811,0.698253468,0.567525801,0.963148773,0.788725734,0.597649276,0.894214213,0.32829833
0.648287274,0.48532939,0.644331343,0.596198017,0.67165112,0.956317723,0.853446066,0.565466046,0.845498443,0.367205739
0.725233531,0.506184212,0.685036796,0.450350691,0.73352516,0.519416034,0.894214213,0.629573405,0.947426736,0.788725734
0.756899066,0.498039613,0.683616935,0.250833166,0.745181335,0.293246448,0.845498443,0.32829833,0.963148773,0.853446066
0.74096579,0.446905322,0.634604094,0.068891904,0.702036772,0.149241149,0.947426736,0.367205739,0.956317723,0.894214213
0.67887097,0.35310421,0.539979251,0.000116228,0.612361932,0.183402538,0.963148773,0.788725734,0.519416034,0.845498443
0.570235264,0.230271213,0.40483065,0,0.487108263,0.019284755,0.956317723,0.853446066,0.293246448,0.947426736
0.416920384,0.103127727,0.236368341,0,0.326528888,0.007988892,0.519416034,0.894214213,0.149241149,0.963148773
0.221637744,0.022464273,0.074067777,0,0.143563538,0.023440819,0.293246448,0.845498443,0.183402538,0.956317723
0.057293657,0,0.000948928,0,0.025041943,0.014340378,0.149241149,0.947426736,0.019284755,0.519416034
3.41114E-05,0,0,0,0,0.030498166,0.183402538,0.963148773,0.007988892,0.293246448
0,0,0,0,0,0.025928479,0.019284755,0.956317723,0.023440819,0.149241149
0,0,0,0,0,0.006623355,0.007988892,0.519416034,0.014340378,0.183402538
0,0,0,0,0,0.004195502,0.023440819,0.293246448,0.030498166,0.019284755
0,0,0,0,0,0.003915712,0.014340378,0.149241149,0.025928479,0.007988892
0,0,0,4.61733E-05,0,0.000611192,0.030498166,0.183402538,0.006623355,0.023440819
0,0,0,0.051132897,0,0.00042258,0.025928479,0.019284755,0.004195502,0.014340378
0,0,0,0.201223075,0,0,0.006623355,0.007988892,0.003915712,0.030498166
0,0,0,0.390759057,0,0.006205306,0.004195502,0.023440819,0.000611192,0.025928479
0,1.48304E-05,0,0.542294478,0,0.02077573,0.003915712,0.014340378,0.00042258,0.006623355
0,0.041901765,0.031332117,0.648332113,0,0.05738239,0.000611192,0.030498166,0,0.004195502
0.028168545,0.137421175,0.139127236,0.716780582,0.047171215,0.004123469,0.00042258,0.025928479,0.006205306,0.003915712
0.160302325,0.242002969,0.297028066,0.738765045,0.187775675,0.003181619,0,0.006623355,0.02077573,0.000611192
0.362082816,0.338567293,0.445079902,0.712781336,0.367188644,0.002545435,0.006205306,0.004195502,0.05738239,0.00042258
0.530113946,0.401563541,0.543373462,0.645864238,0.510468614,5.07E-05,0.02077573,0.003915712,0.004123469,0
0.648287274,0.436941314,0.603885151,0.546613672,0.608344035,0.000132211,0.05738239,0.000611192,0.003181619,0.006205306
0.725233531,0.462796942,0.640312384,0.412264722,0.666862404,7.97E-06,0.004123469,0.00042258,0.002545435,0.02077573
0.756899066,0.459183438,0.637826805,0.237827855,0.676640003,0,0.003181619,0,5.07E-05,0.05738239
0.74096579,0.413408086,0.591346389,0.072066607,0.63468312,0,0.002545435,0.006205306,0.000132211,0.004123469
0.67887097,0.329442766,0.502125418,0.001617507,0.547155048,2.58E-05,5.07E-05,0.02077573,7.97E-06,0.003181619
0.570235264,0.222679736,0.380468501,0,0.426888148,0.000337397,0.000132211,0.05738239,0,0.002545435
0.416920384,0.114757868,0.228503579,0,0.281131836,0.000136994,7.97E-06,0.004123469,0,5.07E-05
0.221637744,0.032010288,0.078080236,0,0.125623376,0.000586161,0,0.003181619,2.58E-05,0.000132211
0.057293657,0.000034643,0.005393065,0,0.024670557,1.81E-05,0,0.002545435,0.000337397,7.97E-06
3.41114E-05,0,0,0,0,0,2.58E-05,5.07E-05,0.000136994,0
0,0,0,0,0,0,0.000337397,0.000132211,0.000586161,0
0,0,0,0,0,0,0.000136994,7.97E-06,1.81E-05,2.58E-05
0,0,0,0,0,2.35E-06,0.000586161,0,0,0.000337397
0,0,0,0,0,1.12E-05,1.81E-05,0,0,0.000136994
0,0,0,9.70967E-05,0,0.001577535,0,2.58E-05,0,0.000586161
0,0,0,0.036548051,0,0.003389223,0,0.000337397,2.35E-06,1.81E-05
0,0,0,0.143809314,0,0.006617373,0,0.000136994,1.12E-05,0
0,0,0,0.289325059,0,0.000551731,2.35E-06,0.000586161,0.001577535,0
0,7.14015E-05,0,0.404995217,0,0.008130776,1.12E-05,1.81E-05,0.003389223,0
0,0.031869727,0.025743095,0.485059818,0,0.104312487,0.001577535,0,0.006617373,2.35E-06
0.028168545,0.10870986,0.110508646,0.540685957,0.02963198,0.248821035,0.003389223,0,0.000551731,1.12E-05
0.160302325,0.206185735,0.245873715,0.551912019,0.135438419,0.358969569,0.006617373,0,0.008130776,0.001577535
0.362082816,0.305360592,0.384765591,0.52513961,0.287872523,0.33163476,0.000551731,2.35E-06,0.104312487,0.003389223
0.530113946,0.37405333,0.478454849,0.46760344,0.413572375,0.333943963,0.008130776,1.12E-05,0.248821035,0.006617373
0.648287274,0.412433023,0.533131936,0.384929871,0.496553231,0.411874592,0.104312487,0.001577535,0.358969569,0.000551731
0.725233531,0.434805188,0.560503147,0.28015749,0.54165551,0.184629649,0.248821035,0.003389223,0.33163476,0.008130776
0.756899066,0.429373165,0.550105804,0.154844094,0.541526563,0.118425816,0.358969569,0.006617373,0.333943963,0.104312487
0.74096579,0.392086579,0.504116346,0.046888747,0.503830855,0.031226324,0.33163476,0.000551731,0.411874592,0.248821035
0.67887097,0.319812186,0.424875087,0.002993463,0.432579925,0.016612323,0.333943963,0.008130776,0.184629649,0.358969569
0.570235264,0.221984813,0.322115372,0,0.332956098,0.029330261,0.411874592,0.104312487,0.118425816,0.33163476
0.416920384,0.12148518,0.198185993,0,0.21481898,0.044350788,0.184629649,0.248821035,0.031226324,0.333943963
0.221637744,0.037536667,0.076320581,0,0.099509431,0.026014643,0.118425816,0.358969569,0.016612323,0.411874592
0.057293657,0.001276633,0.011554049,0,0.023984818,0.012158372,0.031226324,0.33163476,0.029330261,0.184629649
3.41114E-05,0,0,0,5.33106E-06,0.000170827,0.016612323,0.333943963,0.044350788,0.118425816
0,0,0,0,0,0.000330491,0.029330261,0.411874592,0.026014643,0.031226324
0,0,0,0,0,0.008975953,0.044350788,0.184629649,0.012158372,0.016612323
0,0,0,0,0,0.028366176,0.026014643,0.118425816,0.000170827,0.029330261
0,0,0,0,0,0.047658481,0.012158372,0.031226324,0.000330491,0.044350788
0,0,0,6.97174E-07,0,0.020951875,0.000170827,0.016612323,0.008975953,0.026014643
0,0,0,0.013549298,0,0.016528202,0.000330491,0.029330261,0.028366176,0.012158372
0,0,0,0.070179459,0,0.061987393,0.008975953,0.044350788,0.047658481,0.000170827
0,0,0,0.1649287,0,0.029779723,0.028366176,0.026014643,0.020951875,0.000330491
0,0,0,0.24537725,0,0.038432878,0.047658481,0.012158372,0.016528202,0.008975953
0,0.018367976,0.008699189,0.303188768,0,0.059015073,0.020951875,0.000170827,0.061987393,0.028366176
0.028168545,0.073878282,0.057796778,0.349695235,0.019176917,0.170929462,0.016528202,0.000330491,0.029779723,0.047658481
0.160302325,0.162886631,0.158517318,0.369299561,0.097453136,0.330376446,0.061987393,0.008975953,0.038432878,0.020951875
0.362082816,0.264600588,0.276008548,0.356433124,0.226656626,0.40051046,0.029779723,0.028366176,0.059015073,0.016528202
0.530113946,0.345009389,0.359633278,0.315890947,0.344153534,0.54056108,0.038432878,0.047658481,0.170929462,0.061987393
0.648287274,0.395807962,0.406551005,0.25738533,0.423652467,0.445490211,0.059015073,0.020951875,0.330376446,0.029779723
0.725233531,0.421341656,0.431033394,0.181499574,0.467690279,0.353917331,0.170929462,0.016528202,0.40051046,0.038432878
0.756899066,0.413537762,0.426120426,0.094245247,0.470649699,0.474078,0.330376446,0.061987393,0.54056108,0.059015073
0.74096579,0.372044019,0.392856392,0.026673526,0.436196213,0.494052589,0.40051046,0.029779723,0.445490211,0.170929462
0.67887097,0.301515608,0.327540149,0.001714032,0.37098972,0.595775306,0.54056108,0.038432878,0.353917331,0.330376446
0.570235264,0.211032957,0.243267778,0,0.283949661,0.62349987,0.445490211,0.059015073,0.474078,0.40051046
0.416920384,0.114473305,0.149093864,0,0.181293397,0.696579933,0.353917331,0.170929462,0.494052589,0.54056108
0.221637744,0.03487298,0.060032846,0,0.082196902,0.625244915,0.474078,0.330376446,0.595775306,0.445490211
0.057293657,0.001742103,0.010929424,0,0.019225853,0.672557771,0.494052589,0.40051046,0.62349987,0.353917331
3.41114E-05,0,0,0,4.95409E-06,0.566133976,0.595775306,0.54056108,0.696579933,0.474078
0,0,0,0,0,0.705252767,0.62349987,0.445490211,0.625244915,0.494052589
0,0,0,0,0,0.513045669,0.696579933,0.353917331,0.672557771,0.595775306
0,0,0,0,0,0.510314405,0.625244915,0.474078,0.566133976,0.62349987
0,0,0,0,0,0.729553521,0.672557771,0.494052589,0.705252767,0.696579933
0,0,0,0,0,0.761322439,0.566133976,0.595775306,0.513045669,0.625244915
0,0,0,0.009289247,0,0.493663102,0.705252767,0.62349987,0.510314405,0.672557771
0,0,0,0.072100959,0,0.36528033,0.513045669,0.696579933,0.729553521,0.566133976
0,0,0,0.190405276,0,0.331763327,0.510314405,0.625244915,0.761322439,0.705252767
0,0,0,0.277139654,0,0.315054476,0.729553521,0.672557771,0.493663102,0.513045669
0,0.021596612,0.001614276,0.331102721,0,0.36612308,0.761322439,0.566133976,0.36528033,0.510314405
0.028168545,0.096107401,0.054766203,0.378329198,0.0177531,0.407980204,0.493663102,0.705252767,0.331763327,0.729553521
0.160302325,0.208913968,0.182334557,0.400660292,0.099663088,0.788694203,0.36528033,0.513045669,0.315054476,0.761322439
0.362082816,0.322561179,0.32461304,0.392230459,0.239711236,0.471933067,0.331763327,0.510314405,0.36612308,0.493663102
0.530113946,0.412043789,0.422807408,0.350881023,0.360126451,0.671246827,0.315054476,0.729553521,0.407980204,0.36528033
0.648287274,0.468468826,0.475910669,0.284926348,0.435836919,0.435648322,0.36612308,0.761322439,0.788694203,0.331763327
0.725233531,0.49205162,0.504584821,0.199204372,0.478373291,0.209347382,0.407980204,0.493663102,0.471933067,0.315054476
0.756899066,0.484090573,0.497714406,0.107543947,0.484508526,0.228019759,0.788694203,0.36528033,0.671246827,0.36612308
0.74096579,0.436573502,0.453280358,0.031123546,0.449445168,0.536509931,0.471933067,0.331763327,0.435648322,0.407980204
0.67887097,0.351093142,0.376573745,0.000395911,0.378401934,0.538068175,0.671246827,0.315054476,0.209347382,0.788694203
0.570235264,0.241245504,0.274951864,0,0.285959871,0.230950385,0.435648322,0.36612308,0.228019759,0.471933067
0.416920384,0.123367517,0.158785041,0,0.176977658,0.169289395,0.209347382,0.407980204,0.536509931,0.671246827
0.221637744,0.033417793,0.053587996,0,0.074270379,0.201660678,0.228019759,0.788694203,0.538068175,0.435648322
0.057293657,0.000154151,0.004798177,0,0.014648873,0.138939247,0.536509931,0.471933067,0.230950385,0.209347382
3.41114E-05,0,0,0,0,0.036772445,0.538068175,0.671246827,0.169289395,0.228019759
0,0,0,0,0,0.00308613,0.230950385,0.435648322,0.201660678,0.536509931
0,0,0,0,0,0.000706943,0.169289395,0.209347382,0.138939247,0.538068175
0,0,0,0,0,0.001301517,0.201660678,0.228019759,0.036772445,0.230950385
0,0,0,0,0,0.016332004,0.138939247,0.536509931,0.00308613,0.169289395
0,0,0,0,0,0.008077377,0.036772445,0.538068175,0.000706943,0.201660678
0,0,0,0.010365576,0,0.019539453,0.00308613,0.230950385,0.001301517,0.138939247
0,0,0,0.10412263,0,0.002058651,0.000706943,0.169289395,0.016332004,0.036772445
0,0,0,0.278629414,0,0.056036718,0.001301517,0.201660678,0.008077377,0.00308613
0,0,0,0.407806705,0,0.274677455,0.016332004,0.138939247,0.019539453,0.000706943
0,0.018129165,9.97578E-06,0.480577685,0,0.325939208,0.008077377,0.036772445,0.002058651,0.001301517
0.028168545,0.098892003,0.065960248,0.525078266,0.024634202,0.269390732,0.019539453,0.00308613,0.056036718,0.016332004
0.160302325,0.224293789,0.221993233,0.530232129,0.1388315,0.289349556,0.002058651,0.000706943,0.274677455,0.008077377
0.362082816,0.335391152,0.379960332,0.502002626,0.316784795,0,0.056036718,0.001301517,0.325939208,0.019539453
0.530113946,0.404257016,0.473395401,0.437831578,0.455255007,0.208825722,0.274677455,0.016332004,0.269390732,0.002058651
0.648287274,0.44592744,0.519037537,0.351699874,0.539025892,0,0.325939208,0.008077377,0.289349556,0.056036718
0.725233531,0.46954489,0.53764809,0.239025677,0.580651139,0,0.269390732,0.019539453,0,0.274677455
0.756899066,0.458529972,0.520718864,0.10842361,0.575155643,0,0.289349556,0.002058651,0.208825722,0.325939208
0.74096579,0.405668318,0.467542763,0.022472359,0.526155639,0.291040152,0,0.056036718,0,0.269390732
0.67887097,0.308281378,0.379580114,7.08008E-07,0.438464912,0.605302572,0.208825722,0.274677455,0,0.289349556
0.570235264,0.191771429,0.266716478,0,0.328380989,0,0,0.325939208,0,0
0.416920384,0.078755196,0.138112833,0,0.197238204,0,0,0.269390732,0.291040152,0.208825722
0.221637744,0.012112534,0.036178216,0,0.070617725,0,0,0.289349556,0.605302572,0
0.057293657,0,0.000114229,0,0.00858835,0,0.291040152,0,0,0
3.41114E-05,0,0,0,0,0,0.605302572,0.208825722,0,0
0,0,0,0,0,0,0,0,0,0.291040152
0,0,0,0,0,0,0,0,0,0.605302572
0,0,0,0,0,0,0,0,0,0
0,0,0,0,0,0,0,0.291040152,0,0
0,0,0,0,0,0,0,0.605302572,0,0
0,0,0,0.008339044,0,0,0,0,0,0
0,0,0,0.125738749,0,0,0,0,0,0
0,0,0,0.342778783,0,0,0,0,0,0
0,0,0,0.516879638,0,0,0,0,0,0
0,0.005753611,0,0.62658799,0,0,0,0,0,0
0.028168545,0.112826529,0.077506826,0.682536924,0.02556177,0,0,0,0,0
0.160302325,0.29605062,0.25839701,0.686536735,0.156097684,0.039806731,0,0,0,0
0.362082816,0.43061533,0.432675956,0.647163858,0.353591363,0,0,0,0,0
0.530113946,0.499194474,0.533182454,0.565915282,0.499175391,0.001499381,0,0,0,0
0.648287274,0.533077332,0.582899802,0.442333116,0.586025609,0.00029518,0,0,0.039806731,0
0.725233531,0.549128151,0.605466964,0.276098901,0.629005684,6.09E-05,0,0,0,0
0.756899066,0.52604716,0.588487885,0.097498627,0.620883644,3.58E-05,0.039806731,0,0.001499381,0
0.74096579,0.463501501,0.526844348,0.005894177,0.566066032,4.91E-05,0,0,0.00029518,0
0.67887097,0.357537248,0.425540756,0,0.477118589,6.41E-05,0.001499381,0,6.09E-05,0.039806731
0.570235264,0.213653945,0.283684551,0,0.355129183,4.74E-05,0.00029518,0,3.58E-05,0
0.416920384,0.067541782,0.112683202,0,0.203556536,4.34E-05,6.09E-05,0,4.91E-05,0.001499381
0.221637744,0.000363079,0.012219102,0,0.062029891,5.87E-05,3.58E-05,0.039806731,6.41E-05,0.00029518
0.057293657,0,0,0,0.000766355,3.65E-05,4.91E-05,0,4.74E-05,6.09E-05
3.41114E-05,0,0,0,0,5.04E-05,6.41E-05,0.001499381,4.34E-05,3.58E-05
0,0,0,0,0,3.33E-05,4.74E-05,0.00029518,5.87E-05,4.91E-05
0,0,0,0,0,6.57E-05,4.34E-05,6.09E-05,3.65E-05,6.41E-05
0,0,0,0,0,6.53E-05,5.87E-05,3.58E-05,5.04E-05,4.74E-05
0,0,0,0,0,7.02E-05,3.65E-05,4.91E-05,3.33E-05,4.34E-05
0,0,0,0,0,4.94E-05,5.04E-05,6.41E-05,6.57E-05,5.87E-05
0,0,0,0.001096135,0,1.12E-05,3.33E-05,4.74E-05,6.53E-05,3.65E-05
0,0,0,0.107148217,0,2.84E-05,6.57E-05,4.34E-05,7.02E-05,5.04E-05
0,0,0,0.329040347,0,0.000200419,6.53E-05,5.87E-05,4.94E-05,3.33E-05
0,0,0,0.517244325,0,0.00237218,7.02E-05,3.65E-05,1.12E-05,6.57E-05
0,0,0,0.630445419,0,0.051822416,4.94E-05,5.04E-05,2.84E-05,6.53E-05
0.028168545,0.109948012,0.051050887,0.687481075,0.008493476,0.056211028,1.12E-05,3.33E-05,0.000200419,7.02E-05
0.160302325,0.328276278,0.221020596,0.695377762,0.147571789,0.071888499,2.84E-05,6.57E-05,0.00237218,4.94E-05
0.362082816,0.500389856,0.4235184,0.661083169,0.380535076,0.085337453,0.000200419,6.53E-05,0.051822416,1.12E-05
0.530113946,0.582692407,0.553563866,0.581190504,0.530433368,0.076875716,0.00237218,7.02E-05,0.056211028,2.84E-05
0.648287274,0.619939029,0.625051986,0.450220806,0.610164795,0.020311095,0.051822416,4.94E-05,0.071888499,0.000200419
0.725233531,0.636590034,0.650565976,0.265459406,0.649094112,0.027379906,0.056211028,1.12E-05,0.085337453,0.00237218
0.756899066,0.608664542,0.631141084,0.079720202,0.640143269,0.016506765,0.071888499,2.84E-05,0.076875716,0.051822416
0.74096579,0.533595096,0.566111088,0.000288221,0.589878402,0.010661581,0.085337453,0.000200419,0.020311095,0.056211028
0.67887097,0.406246521,0.444986446,0,0.502673365,0.029216683,0.076875716,0.00237218,0.027379906,0.071888499
0.570235264,0.214778245,0.268523736,0,0.376077865,0.01897984,0.020311095,0.051822416,0.016506765,0.085337453
0.416920384,0.0507441,0.084389002,0,0.21685208,0.012963274,0.027379906,0.056211028,0.010661581,0.076875716
0.221637744,0,0.000352542,0,0.065806525,0.012143001,0.016506765,0.071888499,0.029216683,0.020311095
0.057293657,0,0,0,0,0.00058385,0.010661581,0.085337453,0.01897984,0.027379906
3.41114E-05,0,0,0,0,1.25E-05,0.029216683,0.076875716,0.012963274,0.016506765
0,0,0,0,0,0.000268777,0.01897984,0.020311095,0.012143001,0.010661581
0,0,0,0,0,0.000301618,0.012963274,0.027379906,0.00058385,0.029216683
0,0,0,0,0,0.005135396,0.012143001,0.016506765,1.25E-05,0.01897984
0,0,0,0,0,0.003235959,0.00058385,0.010661581,0.000268777,0.012963274
0,0,0,0,0,0.004908995,1.25E-05,0.029216683,0.000301618,0.012143001
0,0,0,0,0,0.003336316,0.000268777,0.01897984,0.005135396,0.00058385
0,0,0,0.055830753,0,0.003471117,0.000301618,0.012963274,0.003235959,1.25E-05
0,0,0,0.244582415,0,0.004270801,0.005135396,0.012143001,0.004908995,0.000268777
0,0,0,0.450991233,0,0.008132322,0.003235959,0.00058385,0.003336316,0.000301618
0,0,0,0.572971741,0,0.081011914,0.004908995,1.25E-05,0.003471117,0.005135396
0.028168545,0.064766638,0.004242237,0.641610296,0.00006223,0.112119257,0.003336316,0.000268777,0.004270801,0.003235959
0.160302325,0.255268649,0.135981336,0.660908146,0.108882234,0.031323094,0.003471117,0.000301618,0.008132322,0.004908995
0.362082816,0.453660127,0.354738922,0.637427114,0.329000576,0.030429002,0.004270801,0.005135396,0.081011914,0.003336316
0.530113946,0.542779921,0.46872776,0.566945239,0.488560151,0.007816003,0.008132322,0.003235959,0.112119257,0.003471117
0.648287274,0.584379829,0.526999394,0.445826035,0.575258615,0.013387572,0.081011914,0.004908995,0.031323094,0.004270801
0.725233531,0.610835519,0.57363402,0.27544807,0.625140117,0,0.112119257,0.003336316,0.030429002,0.008132322
0.756899066,0.591498424,0.575769929,0.091087146,0.627792799,0,0.031323094,0.003471117,0.007816003,0.081011914
0.74096579,0.522767137,0.528135535,0.001916967,0.588121505,0,0.030429002,0.004270801,0.013387572,0.112119257
0.67887097,0.398029936,0.418195272,0,0.507992297,0,0.007816003,0.008132322,0,0.031323094
0.570235264,0.214457839,0.262842486,0,0.38945216,0,0.013387572,0.081011914,0,0.030429002
0.416920384,0.053774111,0.090474622,0,0.242685424,0.000321551,0,0.112119257,0,0.007816003
0.221637744,0,0.001099239,0,0.082892423,0.008571428,0,0.031323094,0,0.013387572
0.057293657,0,0,0,0.000256649,0.023775127,0,0.030429002,0,0
3.41114E-05,0,0,0,0,0.007332826,0,0.007816003,0.000321551,0
0,0,0,0,0,0.009890662,0,0.013387572,0.008571428,0
0,0,0,0,0,0.010256416,0.000321551,0,0.023775127,0
0,0,0,0,0,0.00962998,0.008571428,0,0.007332826,0
0,0,0,0,0,0.006760235,0.023775127,0,0.009890662,0.000321551
0,0,0,0,0,0.008187366,0.007332826,0,0.010256416,0.008571428
0,0,0,0,0,0.006208578,0.009890662,0,0.00962998,0.023775127
0,0,0,0.036124838,0,0.000949961,0.010256416,0.000321551,0.006760235,0.007332826
0,0,0,0.227561325,0,0.00813111,0.00962998,0.008571428,0.008187366,0.009890662
0,0,0,0.474633847,0,0.023034059,0.006760235,0.023775127,0.006208578,0.010256416
0,0,0,0.621990347,0,0.036741018,0.008187366,0.007332826,0.000949961,0.00962998
0.028168545,0.0412833,3.87821E-07,0.703798963,0,0.018753242,0.006208578,0.009890662,0.00813111,0.006760235
0.160302325,0.21719522,0.123562505,0.73605817,0.099302754,0.014817446,0.000949961,0.010256416,0.023034059,0.008187366
0.362082816,0.437239152,0.350346208,0.727632665,0.322716078,0.001068622,0.00813111,0.00962998,0.036741018,0.006208578
0.530113946,0.555174385,0.470659642,0.67469884,0.515044317,0.000394323,0.023034059,0.006760235,0.018753242,0.000949961
0.648287274,0.618641955,0.530772992,0.57147126,0.630605142,0.000163447,0.036741018,0.008187366,0.014817446,0.00813111
0.725233531,0.654165025,0.593863891,0.40257636,0.697638048,1.68E-05,0.018753242,0.006208578,0.001068622,0.023034059
0.756899066,0.644009549,0.61795828,0.167484634,0.716580655,5.27E-05,0.014817446,0.000949961,0.000394323,0.036741018
0.74096579,0.584443909,0.591373309,0.018261165,0.694481821,0.001216543,0.001068622,0.00813111,0.000163447,0.018753242
0.67887097,0.461943299,0.497196321,0,0.629024793,0.002289178,0.000394323,0.023034059,1.68E-05,0.014817446
0.570235264,0.279176191,0.34426557,0,0.517746087,0.004496836,0.000163447,0.036741018,5.27E-05,0.001068622
0.416920384,0.087129579,0.143554844,0,0.350324394,0.014883439,1.68E-05,0.018753242,0.001216543,0.000394323
0.221637744,9.21049E-05,0.016104115,0,0.13445333,0.026143538,5.27E-05,0.014817446,0.002289178,0.000163447
0.057293657,0,0,0,0.009415295,0.039016221,0.001216543,0.001068622,0.004496836,1.68E-05
3.41114E-05,0,0,0,0,0.007150924,0.002289178,0.000394323,0.014883439,5.27E-05
0,0,0,0,0,0.031389128,0.004496836,0.000163447,0.026143538,0.001216543
0,0,0,0,0,0.064823963,0.014883439,1.68E-05,0.039016221,0.002289178
0,0,0,0,0,0.081157707,0.026143538,5.27E-05,0.007150924,0.004496836
0,0,0,0,0,0.060461584,0.039016221,0.001216543,0.031389128,0.014883439
0,0,0,0,0,0.055424616,0.007150924,0.002289178,0.064823963,0.026143538
0,0,0,0,0,0.041858558,0.031389128,0.004496836,0.081157707,0.039016221
0,0,0,0.059198695,0,0.014990365,0.064823963,0.014883439,0.060461584,0.007150924
0,0,0,0.260889475,0,0.049698565,0.081157707,0.026143538,0.055424616,0.031389128
0,0,0,0.494000346,0,0.105675444,0.060461584,0.039016221,0.041858558,0.064823963
0,0,0,0.640014732,0,0.12918286,0.055424616,0.007150924,0.014990365,0.081157707
0.028168545,0.06350896,0.008823963,0.724162328,8.97956E-06,0.085389197,0.041858558,0.031389128,0.049698565,0.060461584
0.160302325,0.226344513,0.148806513,0.760361472,0.107371269,0.026862405,0.014990365,0.064823963,0.105675444,0.055424616
0.362082816,0.399621076,0.382050465,0.753486574,0.345519128,0.00773143,0.049698565,0.081157707,0.12918286,0.041858558
0.530113946,0.506024334,0.537776593,0.702994787,0.549781914,0.002720199,0.105675444,0.060461584,0.085389197,0.014990365
0.648287274,0.564421175,0.630873886,0.607318086,0.672936237,0.001525873,0.12918286,0.055424616,0.026862405,0.049698565
0.725233531,0.593604255,0.68064409,0.450924309,0.747078476,0.000522604,0.085389197,0.041858558,0.00773143,0.105675444
0.756899066,0.587792531,0.687478942,0.221824347,0.773695645,0.000195092,0.026862405,0.014990365,0.002720199,0.12918286
0.74096579,0.535570515,0.650252901,0.044805602,0.755049595,0.003293123,0.00773143,0.049698565,0.001525873,0.085389197
0.67887097,0.420190117,0.557936247,0,0.691801778,0.000459603,0.002720199,0.105675444,0.000522604,0.026862405
0.570235264,0.261012072,0.410027556,0,0.585818496,0.000301939,0.001525873,0.12918286,0.000195092,0.00773143
0.416920384,0.091215323,0.208916103,0,0.423246743,0.003537101,0.000522604,0.085389197,0.003293123,0.002720199
0.221637744,0.004193493,0.048571953,0,0.193411402,9.37E-05,0.000195092,0.026862405,0.000459603,0.001525873
0.057293657,0,0,0,0.03130264,0.001181569,0.003293123,0.00773143,0.000301939,0.000522604
3.41114E-05,0,0,0,0,0.00176739,0.000459603,0.002720199,0.003537101,0.000195092
0,0,0,0,0,0.003931854,0.000301939,0.001525873,9.37E-05,0.003293123
0,0,0,0,0,0.001538711,0.003537101,0.000522604,0.001181569,0.000459603
0,0,0,0,0,0.000392978,9.37E-05,0.000195092,0.00176739,0.000301939
0,0,0,0,0,0.000380839,0.001181569,0.003293123,0.003931854,0.003537101
0,0,0,0,0,0.000863818,0.00176739,0.000459603,0.001538711,9.37E-05
0,0,0,0.003188397,0,0.00044332,0.003931854,0.000301939,0.000392978,0.001181569
0,0,0,0.109267752,0,6.34E-05,0.001538711,0.003537101,0.000380839,0.00176739
0,0,0,0.338044572,0,0.000406711,0.000392978,9.37E-05,0.000863818,0.003931854
0,0,0,0.544852225,0,0.008460972,0.000380839,0.001181569,0.00044332,0.001538711
0,0.002818922,0,0.678220947,0,0.002824032,0.000863818,0.00176739,6.34E-05,0.000392978
0.028168545,0.097517573,0.064778894,0.757915152,0.006130837,0.01374785,0.00044332,0.003931854,0.000406711,0.000380839
0.160302325,0.274908586,0.24802122,0.791492929,0.140814396,0.000606729,6.34E-05,0.001538711,0.008460972,0.000863818
0.362082816,0.421797906,0.453188661,0.782322524,0.385471322,0.000463385,0.000406711,0.000392978,0.002824032,0.00044332
0.530113946,0.509333356,0.591517346,0.728302747,0.569509923,1.46E-05,0.008460972,0.000380839,0.01374785,6.34E-05
0.648287274,0.559454539,0.678417539,0.62888002,0.684429851,5.65E-05,0.002824032,0.000863818,0.000606729,0.000406711
0.725233531,0.584622242,0.722725413,0.473381589,0.751421627,0,0.01374785,0.00044332,0.000463385,0.008460972
0.756899066,0.574000643,0.726041432,0.250336495,0.768361416,3.48E-06,0.000606729,6.34E-05,1.46E-05,0.002824032
0.74096579,0.51615533,0.68809343,0.060944371,0.738304208,0,0.000463385,0.000406711,5.65E-05,0.01374785
0.67887097,0.407322889,0.597813196,1.38311E-06,0.665766586,0,1.46E-05,0.008460972,0,0.000606729
0.570235264,0.260508761,0.456730347,0,0.553962919,7.66E-06,5.65E-05,0.002824032,3.48E-06,0.000463385
0.416920384,0.102553694,0.26401039,0,0.390631997,5.34E-05,0,0.01374785,0,1.46E-05
0.221637744,0.014300045,0.077175757,0,0.177615609,0.001048668,3.48E-06,0.000606729,0,5.65E-05
0.057293657,0,1.34011E-05,0,0.030836673,0.00081874,0,0.000463385,7.66E-06,0
3.41114E-05,0,0,0,0,0.005694365,0,1.46E-05,5.34E-05,3.48E-06
0,0,0,0,0,0.002635816,7.66E-06,5.65E-05,0.001048668,0
0,0,0,0,0,0.007530636,5.34E-05,0,0.00081874,0
0,0,0,0,0,0.004771272,0.001048668,3.48E-06,0.005694365,7.66E-06
0,0,0,0,0,0.000184882,0.00081874,0,0.002635816,5.34E-05
0,0,0,0,0,0.000147887,0.005694365,0,0.007530636,0.001048668
0,0,0,0.025073524,0,7.18E-05,0.002635816,7.66E-06,0.004771272,0.00081874
0,0,0,0.167213774,0,0.002575001,0.007530636,5.34E-05,0.000184882,0.005694365
0,0,0,0.390428629,0,0.004552442,0.004771272,0.001048668,0.000147887,0.002635816
0,0,0,0.568145263,0,0.017347462,0.000184882,0.00081874,7.18E-05,0.007530636
0,0.037532443,0.003868023,0.68711925,0,0.105167985,0.000147887,0.005694365,0.002575001,0.004771272
0.028168545,0.140088176,0.101290592,0.758916818,0.041892604,0.08926411,7.18E-05,0.002635816,0.004552442,0.000184882
0.160302325,0.26583767,0.294546236,0.783747726,0.197856604,0.046264209,0.002575001,0.007530636,0.017347462,0.000147887
0.362082816,0.377160786,0.469067997,0.762441927,0.408958317,0.024396045,0.004552442,0.004771272,0.105167985,7.18E-05
0.530113946,0.447654768,0.578649811,0.698253468,0.567525801,0.001544676,0.017347462,0.000184882,0.08926411,0.002575001
0.648287274,0.48532939,0.644331343,0.596198017,0.67165112,0.006849635,0.105167985,0.000147887,0.046264209,0.004552442
0.725233531,0.506184212,0.685036796,0.450350691,0.73352516,0.024356086,0.08926411,7.18E-05,0.024396045,0.017347462
0.756899066,0.498039613,0.683616935,0.250833166,0.745181335,8.79E-05,0.046264209,0.002575001,0.001544676,0.105167985
0.74096579,0.446905322,0.634604094,0.068891904,0.702036772,6.90E-06,0.024396045,0.004552442,0.006849635,0.08926411
0.67887097,0.35310421,0.539979251,0.000116228,0.612361932,5.92E-05,0.001544676,0.017347462,0.024356086,0.046264209
0.570235264,0.230271213,0.40483065,0,0.487108263,0.000435098,0.006849635,0.105167985,8.79E-05,0.024396045
0.416920384,0.103127727,0.236368341,0,0.326528888,0.002651567,0.024356086,0.08926411,6.90E-06,0.001544676
0.221637744,0.022464273,0.074067777,0,0.143563538,0.012353522,8.79E-05,0.046264209,5.92E-05,0.006849635
0.057293657,0,0.000948928,0,0.025041943,0.020616725,6.90E-06,0.024396045,0.000435098,0.024356086
3.41114E-05,0,0,0,0,0.019898048,5.92E-05,0.001544676,0.002651567,8.79E-05
0,0,0,0,0,0.012706788,0.000435098,0.006849635,0.012353522,6.90E-06
0,0,0,0,0,0.005974401,0.002651567,0.024356086,0.020616725,5.92E-05
0,0,0,0,0,0.006143,0.012353522,8.79E-05,0.019898048,0.000435098
0,0,0,0,0,0.006111893,0.020616725,6.90E-06,0.012706788,0.002651567
0,0,0,4.61733E-05,0,0.004656772,0.019898048,5.92E-05,0.005974401,0.012353522
0,0,0,0.051132897,0,0.008611995,0.012706788,0.000435098,0.006143,0.020616725
0,0,0,0.201223075,0,0.002415934,0.005974401,0.002651567,0.006111893,0.019898048
0,0,0,0.390759057,0,0.000316371,0.006143,0.012353522,0.004656772,0.012706788
0,1.48304E-05,0,0.542294478,0,0.000619188,0.006111893,0.020616725,0.008611995,0.005974401
0,0.041901765,0.031332117,0.648332113,0,0.000138283,0.004656772,0.019898048,0.002415934,0.006143
0.028168545,0.137421175,0.139127236,0.716780582,0.047171215,9.46E-05,0.008611995,0.012706788,0.000316371,0.006111893
0.160302325,0.242002969,0.297028066,0.738765045,0.187775675,1.29E-05,0.002415934,0.005974401,0.000619188,0.004656772
0.362082816,0.338567293,0.445079902,0.712781336,0.367188644,0,0.000316371,0.006143,0.000138283,0.008611995
0.530113946,0.401563541,0.543373462,0.645864238,0.510468614,0,0.000619188,0.006111893,9.46E-05,0.002415934
0.648287274,0.436941314,0.603885151,0.546613672,0.608344035,0,0.000138283,0.004656772,1.29E-05,0.000316371
0.725233531,0.462796942,0.640312384,0.412264722,0.666862404,0,9.46E-05,0.008611995,0,0.000619188
0.756899066,0.459183438,0.637826805,0.237827855,0.676640003,0,1.29E-05,0.002415934,0,0.000138283
0.74096579,0.413408086,0.591346389,0.072066607,0.63468312,0,0,0.000316371,0,9.46E-05
0.67887097,0.329442766,0.502125418,0.001617507,0.547155048,0.000223355,0,0.000619188,0,1.29E-05
0.570235264,0.222679736,0.380468501,0,0.426888148,0.000290522,0,0.000138283,0,0
0.416920384,0.114757868,0.228503579,0,0.281131836,0.001285145,0,9.46E-05,0,0
0.221637744,0.032010288,0.078080236,0,0.125623376,0.000591713,0,1.29E-05,0.000223355,0
0.057293657,0.000034643,0.005393065,0,0.024670557,0.000810392,0,0,0.000290522,0
3.41114E-05,0,0,0,0,0.00031639,0.000223355,0,0.001285145,0
0,0,0,0,0,0.002236489,0.000290522,0,0.000591713,0
0,0,0,0,0,0.006286781,0.001285145,0,0.000810392,0.000223355
0,0,0,0,0,0.01077395,0.000591713,0,0.00031639,0.000290522
0,0,0,0,0,0.020781474,0.000810392,0,0.002236489,0.001285145
0,0,0,9.70967E-05,0,0.019672973,0.00031639,0.000223355,0.006286781,0.000591713
0,0,0,0.036548051,0,0.02075506,0.002236489,0.000290522,0.01077395,0.000810392
0,0,0,0.143809314,0,0.056497168,0.006286781,0.001285145,0.020781474,0.00031639
0,0,0,0.289325059,0,0.042822722,0.01077395,0.000591713,0.019672973,0.002236489
0,7.14015E-05,0,0.404995217,0,0.015528889,0.020781474,0.000810392,0.02075506,0.006286781
0,0.031869727,0.025743095,0.485059818,0,0.003417505,0.019672973,0.00031639,0.056497168,0.01077395
0.028168545,0.10870986,0.110508646,0.540685957,0.02963198,0.020915419,0.02075506,0.002236489,0.042822722,0.020781474
0.160302325,0.206185735,0.245873715,0.551912019,0.135438419,0.147533298,0.056497168,0.006286781,0.015528889,0.019672973
0.362082816,0.305360592,0.384765591,0.52513961,0.287872523,0.114439353,0.042822722,0.01077395,0.003417505,0.02075506
0.530113946,0.37405333,0.478454849,0.46760344,0.413572375,0.168894574,0.015528889,0.020781474,0.020915419,0.056497168
0.648287274,0.412433023,0.533131936,0.384929871,0.496553231,0.311253548,0.003417505,0.019672973,0.147533298,0.042822722
0.725233531,0.434805188,0.560503147,0.28015749,0.54165551,0.190872297,0.020915419,0.02075506,0.114439353,0.015528889
0.756899066,0.429373165,0.550105804,0.154844094,0.541526563,0.091870688,0.147533298,0.056497168,0.168894574,0.003417505
0.74096579,0.392086579,0.504116346,0.046888747,0.503830855,0.023365811,0.114439353,0.042822722,0.311253548,0.020915419
0.67887097,0.319812186,0.424875087,0.002993463,0.432579925,0.052895166,0.168894574,0.015528889,0.190872297,0.147533298
0.570235264,0.221984813,0.322115372,0,0.332956098,0.060020659,0.311253548,0.003417505,0.091870688,0.114439353
0.416920384,0.12148518,0.198185993,0,0.21481898,0.034022868,0.190872297,0.020915419,0.023365811,0.168894574
0.221637744,0.037536667,0.076320581,0,0.099509431,0.013529466,0.091870688,0.147533298,0.052895166,0.311253548
0.057293657,0.001276633,0.011554049,0,0.023984818,0.003399887,0.023365811,0.114439353,0.060020659,0.190872297
3.41114E-05,0,0,0,5.33106E-06,0.014473776,0.052895166,0.168894574,0.034022868,0.091870688
0,0,0,0,0,0.059037965,0.060020659,0.311253548,0.013529466,0.023365811
0,0,0,0,0,0.192218825,0.034022868,0.190872297,0.003399887,0.052895166
0,0,0,0,0,0.688965917,0.013529466,0.091870688,0.014473776,0.060020659
0,0,0,0,0,0.765692234,0.003399887,0.023365811,0.059037965,0.034022868
0,0,0,6.97174E-07,0,0.763410866,0.014473776,0.052895166,0.192218825,0.013529466
0,0,0,0.013549298,0,0.740490258,0.059037965,0.060020659,0.688965917,0.003399887
0,0,0,0.070179459,0,0.715383351,0.192218825,0.034022868,0.765692234,0.014473776
0,0,0,0.1649287,0,0.868510902,0.688965917,0.013529466,0.763410866,0.059037965
0,0,0,0.24537725,0,0.992357731,0.765692234,0.003399887,0.740490258,0.192218825
0,0.018367976,0.008699189,0.303188768,0,0.999260962,0.763410866,0.014473776,0.715383351,0.688965917
0.028168545,0.073878282,0.057796778,0.349695235,0.019176917,0.999318242,0.740490258,0.059037965,0.868510902,0.765692234
0.160302325,0.162886631,0.158517318,0.369299561,0.097453136,0.999880791,0.715383351,0.192218825,0.992357731,0.763410866
0.362082816,0.264600588,0.276008548,0.356433124,0.226656626,0.971749485,0.868510902,0.688965917,0.999260962,0.740490258
0.530113946,0.345009389,0.359633278,0.315890947,0.344153534,0.97228843,0.992357731,0.765692234,0.999318242,0.715383351
0.648287274,0.395807962,0.406551005,0.25738533,0.423652467,0.99460119,0.999260962,0.763410866,0.999880791,0.868510902
0.725233531,0.421341656,0.431033394,0.181499574,0.467690279,0.938652337,0.999318242,0.740490258,0.971749485,0.992357731
0.756899066,0.413537762,0.426120426,0.094245247,0.470649699,0.944008887,0.999880791,0.715383351,0.97228843,0.999260962
0.74096579,0.372044019,0.392856392,0.026673526,0.436196213,0.979767203,0.971749485,0.868510902,0.99460119,0.999318242
0.67887097,0.301515608,0.327540149,0.001714032,0.37098972,0.914444268,0.97228843,0.992357731,0.938652337,0.999880791
0.570235264,0.211032957,0.243267778,0,0.283949661,0.951843739,0.99460119,0.999260962,0.944008887,0.971749485
0.416920384,0.114473305,0.149093864,0,0.181293397,0.929492354,0.938652337,0.999318242,0.979767203,0.97228843
0.221637744,0.03487298,0.060032846,0,0.082196902,0.536296546,0.944008887,0.999880791,0.914444268,0.99460119
0.057293657,0.001742103,0.010929424,0,0.019225853,0.712475657,0.979767203,0.971749485,0.951843739,0.938652337
3.41114E-05,0,0,0,4.95409E-06,0.741306543,0.914444268,0.97228843,0.929492354,0.944008887
0,0,0,0,0,0.844133317,0.951843739,0.99460119,0.536296546,0.979767203
0,0,0,0,0,0.669070959,0.929492354,0.938652337,0.712475657,0.914444268
0,0,0,0,0,0.750193357,0.536296546,0.944008887,0.741306543,0.951843739
0,0,0,0,0,0.742296636,0.712475657,0.979767203,0.844133317,0.929492354
0,0,0,0,0,0.744850636,0.741306543,0.914444268,0.669070959,0.536296546
0,0,0,0.009289247,0,0.50242275,0.844133317,0.951843739,0.750193357,0.712475657
0,0,0,0.072100959,0,0.254282892,0.669070959,0.929492354,0.742296636,0.741306543
0,0,0,0.190405276,0,0.326060086,0.750193357,0.536296546,0.744850636,0.844133317
0,0,0,0.277139654,0,0.793953717,0.742296636,0.712475657,0.50242275,0.669070959
0,0.021596612,0.001614276,0.331102721,0,0.785903454,0.744850636,0.741306543,0.254282892,0.750193357
0.028168545,0.096107401,0.054766203,0.378329198,0.0177531,0.858654797,0.50242275,0.844133317,0.326060086,0.742296636
0.160302325,0.208913968,0.182334557,0.400660292,0.099663088,0.902657032,0.254282892,0.669070959,0.793953717,0.744850636
0.362082816,0.322561179,0.32461304,0.392230459,0.239711236,0.791314244,0.326060086,0.750193357,0.785903454,0.50242275
0.530113946,0.412043789,0.422807408,0.350881023,0.360126451,0.516394675,0.793953717,0.742296636,0.858654797,0.254282892
0.648287274,0.468468826,0.475910669,0.284926348,0.435836919,0.399612814,0.785903454,0.744850636,0.902657032,0.326060086
0.725233531,0.49205162,0.504584821,0.199204372,0.478373291,0.252926439,0.858654797,0.50242275,0.791314244,0.793953717
0.756899066,0.484090573,0.497714406,0.107543947,0.484508526,0.072202459,0.902657032,0.254282892,0.516394675,0.785903454
0.74096579,0.436573502,0.453280358,0.031123546,0.449445168,0.060605492,0.791314244,0.326060086,0.399612814,0.858654797
0.67887097,0.351093142,0.376573745,0.000395911,0.378401934,0.13499859,0.516394675,0.793953717,0.252926439,0.902657032
0.570235264,0.241245504,0.274951864,0,0.285959871,0.164738759,0.399612814,0.785903454,0.072202459,0.791314244
0.416920384,0.123367517,0.158785041,0,0.176977658,0.221188426,0.252926439,0.858654797,0.060605492,0.516394675
0.221637744,0.033417793,0.053587996,0,0.074270379,0.155053139,0.072202459,0.902657032,0.13499859,0.399612814
0.057293657,0.000154151,0.004798177,0,0.014648873,0.284805894,0.060605492,0.791314244,0.164738759,0.252926439
3.41114E-05,0,0,0,0,0.196855649,0.13499859,0.516394675,0.221188426,0.072202459
0,0,0,0,0,0.07997895,0.164738759,0.399612814,0.155053139,0.060605492
0,0,0,0,0,0.085180894,0.221188426,0.252926439,0.284805894,0.13499859
0,0,0,0,0,0.098656289,0.155053139,0.072202459,0.196855649,0.164738759
0,0,0,0,0,0.141046807,0.284805894,0.060605492,0.07997895,0.221188426
0,0,0,0,0,0.15791139,0.196855649,0.13499859,0.085180894,0.155053139
0,0,0,0.010365576,0,0.149105087,0.07997895,0.164738759,0.098656289,0.284805894
0,0,0,0.10412263,0,0.101002522,0.085180894,0.221188426,0.141046807,0.196855649
0,0,0,0.278629414,0,0.168160841,0.098656289,0.155053139,0.15791139,0.07997895
0,0,0,0.407806705,0,0.459758073,0.141046807,0.284805894,0.149105087,0.085180894
0,0.018129165,9.97578E-06,0.480577685,0,0.730826378,0.15791139,0.196855649,0.101002522,0.098656289
0.028168545,0.098892003,0.065960248,0.525078266,0.024634202,0.920655966,0.149105087,0.07997895,0.168160841,0.141046807
0.160302325,0.224293789,0.221993233,0.530232129,0.1388315,0.900399923,0.101002522,0.085180894,0.459758073,0.15791139
0.362082816,0.335391152,0.379960332,0.502002626,0.316784795,0.830963373,0.168160841,0.098656289,0.730826378,0.149105087
0.530113946,0.404257016,0.473395401,0.437831578,0.455255007,0.834859908,0.459758073,0.141046807,0.920655966,0.101002522
0.648287274,0.44592744,0.519037537,0.351699874,0.539025892,0.530247152,0.730826378,0.15791139,0.900399923,0.168160841
0.725233531,0.46954489,0.53764809,0.239025677,0.580651139,0.257003456,0.920655966,0.149105087,0.830963373,0.459758073
0.756899066,0.458529972,0.520718864,0.10842361,0.575155643,0.073373519,0.900399923,0.101002522,0.834859908,0.730826378
0.74096579,0.405668318,0.467542763,0.022472359,0.526155639,0.013176475,0.830963373,0.168160841,0.530247152,0.920655966
0.67887097,0.308281378,0.379580114,7.08008E-07,0.438464912,0.000357268,0.834859908,0.459758073,0.257003456,0.900399923
0.570235264,0.191771429,0.266716478,0,0.328380989,0,0.530247152,0.730826378,0.073373519,0.830963373
0.416920384,0.078755196,0.138112833,0,0.197238204,0,0.257003456,0.920655966,0.013176475,0.834859908
0.221637744,0.012112534,0.036178216,0,0.070617725,0,0.073373519,0.900399923,0.000357268,0.530247152
0.057293657,0,0.000114229,0,0.00858835,0.000295655,0.013176475,0.830963373,0,0.257003456
3.41114E-05,0,0,0,0,1.83E-05,0.000357268,0.834859908,0,0.073373519
0,0,0,0,0,0,0,0.530247152,0,0.013176475
0,0,0,0,0,0,0,0.257003456,0.000295655,0.000357268
0,0,0,0,0,0,0,0.073373519,1.83E-05,0
0,0,0,0,0,0,0.000295655,0.013176475,0,0
0,0,0,0,0,0,1.83E-05,0.000357268,0,0
0,0,0,0.008339044,0,0.000799759,0,0,0,0.000295655
0,0,0,0.125738749,0,0.00032822,0,0,0,1.83E-05
0,0,0,0.342778783,0,0,0,0,0,0
0,0,0,0.516879638,0,0,0,0.000295655,0.000799759,0
0,0.005753611,0,0.62658799,0,5.05E-06,0,1.83E-05,0.00032822,0
0.028168545,0.112826529,0.077506826,0.682536924,0.02556177,0,0.000799759,0,0,0
0.160302325,0.29605062,0.25839701,0.686536735,0.156097684,0,0.00032822,0,0,0
0.362082816,0.43061533,0.432675956,0.647163858,0.353591363,0,0,0,5.05E-06,0.000799759
0.530113946,0.499194474,0.533182454,0.565915282,0.499175391,6.15E-05,0,0,0,0.00032822
0.648287274,0.533077332,0.582899802,0.442333116,0.586025609,0.000322065,5.05E-06,0,0,0
0.725233531,0.549128151,0.605466964,0.276098901,0.629005684,0.000258478,0,0.000799759,0,0
0.756899066,0.52604716,0.588487885,0.097498627,0.620883644,0.000254347,0,0.00032822,6.15E-05,5.05E-06
0.74096579,0.463501501,0.526844348,0.005894177,0.566066032,0.00095264,0,0,0.000322065,0
0.67887097,0.357537248,0.425540756,0,0.477118589,0.001598039,6.15E-05,0,0.000258478,0
0.570235264,0.213653945,0.283684551,0,0.355129183,0.002736128,0.000322065,5.05E-06,0.000254347,0
0.416920384,0.067541782,0.112683202,0,0.203556536,0.004819703,0.000258478,0,0.00095264,6.15E-05
0.221637744,0.000363079,0.012219102,0,0.062029891,0.002815315,0.000254347,0,0.001598039,0.000322065
0.057293657,0,0,0,0.000766355,0.001111662,0.00095264,0,0.002736128,0.000258478
3.41114E-05,0,0,0,0,0.004619826,0.001598039,6.15E-05,0.004819703,0.000254347
0,0,0,0,0,0.013734495,0.002736128,0.000322065,0.002815315,0.00095264
0,0,0,0,0,0.006075219,0.004819703,0.000258478,0.001111662,0.001598039
0,0,0,0,0,0.005867018,0.002815315,0.000254347,0.004619826,0.002736128
0,0,0,0,0,0.006454244,0.001111662,0.00095264,0.013734495,0.004819703
0,0,0,0,0,0.001825185,0.004619826,0.001598039,0.006075219,0.002815315
0,0,0,0.001096135,0,0.017288091,0.013734495,0.002736128,0.005867018,0.001111662
0,0,0,0.107148217,0,0.000526794,0.006075219,0.004819703,0.006454244,0.004619826
0,0,0,0.329040347,0,0.000747612,0.005867018,0.002815315,0.001825185,0.013734495
0,0,0,0.517244325,0,0.005186242,0.006454244,0.001111662,0.017288091,0.006075219
0,0,0,0.630445419,0,0.019555334,0.001825185,0.004619826,0.000526794,0.005867018
0.028168545,0.109948012,0.051050887,0.687481075,0.008493476,0.017807115,0.017288091,0.013734495,0.000747612,0.006454244
0.160302325,0.328276278,0.221020596,0.695377762,0.147571789,0.012719838,0.000526794,0.006075219,0.005186242,0.001825185
0.362082816,0.500389856,0.4235184,0.661083169,0.380535076,0.156649753,0.000747612,0.005867018,0.019555334,0.017288091
0.530113946,0.582692407,0.553563866,0.581190504,0.530433368,0.307089061,0.005186242,0.006454244,0.017807115,0.000526794
0.648287274,0.619939029,0.625051986,0.450220806,0.610164795,0.214498192,0.019555334,0.001825185,0.012719838,0.000747612
0.725233531,0.636590034,0.650565976,0.265459406,0.649094112,0.2281041,0.017807115,0.017288091,0.156649753,0.005186242
0.756899066,0.608664542,0.631141084,0.079720202,0.640143269,0.112953909,0.012719838,0.000526794,0.307089061,0.019555334
0.74096579,0.533595096,0.566111088,0.000288221,0.589878402,0.059126329,0.156649753,0.000747612,0.214498192,0.017807115
0.67887097,0.406246521,0.444986446,0,0.502673365,0.007401282,0.307089061,0.005186242,0.2281041,0.012719838
0.570235264,0.214778245,0.268523736,0,0.376077865,0.014012869,0.214498192,0.019555334,0.112953909,0.156649753
0.416920384,0.0507441,0.084389002,0,0.21685208,0.00549963,0.2281041,0.017807115,0.059126329,0.307089061
0.221637744,0,0.000352542,0,0.065806525,3.54E-06,0.112953909,0.012719838,0.007401282,0.214498192
0.057293657,0,0,0,0,0.031184454,0.059126329,0.156649753,0.014012869,0.2281041
3.41114E-05,0,0,0,0,0.059124026,0.007401282,0.307089061,0.00549963,0.112953909
0,0,0,0,0,0.079677746,0.014012869,0.214498192,3.54E-06,0.059126329
0,0,0,0,0,0.066642232,0.00549963,0.2281041,0.031184454,0.007401282
0,0,0,0,0,0.038001623,3.54E-06,0.112953909,0.059124026,0.014012869
0,0,0,0,0,0.078255944,0.031184454,0.059126329,0.079677746,0.00549963
0,0,0,0,0,0.041557591,0.059124026,0.007401282,0.066642232,3.54E-06
0,0,0,0,0,0.033567775,0.079677746,0.014012869,0.038001623,0.031184454
0,0,0,0.055830753,0,0.013971851,0.066642232,0.00549963,0.078255944,0.059124026
0,0,0,0.244582415,0,0.019223142,0.038001623,3.54E-06,0.041557591,0.079677746
0,0,0,0.450991233,0,0.029227782,0.078255944,0.031184454,0.033567775,0.066642232
0,0,0,0.572971741,0,0.169650957,0.041557591,0.059124026,0.013971851,0.038001623
0.028168545,0.064766638,0.004242237,0.641610296,0.00006223,0.348233074,0.033567775,0.079677746,0.019223142,0.078255944
0.160302325,0.255268649,0.135981336,0.660908146,0.108882234,0.438930571,0.013971851,0.066642232,0.029227782,0.041557591
0.362082816,0.453660127,0.354738922,0.637427114,0.329000576,0.351334214,0.019223142,0.038001623,0.169650957,0.033567775
0.530113946,0.542779921,0.46872776,0.566945239,0.488560151,0.403092742,0.029227782,0.078255944,0.348233074,0.013971851
0.648287274,0.584379829,0.526999394,0.445826035,0.575258615,0.522940397,0.169650957,0.041557591,0.438930571,0.019223142
0.725233531,0.610835519,0.57363402,0.27544807,0.625140117,0.347989529,0.348233074,0.033567775,0.351334214,0.029227782
0.756899066,0.591498424,0.575769929,0.091087146,0.627792799,0.042578425,0.438930571,0.013971851,0.403092742,0.169650957
0.74096579,0.522767137,0.528135535,0.001916967,0.588121505,0.128508881,0.351334214,0.019223142,0.522940397,0.348233074
0.67887097,0.398029936,0.418195272,0,0.507992297,0.185722023,0.403092742,0.029227782,0.347989529,0.438930571
0.570235264,0.214457839,0.262842486,0,0.38945216,0.259771824,0.522940397,0.169650957,0.042578425,0.351334214
0.416920384,0.053774111,0.090474622,0,0.242685424,0.426333785,0.347989529,0.348233074,0.128508881,0.403092742
0.221637744,0,0.001099239,0,0.082892423,0.311244607,0.042578425,0.438930571,0.185722023,0.522940397
0.057293657,0,0,0,0.000256649,0.213788033,0.128508881,0.351334214,0.259771824,0.347989529
3.41114E-05,0,0,0,0,0.360295653,0.185722023,0.403092742,0.426333785,0.042578425
0,0,0,0,0,0.153321177,0.259771824,0.522940397,0.311244607,0.128508881
0,0,0,0,0,0.06624119,0.426333785,0.347989529,0.213788033,0.185722023
0,0,0,0,0,0.041442599,0.311244607,0.042578425,0.360295653,0.259771824
0,0,0,0,0,0.029058078,0.213788033,0.128508881,0.153321177,0.426333785
0,0,0,0,0,8.44E-05,0.360295653,0.185722023,0.06624119,0.311244607
0,0,0,0,0,0.000482521,0.153321177,0.259771824,0.041442599,0.213788033
0,0,0,0.036124838,0,0,0.06624119,0.426333785,0.029058078,0.360295653
0,0,0,0.227561325,0,0.000641594,0.041442599,0.311244607,8.44E-05,0.153321177
0,0,0,0.474633847,0,0.036998596,0.029058078,0.213788033,0.000482521,0.06624119
0,0,0,0.621990347,0,0.103658676,8.44E-05,0.360295653,0,0.041442599
0.028168545,0.0412833,3.87821E-07,0.703798963,0,0.093477517,0.000482521,0.153321177,0.000641594,0.029058078
0.160302325,0.21719522,0.123562505,0.73605817,0.099302754,0.057065763,0,0.06624119,0.036998596,8.44E-05
0.362082816,0.437239152,0.350346208,0.727632665,0.322716078,0.012270316,0.000641594,0.041442599,0.103658676,0.000482521
0.530113946,0.555174385,0.470659642,0.67469884,0.515044317,0.01702342,0.036998596,0.029058078,0.093477517,0
0.648287274,0.618641955,0.530772992,0.57147126,0.630605142,0.003028527,0.103658676,8.44E-05,0.057065763,0.000641594
0.725233531,0.654165025,0.593863891,0.40257636,0.697638048,0.030110713,0.093477517,0.000482521,0.012270316,0.036998596
0.756899066,0.644009549,0.61795828,0.167484634,0.716580655,0.011046975,0.057065763,0,0.01702342,0.103658676
0.74096579,0.584443909,0.591373309,0.018261165,0.694481821,0.022840384,0.012270316,0.000641594,0.003028527,0.093477517
0.67887097,0.461943299,0.497196321,0,0.629024793,0.019630214,0.01702342,0.036998596,0.030110713,0.057065763
0.570235264,0.279176191,0.34426557,0,0.517746087,0.097961478,0.003028527,0.103658676,0.011046975,0.012270316
0.416920384,0.087129579,0.143554844,0,0.350324394,0.112173602,0.030110713,0.093477517,0.022840384,0.01702342
0.221637744,9.21049E-05,0.016104115,0,0.13445333,0.101782739,0.011046975,0.057065763,0.019630214,0.003028527
0.057293657,0,0,0,0.009415295,0.110446163,0.022840384,0.012270316,0.097961478,0.030110713
3.41114E-05,0,0,0,0,0.068983518,0.019630214,0.01702342,0.112173602,0.011046975
0,0,0,0,0,0.144262925,0.097961478,0.003028527,0.101782739,0.022840384
0,0,0,0,0,0.205671966,0.112173602,0.030110713,0.110446163,0.019630214
0,0,0,0,0,0.257281125,0.101782739,0.011046975,0.068983518,0.097961478
0,0,0,0,0,0.289213091,0.110446163,0.022840384,0.144262925,0.112173602
0,0,0,0,0,0.253973126,0.068983518,0.019630214,0.205671966,0.101782739
0,0,0,0,0,0.271025538,0.144262925,0.097961478,0.257281125,0.110446163
0,0,0,0.059198695,0,0.213243261,0.205671966,0.112173602,0.289213091,0.068983518
0,0,0,0.260889475,0,0.236492172,0.257281125,0.101782739,0.253973126,0.144262925
0,0,0,0.494000346,0,0.201613888,0.289213091,0.110446163,0.271025538,0.205671966
0,0,0,0.640014732,0,0.150109321,0.253973126,0.068983518,0.213243261,0.257281125
0.028168545,0.06350896,0.008823963,0.724162328,8.97956E-06,0.162102938,0.271025538,0.144262925,0.236492172,0.289213091
0.160302325,0.226344513,0.148806513,0.760361472,0.107371269,0.125036791,0.213243261,0.205671966,0.201613888,0.253973126
0.362082816,0.399621076,0.382050465,0.753486574,0.345519128,0.056647908,0.236492172,0.257281125,0.150109321,0.271025538
0.530113946,0.506024334,0.537776593,0.702994787,0.549781914,0.108449601,0.201613888,0.289213091,0.162102938,0.213243261
0.648287274,0.564421175,0.630873886,0.607318086,0.672936237,0.085936442,0.150109321,0.253973126,0.125036791,0.236492172
0.725233531,0.593604255,0.68064409,0.450924309,0.747078476,0.131815821,0.162102938,0.271025538,0.056647908,0.201613888
0.756899066,0.587792531,0.687478942,0.221824347,0.773695645,0.096837506,0.125036791,0.213243261,0.108449601,0.150109321
0.74096579,0.535570515,0.650252901,0.044805602,0.755049595,0.047658637,0.056647908,0.236492172,0.085936442,0.162102938
0.67887097,0.420190117,0.557936247,0,0.691801778,0.078504041,0.108449601,0.201613888,0.131815821,0.125036791
0.570235264,0.261012072,0.410027556,0,0.585818496,0.071076289,0.085936442,0.150109321,0.096837506,0.056647908
0.416920384,0.091215323,0.208916103,0,0.423246743,0.116672114,0.131815821,0.162102938,0.047658637,0.108449601
0.221637744,0.004193493,0.048571953,0,0.193411402,0.13537927,0.096837506,0.125036791,0.078504041,0.085936442
0.057293657,0,0,0,0.03130264,0.123699278,0.047658637,0.056647908,0.071076289,0.131815821
3.41114E-05,0,0,0,0,0.076558188,0.078504041,0.108449601,0.116672114,0.096837506
0,0,0,0,0,0.080270179,0.071076289,0.085936442,0.13537927,0.047658637
0,0,0,0,0,0.086002328,0.116672114,0.131815821,0.123699278,0.078504041
0,0,0,0,0,0.048127584,0.13537927,0.096837506,0.076558188,0.071076289
0,0,0,0,0,0.01575792,0.123699278,0.047658637,0.080270179,0.116672114
0,0,0,0,0,0.012967503,0.076558188,0.078504041,0.086002328,0.13537927
0,0,0,0.003188397,0,0.002141553,0.080270179,0.071076289,0.048127584,0.123699278
0,0,0,0.109267752,0,0.0030981,0.086002328,0.116672114,0.01575792,0.076558188
0,0,0,0.338044572,0,0.000234923,0.048127584,0.13537927,0.012967503,0.080270179
0,0,0,0.544852225,0,0.000373551,0.01575792,0.123699278,0.002141553,0.086002328
0,0.002818922,0,0.678220947,0,0,0.012967503,0.076558188,0.0030981,0.048127584
0.028168545,0.097517573,0.064778894,0.757915152,0.006130837,0.015729198,0.002141553,0.080270179,0.000234923,0.01575792
0.160302325,0.274908586,0.24802122,0.791492929,0.140814396,0.018590601,0.0030981,0.086002328,0.000373551,0.012967503
0.362082816,0.421797906,0.453188661,0.782322524,0.385471322,0.091118015,0.000234923,0.048127584,0,0.002141553
0.530113946,0.509333356,0.591517346,0.728302747,0.569509923,0.052068722,0.000373551,0.01575792,0.015729198,0.0030981
0.648287274,0.559454539,0.678417539,0.62888002,0.684429851,0.131338283,0,0.012967503,0.018590601,0.000234923
0.725233531,0.584622242,0.722725413,0.473381589,0.751421627,0.101284891,0.015729198,0.002141553,0.091118015,0.000373551
0.756899066,0.574000643,0.726041432,0.250336495,0.768361416,0.095428444,0.018590601,0.0030981,0.052068722,0
0.74096579,0.51615533,0.68809343,0.060944371,0.738304208,0.086883761,0.091118015,0.000234923,0.131338283,0.015729198
0.67887097,0.407322889,0.597813196,1.38311E-06,0.665766586,0.132991686,0.052068722,0.000373551,0.101284891,0.018590601
0.570235264,0.260508761,0.456730347,0,0.553962919,0.205821633,0.131338283,0,0.095428444,0.091118015
0.416920384,0.102553694,0.26401039,0,0.390631997,0.074472994,0.101284891,0.015729198,0.086883761,0.052068722
0.221637744,0.014300045,0.077175757,0,0.177615609,0.165889025,0.095428444,0.018590601,0.132991686,0.131338283
0.057293657,0,1.34011E-05,0,0.030836673,0.160590693,0.086883761,0.091118015,0.205821633,0.101284891
3.41114E-05,0,0,0,0,0.117114469,0.132991686,0.052068722,0.074472994,0.095428444
0,0,0,0,0,0.078465909,0.205821633,0.131338283,0.165889025,0.086883761
0,0,0,0,0,0.061367095,0.074472994,0.101284891,0.160590693,0.132991686
0,0,0,0,0,0.043661937,0.165889025,0.095428444,0.117114469,0.205821633
0,0,0,0,0,0.023071175,0.160590693,0.086883761,0.078465909,0.074472994
0,0,0,0,0,0.007497279,0.117114469,0.132991686,0.061367095,0.165889025
0,0,0,0.025073524,0,0.001299045,0.078465909,0.205821633,0.043661937,0.160590693
0,0,0,0.167213774,0,0.016654303,0.061367095,0.074472994,0.023071175,0.117114469
0,0,0,0.390428629,0,0.052081291,0.043661937,0.165889025,0.007497279,0.078465909
0,0,0,0.568145263,0,0.224936306,0.023071175,0.160590693,0.001299045,0.061367095
0,0.037532443,0.003868023,0.68711925,0,0.453866512,0.007497279,0.117114469,0.016654303,0.043661937
0.028168545,0.140088176,0.101290592,0.758916818,0.041892604,0.627534211,0.001299045,0.078465909,0.052081291,0.023071175
0.160302325,0.26583767,0.294546236,0.783747726,0.197856604,0.449378669,0.016654303,0.061367095,0.224936306,0.007497279
0.362082816,0.377160786,0.469067997,0.762441927,0.408958317,0.328273296,0.052081291,0.043661937,0.453866512,0.001299045
0.530113946,0.447654768,0.578649811,0.698253468,0.567525801,0.206480235,0.224936306,0.023071175,0.627534211,0.016654303
0.648287274,0.48532939,0.644331343,0.596198017,0.67165112,0.092131212,0.453866512,0.007497279,0.449378669,0.052081291
0.725233531,0.506184212,0.685036796,0.450350691,0.73352516,0.028178306,0.627534211,0.001299045,0.328273296,0.224936306
0.756899066,0.498039613,0.683616935,0.250833166,0.745181335,0.004973742,0.449378669,0.016654303,0.206480235,0.453866512
0.74096579,0.446905322,0.634604094,0.068891904,0.702036772,0,0.328273296,0.052081291,0.092131212,0.627534211
0.67887097,0.35310421,0.539979251,0.000116228,0.612361932,0,0.206480235,0.224936306,0.028178306,0.449378669
0.570235264,0.230271213,0.40483065,0,0.487108263,8.70E-05,0.092131212,0.453866512,0.004973742,0.328273296
0.416920384,0.103127727,0.236368341,0,0.326528888,0.000580252,0.028178306,0.627534211,0,0.206480235
0.221637744,0.022464273,0.074067777,0,0.143563538,0.000215262,0.004973742,0.449378669,0,0.092131212
0.057293657,0,0.000948928,0,0.025041943,0.000211122,0,0.328273296,8.70E-05,0.028178306
3.41114E-05,0,0,0,0,0.000134933,0,0.206480235,0.000580252,0.004973742
0,0,0,0,0,0,8.70E-05,0.092131212,0.000215262,0
0,0,0,0,0,0.002359757,0.000580252,0.028178306,0.000211122,0
0,0,0,0,0,0.001893943,0.000215262,0.004973742,0.000134933,8.70E-05
0,0,0,0,0,0.006628121,0.000211122,0,0,0.000580252
0,0,0,4.61733E-05,0,0.002035447,0.000134933,0,0.002359757,0.000215262
0,0,0,0.051132897,0,0.006758585,0,8.70E-05,0.001893943,0.000211122
0,0,0,0.201223075,0,0.020066613,0.002359757,0.000580252,0.006628121,0.000134933
0,0,0,0.390759057,0,0.033729102,0.001893943,0.000215262,0.002035447,0
0,1.48304E-05,0,0.542294478,0,0.006448823,0.006628121,0.000211122,0.006758585,0.002359757
0,0.041901765,0.031332117,0.648332113,0,0.004795718,0.002035447,0.000134933,0.020066613,0.001893943
0.028168545,0.137421175,0.139127236,0.716780582,0.047171215,0.000178554,0.006758585,0,0.033729102,0.006628121
0.160302325,0.242002969,0.297028066,0.738765045,0.187775675,0.001431494,0.020066613,0.002359757,0.006448823,0.002035447
0.362082816,0.338567293,0.445079902,0.712781336,0.367188644,0.003724903,0.033729102,0.001893943,0.004795718,0.006758585
0.530113946,0.401563541,0.543373462,0.645864238,0.510468614,0.033406317,0.006448823,0.006628121,0.000178554,0.020066613
0.648287274,0.436941314,0.603885151,0.546613672,0.608344035,0.016572453,0.004795718,0.002035447,0.001431494,0.033729102
0.725233531,0.462796942,0.640312384,0.412264722,0.666862404,0.027135223,0.000178554,0.006758585,0.003724903,0.006448823
0.756899066,0.459183438,0.637826805,0.237827855,0.676640003,0.030080557,0.001431494,0.020066613,0.033406317,0.004795718
0.74096579,0.413408086,0.591346389,0.072066607,0.63468312,0.041648112,0.003724903,0.033729102,0.016572453,0.000178554
0.67887097,0.329442766,0.502125418,0.001617507,0.547155048,0.079876676,0.033406317,0.006448823,0.027135223,0.001431494
0.570235264,0.222679736,0.380468501,0,0.426888148,0.145102277,0.016572453,0.004795718,0.030080557,0.003724903
0.416920384,0.114757868,0.228503579,0,0.281131836,0.203439325,0.027135223,0.000178554,0.041648112,0.033406317
0.221637744,0.032010288,0.078080236,0,0.125623376,0.188324541,0.030080557,0.001431494,0.079876676,0.016572453
0.057293657,0.000034643,0.005393065,0,0.024670557,0.240235493,0.041648112,0.003724903,0.145102277,0.027135223
3.41114E-05,0,0,0,0,0.303566724,0.079876676,0.033406317,0.203439325,0.030080557
0,0,0,0,0,0.29963851,0.145102277,0.016572453,0.188324541,0.041648112
0,0,0,0,0,0.228475019,0.203439325,0.027135223,0.240235493,0.079876676
0,0,0,0,0,0.367658466,0.188324541,0.030080557,0.303566724,0.145102277
0,0,0,0,0,0.540749788,0.240235493,0.041648112,0.29963851,0.203439325
0,0,0,9.70967E-05,0,0.244355246,0.303566724,0.079876676,0.228475019,0.188324541
0,0,0,0.036548051,0,0.274246573,0.29963851,0.145102277,0.367658466,0.240235493
0,0,0,0.143809314,0,0.294815779,0.228475019,0.203439325,0.540749788,0.303566724
0,0,0,0.289325059,0,0.335892856,0.367658466,0.188324541,0.244355246,0.29963851
0,7.14015E-05,0,0.404995217,0,0.513114691,0.540749788,0.240235493,0.274246573,0.228475019
0,0.031869727,0.025743095,0.485059818,0,0.641800046,0.244355246,0.303566724,0.294815779,0.367658466
0.028168545,0.10870986,0.110508646,0.540685957,0.02963198,0.966837883,0.274246573,0.29963851,0.335892856,0.540749788
0.160302325,0.206185735,0.245873715,0.551912019,0.135438419,0.900840104,0.294815779,0.228475019,0.513114691,0.244355246
0.362082816,0.305360592,0.384765591,0.52513961,0.287872523,0.957450688,0.335892856,0.367658466,0.641800046,0.274246573
0.530113946,0.37405333,0.478454849,0.46760344,0.413572375,0.99094224,0.513114691,0.540749788,0.966837883,0.294815779
0.648287274,0.412433023,0.533131936,0.384929871,0.496553231,0.993954897,0.641800046,0.244355246,0.900840104,0.335892856
0.725233531,0.434805188,0.560503147,0.28015749,0.54165551,0.990123212,0.966837883,0.274246573,0.957450688,0.513114691
0.756899066,0.429373165,0.550105804,0.154844094,0.541526563,0.996523023,0.900840104,0.294815779,0.99094224,0.641800046
0.74096579,0.392086579,0.504116346,0.046888747,0.503830855,0.990251541,0.957450688,0.335892856,0.993954897,0.966837883
0.67887097,0.319812186,0.424875087,0.002993463,0.432579925,0.975010455,0.99094224,0.513114691,0.990123212,0.900840104
0.570235264,0.221984813,0.322115372,0,0.332956098,0.991715074,0.993954897,0.641800046,0.996523023,0.957450688
0.416920384,0.12148518,0.198185993,0,0.21481898,0.990609407,0.990123212,0.966837883,0.990251541,0.99094224
0.221637744,0.037536667,0.076320581,0,0.099509431,0.936151862,0.996523023,0.900840104,0.975010455,0.993954897
0.057293657,0.001276633,0.011554049,0,0.023984818,0.964827061,0.990251541,0.957450688,0.991715074,0.990123212
3.41114E-05,0,0,0,5.33106E-06,0.955295861,0.975010455,0.99094224,0.990609407,0.996523023
0,0,0,0,0,0.862646222,0.991715074,0.993954897,0.936151862,0.990251541
0,0,0,0,0,0.646329939,0.990609407,0.990123212,0.964827061,0.975010455
0,0,0,0,0,0.690088093,0.936151862,0.996523023,0.955295861,0.991715074
0,0,0,0,0,0.795232832,0.964827061,0.990251541,0.862646222,0.990609407
0,0,0,6.97174E-07,0,0.699535668,0.955295861,0.975010455,0.646329939,0.936151862
0,0,0,0.013549298,0,0.589400589,0.862646222,0.991715074,0.690088093,0.964827061
0,0,0,0.070179459,0,0.35798493,0.646329939,0.990609407,0.795232832,0.955295861
0,0,0,0.1649287,0,0.286218286,0.690088093,0.936151862,0.699535668,0.862646222
0,0,0,0.24537725,0,0.411839545,0.795232832,0.964827061,0.589400589,0.646329939
0,0.018367976,0.008699189,0.303188768,0,0.250579447,0.699535668,0.955295861,0.35798493,0.690088093
0.028168545,0.073878282,0.057796778,0.349695235,0.019176917,0.172787219,0.589400589,0.862646222,0.286218286,0.795232832
0.160302325,0.162886631,0.158517318,0.369299561,0.097453136,0.032200903,0.35798493,0.646329939,0.411839545,0.699535668
0.362082816,0.264600588,0.276008548,0.356433124,0.226656626,0.013480432,0.286218286,0.690088093,0.250579447,0.589400589
0.530113946,0.345009389,0.359633278,0.315890947,0.344153534,0,0.411839545,0.795232832,0.172787219,0.35798493
0.648287274,0.395807962,0.406551005,0.25738533,0.423652467,0,0.250579447,0.699535668,0.032200903,0.286218286
0.725233531,0.421341656,0.431033394,0.181499574,0.467690279,0,0.172787219,0.589400589,0.013480432,0.411839545
0.756899066,0.413537762,0.426120426,0.094245247,0.470649699,0,0.032200903,0.35798493,0,0.250579447
0.74096579,0.372044019,0.392856392,0.026673526,0.436196213,0,0.013480432,0.286218286,0,0.172787219
0.67887097,0.301515608,0.327540149,0.001714032,0.37098972,1.66E-05,0,0.411839545,0,0.032200903
0.570235264,0.211032957,0.243267778,0,0.283949661,0.007335953,0,0.250579447,0,0.013480432
0.416920384,0.114473305,0.149093864,0,0.181293397,0.083141394,0,0.172787219,0,0
0.221637744,0.03487298,0.060032846,0,0.082196902,0.326634288,0,0.032200903,1.66E-05,0
0.057293657,0.001742103,0.010929424,0,0.019225853,0.730880857,0,0.013480432,0.007335953,0
3.41114E-05,0,0,0,4.95409E-06,0.699592412,1.66E-05,0,0.083141394,0
0,0,0,0,0,0.48583588,0.007335953,0,0.326634288,0
0,0,0,0,0,0.468639523,0.083141394,0,0.730880857,1.66E-05
0,0,0,0,0,0.413402289,0.326634288,0,0.699592412,0.007335953
0,0,0,0,0,0.503893793,0.730880857,0,0.48583588,0.083141394
0,0,0,0,0,0.574716628,0.699592412,1.66E-05,0.468639523,0.326634288
0,0,0,0.009289247,0,0.677719951,0.48583588,0.007335953,0.413402289,0.730880857
0,0,0,0.072100959,0,0.701501548,0.468639523,0.083141394,0.503893793,0.699592412
0,0,0,0.190405276,0,0.511826217,0.413402289,0.326634288,0.574716628,0.48583588
0,0,0,0.277139654,0,0.700982928,0.503893793,0.730880857,0.677719951,0.468639523
0,0.021596612,0.001614276,0.331102721,0,0.300368935,0.574716628,0.699592412,0.701501548,0.413402289
0.028168545,0.096107401,0.054766203,0.378329198,0.0177531,0.315275639,0.677719951,0.48583588,0.511826217,0.503893793
0.160302325,0.208913968,0.182334557,0.400660292,0.099663088,0.448661685,0.701501548,0.468639523,0.700982928,0.574716628
0.362082816,0.322561179,0.32461304,0.392230459,0.239711236,0.293922007,0.511826217,0.413402289,0.300368935,0.677719951
0.530113946,0.412043789,0.422807408,0.350881023,0.360126451,0.192222998,0.700982928,0.503893793,0.315275639,0.701501548
0.648287274,0.468468826,0.475910669,0.284926348,0.435836919,0.105884507,0.300368935,0.574716628,0.448661685,0.511826217
0.725233531,0.49205162,0.504584821,0.199204372,0.478373291,0.308761001,0.315275639,0.677719951,0.293922007,0.700982928
0.756899066,0.484090573,0.497714406,0.107543947,0.484508526,0.641711295,0.448661685,0.701501548,0.192222998,0.300368935
0.74096579,0.436573502,0.453280358,0.031123546,0.449445168,0.000328093,0.293922007,0.511826217,0.105884507,0.315275639
0.67887097,0.351093142,0.376573745,0.000395911,0.378401934,0.001109042,0.192222998,0.700982928,0.308761001,0.448661685
0.570235264,0.241245504,0.274951864,0,0.285959871,0.000465656,0.105884507,0.300368935,0.641711295,0.293922007
0.416920384,0.123367517,0.158785041,0,0.176977658,0,0.308761001,0.315275639,0.000328093,0.192222998
0.221637744,0.033417793,0.053587996,0,0.074270379,0,0.641711295,0.448661685,0.001109042,0.105884507
0.057293657,0.000154151,0.004798177,0,0.014648873,0.0511139,0.000328093,0.293922007,0.000465656,0.308761001
3.41114E-05,0,0,0,0,0.178217903,0.001109042,0.192222998,0,0.641711295
0,0,0,0,0,0.163054347,0.000465656,0.105884507,0,0.000328093
0,0,0,0,0,0.07816536,0,0.308761001,0.0511139,0.001109042
0,0,0,0,0,0.034205906,0,0.641711295,0.178217903,0.000465656
0,0,0,0,0,0,0.0511139,0.000328093,0.163054347,0
0,0,0,0,0,0.040714934,0.178217903,0.001109042,0.07816536,0
0,0,0,0.010365576,0,0,0.163054347,0.000465656,0.034205906,0.0511139
0,0,0,0.10412263,0,0.00011514,0.07816536,0,0,0.178217903
0,0,0,0.278629414,0,0.005348991,0.034205906,0,0.040714934,0.163054347
0,0,0,0.407806705,0,0.006692105,0,0.0511139,0,0.07816536
0,0.018129165,9.97578E-06,0.480577685,0,0.007338142,0.040714934,0.178217903,0.00011514,0.034205906
0.028168545,0.098892003,0.065960248,0.525078266,0.024634202,0.00134162,0,0.163054347,0.005348991,0
0.160302325,0.224293789,0.221993233,0.530232129,0.1388315,0.005068874,0.00011514,0.07816536,0.006692105,0.040714934
0.362082816,0.335391152,0.379960332,0.502002626,0.316784795,0,0.005348991,0.034205906,0.007338142,0
0.530113946,0.404257016,0.473395401,0.437831578,0.455255007,0.004298079,0.006692105,0,0.00134162,0.00011514
0.648287274,0.44592744,0.519037537,0.351699874,0.539025892,0.040113807,0.007338142,0.040714934,0.005068874,0.005348991
0.725233531,0.46954489,0.53764809,0.239025677,0.580651139,0.039530288,0.00134162,0,0,0.006692105
0.756899066,0.458529972,0.520718864,0.10842361,0.575155643,0.172492385,0.005068874,0.00011514,0.004298079,0.007338142
0.74096579,0.405668318,0.467542763,0.022472359,0.526155639,0.177829206,0,0.005348991,0.040113807,0.00134162
0.67887097,0.308281378,0.379580114,7.08008E-07,0.438464912,0.102210775,0.004298079,0.006692105,0.039530288,0.005068874
0.570235264,0.191771429,0.266716478,0,0.328380989,0.20730938,0.040113807,0.007338142,0.172492385,0
0.416920384,0.078755196,0.138112833,0,0.197238204,0.475461125,0.039530288,0.00134162,0.177829206,0.004298079
0.221637744,0.012112534,0.036178216,0,0.070617725,0.141887054,0.172492385,0.005068874,0.102210775,0.040113807
0.057293657,0,0.000114229,0,0.00858835,0.327527732,0.177829206,0,0.20730938,0.039530288
3.41114E-05,0,0,0,0,0.504896998,0.102210775,0.004298079,0.475461125,0.172492385
0,0,0,0,0,0.48300001,0.20730938,0.040113807,0.141887054,0.177829206
0,0,0,0,0,0.796491086,0.475461125,0.039530288,0.327527732,0.102210775
0,0,0,0,0,0.878681123,0.141887054,0.172492385,0.504896998,0.20730938
0,0,0,0,0,0.92308408,0.327527732,0.177829206,0.48300001,0.475461125
0,0,0,0,0,0.872821212,0.504896998,0.102210775,0.796491086,0.141887054
0,0,0,0.008339044,0,0.784222662,0.48300001,0.20730938,0.878681123,0.327527732
0,0,0,0.125738749,0,0.767829418,0.796491086,0.475461125,0.92308408,0.504896998
0,0,0,0.342778783,0,0.472474456,0.878681123,0.141887054,0.872821212,0.48300001
0,0,0,0.516879638,0,0.476989865,0.92308408,0.327527732,0.784222662,0.796491086
0,0.005753611,0,0.62658799,0,0.257362306,0.872821212,0.504896998,0.767829418,0.878681123
0.028168545,0.112826529,0.077506826,0.682536924,0.02556177,0.011186305,0.784222662,0.48300001,0.472474456,0.92308408
0.160302325,0.29605062,0.25839701,0.686536735,0.156097684,0.014955625,0.767829418,0.796491086,0.476989865,0.872821212
0.362082816,0.43061533,0.432675956,0.647163858,0.353591363,0.002415868,0.472474456,0.878681123,0.257362306,0.784222662
0.530113946,0.499194474,0.533182454,0.565915282,0.499175391,0,0.476989865,0.92308408,0.011186305,0.767829418
0.648287274,0.533077332,0.582899802,0.442333116,0.586025609,2.35E-05,0.257362306,0.872821212,0.014955625,0.472474456
0.725233531,0.549128151,0.605466964,0.276098901,0.629005684,0.097699091,0.011186305,0.784222662,0.002415868,0.476989865
0.756899066,0.52604716,0.588487885,0.097498627,0.620883644,0.202829719,0.014955625,0.767829418,0,0.257362306
0.74096579,0.463501501,0.526844348,0.005894177,0.566066032,0.005506005,0.002415868,0.472474456,2.35E-05,0.011186305
0.67887097,0.357537248,0.425540756,0,0.477118589,0.331511676,0,0.476989865,0.097699091,0.014955625
0.570235264,0.213653945,0.283684551,0,0.355129183,0.362930596,2.35E-05,0.257362306,0.202829719,0.002415868
0.416920384,0.067541782,0.112683202,0,0.203556536,0.674642086,0.097699091,0.011186305,0.005506005,0
0.221637744,0.000363079,0.012219102,0,0.062029891,0.816904426,0.202829719,0.014955625,0.331511676,2.35E-05
0.057293657,0,0,0,0.000766355,0.698124051,0.005506005,0.002415868,0.362930596,0.097699091
3.41114E-05,0,0,0,0,0.778733015,0.331511676,0,0.674642086,0.202829719
0,0,0,0,0,0.913042724,0.362930596,2.35E-05,0.816904426,0.005506005
0,0,0,0,0,0.807086647,0.674642086,0.097699091,0.698124051,0.331511676
0,0,0,0,0,0.686692834,0.816904426,0.202829719,0.778733015,0.362930596
0,0,0,0,0,0.686731339,0.698124051,0.005506005,0.913042724,0.674642086
0,0,0,0,0,0.640052736,0.778733015,0.331511676,0.807086647,0.816904426
0,0,0,0.001096135,0,0.483873397,0.913042724,0.362930596,0.686692834,0.698124051
0,0,0,0.107148217,0,0.256917894,0.807086647,0.674642086,0.686731339,0.778733015
0,0,0,0.329040347,0,0.257197738,0.686692834,0.816904426,0.640052736,0.913042724
0,0,0,0.517244325,0,0.348806858,0.686731339,0.698124051,0.483873397,0.807086647
0,0,0,0.630445419,0,0.785438538,0.640052736,0.778733015,0.256917894,0.686692834
0.028168545,0.109948012,0.051050887,0.687481075,0.008493476,0.710183978,0.483873397,0.913042724,0.257197738,0.686731339
0.160302325,0.328276278,0.221020596,0.695377762,0.147571789,0.631953299,0.256917894,0.807086647,0.348806858,0.640052736
0.362082816,0.500389856,0.4235184,0.661083169,0.380535076,0.581832588,0.257197738,0.686692834,0.785438538,0.483873397
0.530113946,0.582692407,0.553563866,0.581190504,0.530433368,0.137682393,0.348806858,0.686731339,0.710183978,0.256917894
0.648287274,0.619939029,0.625051986,0.450220806,0.610164795,0.345120698,0.785438538,0.640052736,0.631953299,0.257197738
0.725233531,0.636590034,0.650565976,0.265459406,0.649094112,0.621117353,0.710183978,0.483873397,0.581832588,0.348806858
0.756899066,0.608664542,0.631141084,0.079720202,0.640143269,0.686918616,0.631953299,0.256917894,0.137682393,0.785438538
0.74096579,0.533595096,0.566111088,0.000288221,0.589878402,0.366182357,0.581832588,0.257197738,0.345120698,0.710183978
0.67887097,0.406246521,0.444986446,0,0.502673365,0.401713967,0.137682393,0.348806858,0.621117353,0.631953299
0.570235264,0.214778245,0.268523736,0,0.376077865,0.326962322,0.345120698,0.785438538,0.686918616,0.581832588
0.416920384,0.0507441,0.084389002,0,0.21685208,0.272388577,0.621117353,0.710183978,0.366182357,0.137682393
0.221637744,0,0.000352542,0,0.065806525,0.137915522,0.686918616,0.631953299,0.401713967,0.345120698
0.057293657,0,0,0,0,0.491606623,0.366182357,0.581832588,0.326962322,0.621117353
3.41114E-05,0,0,0,0,0.81550777,0.401713967,0.137682393,0.272388577,0.686918616
0,0,0,0,0,0.468694687,0.326962322,0.345120698,0.137915522,0.366182357
0,0,0,0,0,0.342943013,0.272388577,0.621117353,0.491606623,0.401713967
0,0,0,0,0,0.217373967,0.137915522,0.686918616,0.81550777,0.326962322
0,0,0,0,0,0.136482522,0.491606623,0.366182357,0.468694687,0.272388577
0,0,0,0,0,0.165376976,0.81550777,0.401713967,0.342943013,0.137915522
0,0,0,0,0,0.096116997,0.468694687,0.326962322,0.217373967,0.491606623
0,0,0,0.055830753,0,0.112607621,0.342943013,0.272388577,0.136482522,0.81550777
0,0,0,0.244582415,0,0.253948212,0.217373967,0.137915522,0.165376976,0.468694687
0,0,0,0.450991233,0,0.345307529,0.136482522,0.491606623,0.096116997,0.342943013
0,0,0,0.572971741,0,0.607268155,0.165376976,0.81550777,0.112607621,0.217373967
0.028168545,0.064766638,0.004242237,0.641610296,0.00006223,0.895347476,0.096116997,0.468694687,0.253948212,0.136482522
0.160302325,0.255268649,0.135981336,0.660908146,0.108882234,0.818963051,0.112607621,0.342943013,0.345307529,0.165376976
0.362082816,0.453660127,0.354738922,0.637427114,0.329000576,0.633790016,0.253948212,0.217373967,0.607268155,0.096116997
0.530113946,0.542779921,0.46872776,0.566945239,0.488560151,0.659967601,0.345307529,0.136482522,0.895347476,0.112607621
0.648287274,0.584379829,0.526999394,0.445826035,0.575258615,0.461394429,0.607268155,0.165376976,0.818963051,0.253948212
0.725233531,0.610835519,0.57363402,0.27544807,0.625140117,0.492189974,0.895347476,0.096116997,0.633790016,0.345307529
0.756899066,0.591498424,0.575769929,0.091087146,0.627792799,0.166118383,0.818963051,0.112607621,0.659967601,0.607268155
0.74096579,0.522767137,0.528135535,0.001916967,0.588121505,0.193353608,0.633790016,0.253948212,0.461394429,0.895347476
0.67887097,0.398029936,0.418195272,0,0.507992297,0.095966294,0.659967601,0.345307529,0.492189974,0.818963051
0.570235264,0.214457839,0.262842486,0,0.38945216,0.067647651,0.461394429,0.607268155,0.166118383,0.633790016
0.416920384,0.053774111,0.090474622,0,0.242685424,0.088506259,0.492189974,0.895347476,0.193353608,0.659967601
0.221637744,0,0.001099239,0,0.082892423,0.073872171,0.166118383,0.818963051,0.095966294,0.461394429
0.057293657,0,0,0,0.000256649,0.057433523,0.193353608,0.633790016,0.067647651,0.492189974
3.41114E-05,0,0,0,0,0.093095124,0.095966294,0.659967601,0.088506259,0.166118383
0,0,0,0,0,0.081526995,0.067647651,0.461394429,0.073872171,0.193353608
0,0,0,0,0,0.039208543,0.088506259,0.492189974,0.057433523,0.095966294
0,0,0,0,0,0.060384121,0.073872171,0.166118383,0.093095124,0.067647651
0,0,0,0,0,0.181746393,0.057433523,0.193353608,0.081526995,0.088506259
0,0,0,0,0,0.13813591,0.093095124,0.095966294,0.039208543,0.073872171
0,0,0,0,0,0.097175375,0.081526995,0.067647651,0.060384121,0.057433523
0,0,0,0.036124838,0,0.06015899,0.039208543,0.088506259,0.181746393,0.093095124
0,0,0,0.227561325,0,0.006363994,0.060384121,0.073872171,0.13813591,0.081526995
0,0,0,0.474633847,0,2.03E-05,0.181746393,0.057433523,0.097175375,0.039208543
0,0,0,0.621990347,0,0.001948284,0.13813591,0.093095124,0.06015899,0.060384121
0.028168545,0.0412833,3.87821E-07,0.703798963,0,0.016269868,0.097175375,0.081526995,0.006363994,0.181746393
0.160302325,0.21719522,0.123562505,0.73605817,0.099302754,0.017550495,0.06015899,0.039208543,2.03E-05,0.13813591
0.362082816,0.437239152,0.350346208,0.727632665,0.322716078,0.05185781,0.006363994,0.060384121,0.001948284,0.097175375
0.530113946,0.555174385,0.470659642,0.67469884,0.515044317,0.09598355,2.03E-05,0.181746393,0.016269868,0.06015899
0.648287274,0.618641955,0.530772992,0.57147126,0.630605142,0.074015401,0.001948284,0.13813591,0.017550495,0.006363994
0.725233531,0.654165025,0.593863891,0.40257636,0.697638048,0.044333924,0.016269868,0.097175375,0.05185781,2.03E-05
0.756899066,0.644009549,0.61795828,0.167484634,0.716580655,0.155729219,0.017550495,0.06015899,0.09598355,0.001948284
0.74096579,0.584443909,0.591373309,0.018261165,0.694481821,0.077974565,0.05185781,0.006363994,0.074015401,0.016269868
0.67887097,0.461943299,0.497196321,0,0.629024793,0.106946424,0.09598355,2.03E-05,0.044333924,0.017550495
0.570235264,0.279176191,0.34426557,0,0.517746087,0.163002506,0.074015401,0.001948284,0.155729219,0.05185781
0.416920384,0.087129579,0.143554844,0,0.350324394,0.125205025,0.044333924,0.016269868,0.077974565,0.09598355
0.221637744,9.21049E-05,0.016104115,0,0.13445333,0.067675166,0.155729219,0.017550495,0.106946424,0.074015401
0.057293657,0,0,0,0.009415295,0.006749248,0.077974565,0.05185781,0.163002506,0.044333924
3.41114E-05,0,0,0,0,0.011403062,0.106946424,0.09598355,0.125205025,0.155729219
0,0,0,0,0,0.015527932,0.163002506,0.074015401,0.067675166,0.077974565
0,0,0,0,0,0.012834582,0.125205025,0.044333924,0.006749248,0.106946424
0,0,0,0,0,0.034771759,0.067675166,0.155729219,0.011403062,0.163002506
0,0,0,0,0,0.050172642,0.006749248,0.077974565,0.015527932,0.125205025
0,0,0,0,0,0.076260507,0.011403062,0.106946424,0.012834582,0.067675166
0,0,0,0,0,0.212555856,0.015527932,0.163002506,0.034771759,0.006749248
0,0,0,0.059198695,0,0.258392602,0.012834582,0.125205025,0.050172642,0.011403062
0,0,0,0.260889475,0,0.261120886,0.034771759,0.067675166,0.076260507,0.015527932
0,0,0,0.494000346,0,0.08972954,0.050172642,0.006749248,0.212555856,0.012834582
0,0,0,0.640014732,0,0.015675036,0.076260507,0.011403062,0.258392602,0.034771759
0.028168545,0.06350896,0.008823963,0.724162328,8.97956E-06,0,0.212555856,0.015527932,0.261120886,0.050172642
0.160302325,0.226344513,0.148806513,0.760361472,0.107371269,0,0.258392602,0.012834582,0.08972954,0.076260507
0.362082816,0.399621076,0.382050465,0.753486574,0.345519128,0,0.261120886,0.034771759,0.015675036,0.212555856
0.530113946,0.506024334,0.537776593,0.702994787,0.549781914,0,0.08972954,0.050172642,0,0.258392602
0.648287274,0.564421175,0.630873886,0.607318086,0.672936237,0,0.015675036,0.076260507,0,0.261120886
0.725233531,0.593604255,0.68064409,0.450924309,0.747078476,0.101061814,0,0.212555856,0,0.08972954
0.756899066,0.587792531,0.687478942,0.221824347,0.773695645,0.120749295,0,0.258392602,0,0.015675036
0.74096579,0.535570515,0.650252901,0.044805602,0.755049595,0.182267532,0,0.261120886,0,0
0.67887097,0.420190117,0.557936247,0,0.691801778,0.075609155,0,0.08972954,0.101061814,0
0.570235264,0.261012072,0.410027556,0,0.585818496,0.138091385,0,0.015675036,0.120749295,0
0.416920384,0.091215323,0.208916103,0,0.423246743,7.90E-05,0.101061814,0,0.182267532,0
0.221637744,0.004193493,0.048571953,0,0.193411402,0,0.120749295,0,0.075609155,0
0.057293657,0,0,0,0.03130264,7.36E-05,0.182267532,0,0.138091385,0.101061814
3.41114E-05,0,0,0,0,0.000228847,0.075609155,0,7.90E-05,0.120749295
0,0,0,0,0,0.000277969,0.138091385,0,0,0.182267532
0,0,0,0,0,0.651664972,7.90E-05,0.101061814,7.36E-05,0.075609155
0,0,0,0,0,0.864569783,0,0.120749295,0.000228847,0.138091385
0,0,0,0,0,0.745040953,7.36E-05,0.182267532,0.000277969,7.90E-05
0,0,0,0,0,0.778582692,0.000228847,0.075609155,0.651664972,0
0,0,0,0.003188397,0,0.795287371,0.000277969,0.138091385,0.864569783,7.36E-05
0,0,0,0.109267752,0,0.897818744,0.651664972,7.90E-05,0.745040953,0.000228847
0,0,0,0.338044572,0,0.88659513,0.864569783,0,0.778582692,0.000277969
0,0,0,0.544852225,0,0.710768342,0.745040953,7.36E-05,0.795287371,0.651664972
0,0.002818922,0,0.678220947,0,0.582394958,0.778582692,0.000228847,0.897818744,0.864569783
0.028168545,0.097517573,0.064778894,0.757915152,0.006130837,0.447959572,0.795287371,0.000277969,0.88659513,0.745040953
0.160302325,0.274908586,0.24802122,0.791492929,0.140814396,0.311122924,0.897818744,0.651664972,0.710768342,0.778582692
0.362082816,0.421797906,0.453188661,0.782322524,0.385471322,0.099691056,0.88659513,0.864569783,0.582394958,0.795287371
0.530113946,0.509333356,0.591517346,0.728302747,0.569509923,0.085809693,0.710768342,0.745040953,0.447959572,0.897818744
0.648287274,0.559454539,0.678417539,0.62888002,0.684429851,0.236667052,0.582394958,0.778582692,0.311122924,0.88659513
0.725233531,0.584622242,0.722725413,0.473381589,0.751421627,0.43822372,0.447959572,0.795287371,0.099691056,0.710768342
0.756899066,0.574000643,0.726041432,0.250336495,0.768361416,0.717240393,0.311122924,0.897818744,0.085809693,0.582394958
0.74096579,0.51615533,0.68809343,0.060944371,0.738304208,0.8129673,0.099691056,0.88659513,0.236667052,0.447959572
0.67887097,0.407322889,0.597813196,1.38311E-06,0.665766586,0.545247614,0.085809693,0.710768342,0.43822372,0.311122924
0.570235264,0.260508761,0.456730347,0,0.553962919,0.39265734,0.236667052,0.582394958,0.717240393,0.099691056
0.416920384,0.102553694,0.26401039,0,0.390631997,0.642879963,0.43822372,0.447959572,0.8129673,0.085809693
0.221637744,0.014300045,0.077175757,0,0.177615609,0.519030392,0.717240393,0.311122924,0.545247614,0.236667052
0.057293657,0,1.34011E-05,0,0.030836673,0.43005681,0.8129673,0.099691056,0.39265734,0.43822372
3.41114E-05,0,0,0,0,0.011039912,0.545247614,0.085809693,0.642879963,0.717240393
0,0,0,0,0,0.374893755,0.39265734,0.236667052,0.519030392,0.8129673
0,0,0,0,0,0.323595554,0.642879963,0.43822372,0.43005681,0.545247614
0,0,0,0,0,0.28742072,0.519030392,0.717240393,0.011039912,0.39265734
0,0,0,0,0,0.406802684,0.43005681,0.8129673,0.374893755,0.642879963
0,0,0,0,0,0.316344827,0.011039912,0.545247614,0.323595554,0.519030392
0,0,0,0.025073524,0,0.279798567,0.374893755,0.39265734,0.28742072,0.43005681
0,0,0,0.167213774,0,0.009317757,0.323595554,0.642879963,0.406802684,0.011039912
0,0,0,0.390428629,0,0.331345528,0.28742072,0.519030392,0.316344827,0.374893755
0,0,0,0.568145263,0,0.130919352,0.406802684,0.43005681,0.279798567,0.323595554
0,0.037532443,0.003868023,0.68711925,0,0.003302492,0.316344827,0.011039912,0.009317757,0.28742072
0.028168545,0.140088176,0.101290592,0.758916818,0.041892604,0.005010888,0.279798567,0.374893755,0.331345528,0.406802684
0.160302325,0.26583767,0.294546236,0.783747726,0.197856604,0.000304395,0.009317757,0.323595554,0.130919352,0.316344827
0.362082816,0.377160786,0.469067997,0.762441927,0.408958317,0.000422955,0.331345528,0.28742072,0.003302492,0.279798567
0.530113946,0.447654768,0.578649811,0.698253468,0.567525801,0,0.130919352,0.406802684,0.005010888,0.009317757
0.648287274,0.48532939,0.644331343,0.596198017,0.67165112,0,0.003302492,0.316344827,0.000304395,0.331345528
0.725233531,0.506184212,0.685036796,0.450350691,0.73352516,0.000423818,0.005010888,0.279798567,0.000422955,0.130919352
0.756899066,0.498039613,0.683616935,0.250833166,0.745181335,0.013640633,0.000304395,0.009317757,0,0.003302492
0.74096579,0.446905322,0.634604094,0.068891904,0.702036772,0.036823757,0.000422955,0.331345528,0,0.005010888
0.67887097,0.35310421,0.539979251,0.000116228,0.612361932,0.176990777,0,0.130919352,0.000423818,0.000304395
0.570235264,0.230271213,0.40483065,0,0.487108263,0.276975691,0,0.003302492,0.013640633,0.000422955
0.416920384,0.103127727,0.236368341,0,0.326528888,0.38549161,0.000423818,0.005010888,0.036823757,0
0.221637744,0.022464273,0.074067777,0,0.143563538,0.325363547,0.013640633,0.000304395,0.176990777,0
0.057293657,0,0.000948928,0,0.025041943,0.502069533,0.036823757,0.000422955,0.276975691,0.000423818
3.41114E-05,0,0,0,0,0.487383723,0.176990777,0,0.38549161,0.013640633
0,0,0,0,0,0.07464166,0.276975691,0,0.325363547,0.036823757
0,0,0,0,0,0.513041496,0.38549161,0.000423818,0.502069533,0.176990777
0,0,0,0,0,0.374370486,0.325363547,0.013640633,0.487383723,0.276975691
0,0,0,0,0,0.603776991,0.502069533,0.036823757,0.07464166,0.38549161
0,0,0,4.61733E-05,0,0.461283565,0.487383723,0.176990777,0.513041496,0.325363547
0,0,0,0.051132897,0,0.527458489,0.07464166,0.276975691,0.374370486,0.502069533
0,0,0,0.201223075,0,0.537802756,0.513041496,0.38549161,0.603776991,0.487383723
0,0,0,0.390759057,0,0.84047395,0.374370486,0.325363547,0.461283565,0.07464166
0,1.48304E-05,0,0.542294478,0,0.782890916,0.603776991,0.502069533,0.527458489,0.513041496
0,0.041901765,0.031332117,0.648332113,0,0.805661976,0.461283565,0.487383723,0.537802756,0.374370486
0.028168545,0.137421175,0.139127236,0.716780582,0.047171215,0.937437594,0.527458489,0.07464166,0.84047395,0.603776991
0.160302325,0.242002969,0.297028066,0.738765045,0.187775675,0.950480282,0.537802756,0.513041496,0.782890916,0.461283565
0.362082816,0.338567293,0.445079902,0.712781336,0.367188644,0.434049129,0.84047395,0.374370486,0.805661976,0.527458489
0.530113946,0.401563541,0.543373462,0.645864238,0.510468614,0.879519641,0.782890916,0.603776991,0.937437594,0.537802756
0.648287274,0.436941314,0.603885151,0.546613672,0.608344035,0.851208627,0.805661976,0.461283565,0.950480282,0.84047395
0.725233531,0.462796942,0.640312384,0.412264722,0.666862404,0.928982675,0.937437594,0.527458489,0.434049129,0.782890916
0.756899066,0.459183438,0.637826805,0.237827855,0.676640003,0.886400998,0.950480282,0.537802756,0.879519641,0.805661976
0.74096579,0.413408086,0.591346389,0.072066607,0.63468312,0.782507002,0.434049129,0.84047395,0.851208627,0.937437594
0.67887097,0.329442766,0.502125418,0.001617507,0.547155048,0.756378293,0.879519641,0.782890916,0.928982675,0.950480282
0.570235264,0.222679736,0.380468501,0,0.426888148,0.823476315,0.851208627,0.805661976,0.886400998,0.434049129
0.416920384,0.114757868,0.228503579,0,0.281131836,0.860235214,0.928982675,0.937437594,0.782507002,0.879519641
0.221637744,0.032010288,0.078080236,0,0.125623376,0.961100221,0.886400998,0.950480282,0.756378293,0.851208627
0.057293657,0.000034643,0.005393065,0,0.024670557,0.941586673,0.782507002,0.434049129,0.823476315,0.928982675
3.41114E-05,0,0,0,0,0.948060751,0.756378293,0.879519641,0.860235214,0.886400998
0,0,0,0,0,0.968795002,0.823476315,0.851208627,0.961100221,0.782507002
0,0,0,0,0,0.920570195,0.860235214,0.928982675,0.941586673,0.756378293
0,0,0,0,0,0.915033162,0.961100221,0.886400998,0.948060751,0.823476315
0,0,0,0,0,0.93106705,0.941586673,0.782507002,0.968795002,0.860235214
0,0,0,9.70967E-05,0,0.964147449,0.948060751,0.756378293,0.920570195,0.961100221
0,0,0,0.036548051,0,0.865228295,0.968795002,0.823476315,0.915033162,0.941586673
0,0,0,0.143809314,0,0.630746245,0.920570195,0.860235214,0.93106705,0.948060751
0,0,0,0.289325059,0,0.548930883,0.915033162,0.961100221,0.964147449,0.968795002
0,7.14015E-05,0,0.404995217,0,0.839797556,0.93106705,0.941586673,0.865228295,0.920570195
0,0.031869727,0.025743095,0.485059818,0,0.626507342,0.964147449,0.948060751,0.630746245,0.915033162
0.028168545,0.10870986,0.110508646,0.540685957,0.02963198,0.406345069,0.865228295,0.968795002,0.548930883,0.93106705
0.160302325,0.206185735,0.245873715,0.551912019,0.135438419,0.422324628,0.630746245,0.920570195,0.839797556,0.964147449
0.362082816,0.305360592,0.384765591,0.52513961,0.287872523,0.390160412,0.548930883,0.915033162,0.626507342,0.865228295
0.530113946,0.37405333,0.478454849,0.46760344,0.413572375,0.215015948,0.839797556,0.93106705,0.406345069,0.630746245
0.648287274,0.412433023,0.533131936,0.384929871,0.496553231,0.251458287,0.626507342,0.964147449,0.422324628,0.548930883
0.725233531,0.434805188,0.560503147,0.28015749,0.54165551,0.403544754,0.406345069,0.865228295,0.390160412,0.839797556
0.756899066,0.429373165,0.550105804,0.154844094,0.541526563,0.524721861,0.422324628,0.630746245,0.215015948,0.626507342
0.74096579,0.392086579,0.504116346,0.046888747,0.503830855,0.417192131,0.390160412,0.548930883,0.251458287,0.406345069
0.67887097,0.319812186,0.424875087,0.002993463,0.432579925,0.29080385,0.215015948,0.839797556,0.403544754,0.422324628
0.570235264,0.221984813,0.322115372,0,0.332956098,0.508419752,0.251458287,0.626507342,0.524721861,0.390160412
0.416920384,0.12148518,0.198185993,0,0.21481898,0.613990784,0.403544754,0.406345069,0.417192131,0.215015948
0.221637744,0.037536667,0.076320581,0,0.099509431,0.755406201,0.524721861,0.422324628,0.29080385,0.251458287
0.057293657,0.001276633,0.011554049,0,0.023984818,0.76316303,0.417192131,0.390160412,0.508419752,0.403544754
3.41114E-05,0,0,0,5.33106E-06,0.89406544,0.29080385,0.215015948,0.613990784,0.524721861
0,0,0,0,0,0.905935585,0.508419752,0.251458287,0.755406201,0.417192131
0,0,0,0,0,0.973092675,0.613990784,0.403544754,0.76316303,0.29080385
0,0,0,0,0,0.858394384,0.755406201,0.524721861,0.89406544,0.508419752
0,0,0,0,0,0.888274908,0.76316303,0.417192131,0.905935585,0.613990784
0,0,0,6.97174E-07,0,0.828928947,0.89406544,0.29080385,0.973092675,0.755406201
0,0,0,0.013549298,0,0.893690944,0.905935585,0.508419752,0.858394384,0.76316303
0,0,0,0.070179459,0,0.863422811,0.973092675,0.613990784,0.888274908,0.89406544
0,0,0,0.1649287,0,0.591598213,0.858394384,0.755406201,0.828928947,0.905935585
0,0,0,0.24537725,0,0.425245762,0.888274908,0.76316303,0.893690944,0.973092675
0,0.018367976,0.008699189,0.303188768,0,0.16295065,0.828928947,0.89406544,0.863422811,0.858394384
0.028168545,0.073878282,0.057796778,0.349695235,0.019176917,0.0406061,0.893690944,0.905935585,0.591598213,0.888274908
0.160302325,0.162886631,0.158517318,0.369299561,0.097453136,0.007073462,0.863422811,0.973092675,0.425245762,0.828928947
0.362082816,0.264600588,0.276008548,0.356433124,0.226656626,0.026672075,0.591598213,0.858394384,0.16295065,0.893690944
0.530113946,0.345009389,0.359633278,0.315890947,0.344153534,0.036231555,0.425245762,0.888274908,0.0406061,0.863422811
0.648287274,0.395807962,0.406551005,0.25738533,0.423652467,0.104993083,0.16295065,0.828928947,0.007073462,0.591598213
0.725233531,0.421341656,0.431033394,0.181499574,0.467690279,0.002954858,0.0406061,0.893690944,0.026672075,0.425245762
0.756899066,0.413537762,0.426120426,0.094245247,0.470649699,5.17E-05,0.007073462,0.863422811,0.036231555,0.16295065
0.74096579,0.372044019,0.392856392,0.026673526,0.436196213,0.231597468,0.026672075,0.591598213,0.104993083,0.0406061
0.67887097,0.301515608,0.327540149,0.001714032,0.37098972,0.02157902,0.036231555,0.425245762,0.002954858,0.007073462
0.570235264,0.211032957,0.243267778,0,0.283949661,0.785671294,0.104993083,0.16295065,5.17E-05,0.026672075
0.416920384,0.114473305,0.149093864,0,0.181293397,0.773067832,0.002954858,0.0406061,0.231597468,0.036231555
0.221637744,0.03487298,0.060032846,0,0.082196902,0.930281758,5.17E-05,0.007073462,0.02157902,0.104993083
0.057293657,0.001742103,0.010929424,0,0.019225853,0.912500381,0.231597468,0.026672075,0.785671294,0.002954858
3.41114E-05,0,0,0,4.95409E-06,0.991850436,0.02157902,0.036231555,0.773067832,5.17E-05
0,0,0,0,0,0.997183025,0.785671294,0.104993083,0.930281758,0.231597468
0,0,0,0,0,0.998820007,0.773067832,0.002954858,0.912500381,0.02157902
0,0,0,0,0,0.988576114,0.930281758,5.17E-05,0.991850436,0.785671294
0,0,0,0,0,0.987490177,0.912500381,0.231597468,0.997183025,0.773067832
0,0,0,0,0,0.966065586,0.991850436,0.02157902,0.998820007,0.930281758
0,0,0,0.009289247,0,0.966192782,0.997183025,0.785671294,0.988576114,0.912500381
0,0,0,0.072100959,0,0.992122948,0.998820007,0.773067832,0.987490177,0.991850436
0,0,0,0.190405276,0,0.99207449,0.988576114,0.930281758,0.966065586,0.997183025
0,0,0,0.277139654,0,0.985871851,0.987490177,0.912500381,0.966192782,0.998820007
0,0.021596612,0.001614276,0.331102721,0,0.912636936,0.966065586,0.991850436,0.992122948,0.988576114
0.028168545,0.096107401,0.054766203,0.378329198,0.0177531,1,0.966192782,0.997183025,0.99207449,0.987490177
0.160302325,0.208913968,0.182334557,0.400660292,0.099663088,1,0.992122948,0.998820007,0.985871851,0.966065586
0.362082816,0.322561179,0.32461304,0.392230459,0.239711236,1,0.99207449,0.988576114,0.912636936,0.966192782
0.530113946,0.412043789,0.422807408,0.350881023,0.360126451,1,0.985871851,0.987490177,1,0.992122948
0.648287274,0.468468826,0.475910669,0.284926348,0.435836919,1,0.912636936,0.966065586,1,0.99207449
0.725233531,0.49205162,0.504584821,0.199204372,0.478373291,0.999357283,1,0.966192782,1,0.985871851
0.756899066,0.484090573,0.497714406,0.107543947,0.484508526,0.973172128,1,0.992122948,1,0.912636936
0.74096579,0.436573502,0.453280358,0.031123546,0.449445168,0.988195121,1,0.99207449,1,1
0.67887097,0.351093142,0.376573745,0.000395911,0.378401934,0.753647685,1,0.985871851,0.999357283,1
0.570235264,0.241245504,0.274951864,0,0.285959871,0.903469324,1,0.912636936,0.973172128,1
0.416920384,0.123367517,0.158785041,0,0.176977658,0.855964899,0.999357283,1,0.988195121,1
0.221637744,0.033417793,0.053587996,0,0.074270379,0.965489328,0.973172128,1,0.753647685,1
0.057293657,0.000154151,0.004798177,0,0.014648873,0.518625796,0.988195121,1,0.903469324,0.999357283
3.41114E-05,0,0,0,0,0.404243648,0.753647685,1,0.855964899,0.973172128
0,0,0,0,0,0.955841482,0.903469324,1,0.965489328,0.988195121
0,0,0,0,0,0.902587056,0.855964899,0.999357283,0.518625796,0.753647685
0,0,0,0,0,0.833757401,0.965489328,0.973172128,0.404243648,0.903469324
0,0,0,0,0,0.595389485,0.518625796,0.988195121,0.955841482,0.855964899
0,0,0,0,0,0.507802248,0.404243648,0.753647685,0.902587056,0.965489328
0,0,0,0.010365576,0,0.492616057,0.955841482,0.903469324,0.833757401,0.518625796
0,0,0,0.10412263,0,0.583466828,0.902587056,0.855964899,0.595389485,0.404243648
0,0,0,0.278629414,0,0.0049446,0.833757401,0.965489328,0.507802248,0.955841482
0,0,0,0.407806705,0,0.023828983,0.595389485,0.518625796,0.492616057,0.902587056
0,0.018129165,9.97578E-06,0.480577685,0,0.00051596,0.507802248,0.404243648,0.583466828,0.833757401
0.028168545,0.098892003,0.065960248,0.525078266,0.024634202,0.003811433,0.492616057,0.955841482,0.0049446,0.595389485
0.160302325,0.224293789,0.221993233,0.530232129,0.1388315,0.004492204,0.583466828,0.902587056,0.023828983,0.507802248
0.362082816,0.335391152,0.379960332,0.502002626,0.316784795,0.04070691,0.0049446,0.833757401,0.00051596,0.492616057
0.530113946,0.404257016,0.473395401,0.437831578,0.455255007,0.025645019,0.023828983,0.595389485,0.003811433,0.583466828
0.648287274,0.44592744,0.519037537,0.351699874,0.539025892,0.148547709,0.00051596,0.507802248,0.004492204,0.0049446
0.725233531,0.46954489,0.53764809,0.239025677,0.580651139,0.032718968,0.003811433,0.492616057,0.04070691,0.023828983
0.756899066,0.458529972,0.520718864,0.10842361,0.575155643,0.301874906,0.004492204,0.583466828,0.025645019,0.00051596
0.74096579,0.405668318,0.467542763,0.022472359,0.526155639,0.388644904,0.04070691,0.0049446,0.148547709,0.003811433
0.67887097,0.308281378,0.379580114,7.08008E-07,0.438464912,0.507278144,0.025645019,0.023828983,0.032718968,0.004492204
0.570235264,0.191771429,0.266716478,0,0.328380989,0.485150129,0.148547709,0.00051596,0.301874906,0.04070691
0.416920384,0.078755196,0.138112833,0,0.197238204,0.5977,0.032718968,0.003811433,0.388644904,0.025645019
0.221637744,0.012112534,0.036178216,0,0.070617725,0.777572513,0.301874906,0.004492204,0.507278144,0.148547709
0.057293657,0,0.000114229,0,0.00858835,0.905500472,0.388644904,0.04070691,0.485150129,0.032718968
3.41114E-05,0,0,0,0,0.918302298,0.507278144,0.025645019,0.5977,0.301874906
0,0,0,0,0,0.93642807,0.485150129,0.148547709,0.777572513,0.388644904
0,0,0,0,0,0.980234683,0.5977,0.032718968,0.905500472,0.507278144
0,0,0,0,0,0.997672081,0.777572513,0.301874906,0.918302298,0.485150129
0,0,0,0,0,0.997290134,0.905500472,0.388644904,0.93642807,0.5977
0,0,0,0,0,0.997363389,0.918302298,0.507278144,0.980234683,0.777572513
0,0,0,0.008339044,0,1,0.93642807,0.485150129,0.997672081,0.905500472
0,0,0,0.125738749,0,1,0.980234683,0.5977,0.997290134,0.918302298
0,0,0,0.342778783,0,1,0.997672081,0.777572513,0.997363389,0.93642807
0,0,0,0.516879638,0,1,0.997290134,0.905500472,1,0.980234683
0,0.005753611,0,0.62658799,0,1,0.997363389,0.918302298,1,0.997672081
0.028168545,0.112826529,0.077506826,0.682536924,0.02556177,0.997597039,1,0.93642807,1,0.997290134
0.160302325,0.29605062,0.25839701,0.686536735,0.156097684,1,1,0.980234683,1,0.997363389
0.362082816,0.43061533,0.432675956,0.647163858,0.353591363,1,1,0.997672081,1,1
0.530113946,0.499194474,0.533182454,0.565915282,0.499175391,0.990978003,1,0.997290134,0.997597039,1
0.648287274,0.533077332,0.582899802,0.442333116,0.586025609,0.932233751,1,0.997363389,1,1
0.725233531,0.549128151,0.605466964,0.276098901,0.629005684,1,0.997597039,1,1,1
0.756899066,0.52604716,0.588487885,0.097498627,0.620883644,0.868762195,1,1,0.990978003,1
0.74096579,0.463501501,0.526844348,0.005894177,0.566066032,0.655033052,1,1,0.932233751,0.997597039
0.67887097,0.357537248,0.425540756,0,0.477118589,0.466116309,0.990978003,1,1,1
0.570235264,0.213653945,0.283684551,0,0.355129183,0.808867455,0.932233751,1,0.868762195,1
0.416920384,0.067541782,0.112683202,0,0.203556536,0.259511918,1,0.997597039,0.655033052,0.990978003
0.221637744,0.000363079,0.012219102,0,0.062029891,0.330851376,0.868762195,1,0.466116309,0.932233751
0.057293657,0,0,0,0.000766355,0.520800292,0.655033052,1,0.808867455,1
3.41114E-05,0,0,0,0,0.637001514,0.466116309,0.990978003,0.259511918,0.868762195
0,0,0,0,0,0.550767601,0.808867455,0.932233751,0.330851376,0.655033052
0,0,0,0,0,0.509570956,0.259511918,1,0.520800292,0.466116309
0,0,0,0,0,0.708533406,0.330851376,0.868762195,0.637001514,0.808867455
0,0,0,0,0,0.85241431,0.520800292,0.655033052,0.550767601,0.259511918
0,0,0,0,0,0.992044389,0.637001514,0.466116309,0.509570956,0.330851376
0,0,0,0.001096135,0,0.576828361,0.550767601,0.808867455,0.708533406,0.520800292
0,0,0,0.107148217,0,0.499022454,0.509570956,0.259511918,0.85241431,0.637001514
0,0,0,0.329040347,0,0.734134138,0.708533406,0.330851376,0.992044389,0.550767601
0,0,0,0.517244325,0,0.998327315,0.85241431,0.520800292,0.576828361,0.509570956
0,0,0,0.630445419,0,1,0.992044389,0.637001514,0.499022454,0.708533406
0.028168545,0.109948012,0.051050887,0.687481075,0.008493476,1,0.576828361,0.550767601,0.734134138,0.85241431
0.160302325,0.328276278,0.221020596,0.695377762,0.147571789,1,0.499022454,0.509570956,0.998327315,0.992044389
0.362082816,0.500389856,0.4235184,0.661083169,0.380535076,1,0.734134138,0.708533406,1,0.576828361
0.530113946,0.582692407,0.553563866,0.581190504,0.530433368,1,0.998327315,0.85241431,1,0.499022454
0.648287274,0.619939029,0.625051986,0.450220806,0.610164795,1,1,0.992044389,1,0.734134138
0.725233531,0.636590034,0.650565976,0.265459406,0.649094112,0.998755574,1,0.576828361,1,0.998327315
0.756899066,0.608664542,0.631141084,0.079720202,0.640143269,0.877889574,1,0.499022454,1,1
0.74096579,0.533595096,0.566111088,0.000288221,0.589878402,0.882909715,1,0.734134138,1,1
0.67887097,0.406246521,0.444986446,0,0.502673365,0.950754344,1,0.998327315,0.998755574,1
0.570235264,0.214778245,0.268523736,0,0.376077865,0.974348128,1,1,0.877889574,1
0.416920384,0.0507441,0.084389002,0,0.21685208,1,0.998755574,1,0.882909715,1
0.221637744,0,0.000352542,0,0.065806525,0.994307339,0.877889574,1,0.950754344,1
0.057293657,0,0,0,0,0.99816674,0.882909715,1,0.974348128,0.998755574
3.41114E-05,0,0,0,0,0.991348386,0.950754344,1,1,0.877889574
0,0,0,0,0,0.9349401,0.974348128,1,0.994307339,0.882909715
0,0,0,0,0,0.895884573,1,0.998755574,0.99816674,0.950754344
0,0,0,0,0,0.905766428,0.994307339,0.877889574,0.991348386,0.974348128
0,0,0,0,0,0.955079734,0.99816674,0.882909715,0.9349401,1
0,0,0,0,0,0.985930979,0.991348386,0.950754344,0.895884573,0.994307339
0,0,0,0,0,0.937855124,0.9349401,0.974348128,0.905766428,0.99816674
0,0,0,0.055830753,0,0.827365756,0.895884573,1,0.955079734,0.991348386
0,0,0,0.244582415,0,0.673906088,0.905766428,0.994307339,0.985930979,0.9349401
0,0,0,0.450991233,0,0.525920928,0.955079734,0.99816674,0.937855124,0.895884573
0,0,0,0.572971741,0,0.250736058,0.985930979,0.991348386,0.827365756,0.905766428
0.028168545,0.064766638,0.004242237,0.641610296,0.00006223,0.346493572,0.937855124,0.9349401,0.673906088,0.955079734
0.160302325,0.255268649,0.135981336,0.660908146,0.108882234,0.175522581,0.827365756,0.895884573,0.525920928,0.985930979
0.362082816,0.453660127,0.354738922,0.637427114,0.329000576,0.151652679,0.673906088,0.905766428,0.250736058,0.937855124
0.530113946,0.542779921,0.46872776,0.566945239,0.488560151,0.26580295,0.525920928,0.955079734,0.346493572,0.827365756
0.648287274,0.584379829,0.526999394,0.445826035,0.575258615,0.76519984,0.250736058,0.985930979,0.175522581,0.673906088
0.725233531,0.610835519,0.57363402,0.27544807,0.625140117,0.561110258,0.346493572,0.937855124,0.151652679,0.525920928
0.756899066,0.591498424,0.575769929,0.091087146,0.627792799,0.201530188,0.175522581,0.827365756,0.26580295,0.250736058
0.74096579,0.522767137,0.528135535,0.001916967,0.588121505,0.469632506,0.151652679,0.673906088,0.76519984,0.346493572
0.67887097,0.398029936,0.418195272,0,0.507992297,0.65647018,0.26580295,0.525920928,0.561110258,0.175522581
0.570235264,0.214457839,0.262842486,0,0.38945216,0.907784522,0.76519984,0.250736058,0.201530188,0.151652679
0.416920384,0.053774111,0.090474622,0,0.242685424,0.838078797,0.561110258,0.346493572,0.469632506,0.26580295
0.221637744,0,0.001099239,0,0.082892423,0.612954617,0.201530188,0.175522581,0.65647018,0.76519984
0.057293657,0,0,0,0.000256649,0.935695052,0.469632506,0.151652679,0.907784522,0.561110258
3.41114E-05,0,0,0,0,0.891264915,0.65647018,0.26580295,0.838078797,0.201530188
0,0,0,0,0,0.901794314,0.907784522,0.76519984,0.612954617,0.469632506
0,0,0,0,0,0.580896437,0.838078797,0.561110258,0.935695052,0.65647018
0,0,0,0,0,0.671883285,0.612954617,0.201530188,0.891264915,0.907784522
0,0,0,0,0,0.730931163,0.935695052,0.469632506,0.901794314,0.838078797
0,0,0,0,0,0.847759366,0.891264915,0.65647018,0.580896437,0.612954617
0,0,0,0,0,0.570566654,0.901794314,0.907784522,0.671883285,0.935695052
0,0,0,0.036124838,0,0.587459981,0.580896437,0.838078797,0.730931163,0.891264915
0,0,0,0.227561325,0,0.430522531,0.671883285,0.612954617,0.847759366,0.901794314
0,0,0,0.474633847,0,0.295325905,0.730931163,0.935695052,0.570566654,0.580896437
0,0,0,0.621990347,0,0.230751023,0.847759366,0.891264915,0.587459981,0.671883285
0.028168545,0.0412833,3.87821E-07,0.703798963,0,0.038637538,0.570566654,0.901794314,0.430522531,0.730931163
0.160302325,0.21719522,0.123562505,0.73605817,0.099302754,0.027972339,0.587459981,0.580896437,0.295325905,0.847759366
0.362082816,0.437239152,0.350346208,0.727632665,0.322716078,0.003821803,0.430522531,0.671883285,0.230751023,0.570566654
0.530113946,0.555174385,0.470659642,0.67469884,0.515044317,0,0.295325905,0.730931163,0.038637538,0.587459981
0.648287274,0.618641955,0.530772992,0.57147126,0.630605142,0,0.230751023,0.847759366,0.027972339,0.430522531
0.725233531,0.654165025,0.593863891,0.40257636,0.697638048,0,0.038637538,0.570566654,0.003821803,0.295325905
0.756899066,0.644009549,0.61795828,0.167484634,0.716580655,0,0.027972339,0.587459981,0,0.230751023
0.74096579,0.584443909,0.591373309,0.018261165,0.694481821,0.000138296,0.003821803,0.430522531,0,0.038637538
0.67887097,0.461943299,0.497196321,0,0.629024793,2.39E-05,0,0.295325905,0,0.027972339
0.570235264,0.279176191,0.34426557,0,0.517746087,0.112759262,0,0.230751023,0,0.003821803
0.416920384,0.087129579,0.143554844,0,0.350324394,0.065083273,0,0.038637538,0.000138296,0
0.221637744,9.21049E-05,0.016104115,0,0.13445333,0.03785,0,0.027972339,2.39E-05,0
0.057293657,0,0,0,0.009415295,0.050265197,0.000138296,0.003821803,0.112759262,0
3.41114E-05,0,0,0,0,0.024401449,2.39E-05,0,0.065083273,0
0,0,0,0,0,0.080658779,0.112759262,0,0.03785,0.000138296
0,0,0,0,0,0.09083049,0.065083273,0,0.050265197,2.39E-05
0,0,0,0,0,0.102932185,0.03785,0,0.024401449,0.112759262
0,0,0,0,0,0.053545624,0.050265197,0.000138296,0.080658779,0.065083273
0,0,0,0,0,0.036750425,0.024401449,2.39E-05,0.09083049,0.03785
0,0,0,0,0,0.068198405,0.080658779,0.112759262,0.102932185,0.050265197
0,0,0,0.059198695,0,0.046863131,0.09083049,0.065083273,0.053545624,0.024401449
0,0,0,0.260889475,0,0.107855961,0.102932185,0.03785,0.036750425,0.080658779
0,0,0,0.494000346,0,0.073769592,0.053545624,0.050265197,0.068198405,0.09083049
0,0,0,0.640014732,0,0.096204944,0.036750425,0.024401449,0.046863131,0.102932185
0.028168545,0.06350896,0.008823963,0.724162328,8.97956E-06,0.090888523,0.068198405,0.080658779,0.107855961,0.053545624
0.160302325,0.226344513,0.148806513,0.760361472,0.107371269,0.204916432,0.046863131,0.09083049,0.073769592,0.036750425
0.362082816,0.399621076,0.382050465,0.753486574,0.345519128,0.614287555,0.107855961,0.102932185,0.096204944,0.068198405
0.530113946,0.506024334,0.537776593,0.702994787,0.549781914,0.396234602,0.073769592,0.053545624,0.090888523,0.046863131
0.648287274,0.564421175,0.630873886,0.607318086,0.672936237,0.44301182,0.096204944,0.036750425,0.204916432,0.107855961
0.725233531,0.593604255,0.68064409,0.450924309,0.747078476,0.563068867,0.090888523,0.068198405,0.614287555,0.073769592
0.756899066,0.587792531,0.687478942,0.221824347,0.773695645,0.578494728,0.204916432,0.046863131,0.396234602,0.096204944
0.74096579,0.535570515,0.650252901,0.044805602,0.755049595,0.554012716,0.614287555,0.107855961,0.44301182,0.090888523
0.67887097,0.420190117,0.557936247,0,0.691801778,0.288248062,0.396234602,0.073769592,0.563068867,0.204916432
0.570235264,0.261012072,0.410027556,0,0.585818496,0.377781332,0.44301182,0.096204944,0.578494728,0.614287555
0.416920384,0.091215323,0.208916103,0,0.423246743,0.522050619,0.563068867,0.090888523,0.554012716,0.396234602
0.221637744,0.004193493,0.048571953,0,0.193411402,0.467802584,0.578494728,0.204916432,0.288248062,0.44301182
0.057293657,0,0,0,0.03130264,0.643998861,0.554012716,0.614287555,0.377781332,0.563068867
3.41114E-05,0,0,0,0,0.491686612,0.288248062,0.396234602,0.522050619,0.578494728
0,0,0,0,0,0.568493903,0.377781332,0.44301182,0.467802584,0.554012716
0,0,0,0,0,0.501532674,0.522050619,0.563068867,0.643998861,0.288248062
0,0,0,0,0,0.558961034,0.467802584,0.578494728,0.491686612,0.377781332
0,0,0,0,0,0.585154474,0.643998861,0.554012716,0.568493903,0.522050619
0,0,0,0,0,0.75543189,0.491686612,0.288248062,0.501532674,0.467802584
0,0,0,0.003188397,0,0.795613706,0.568493903,0.377781332,0.558961034,0.643998861
0,0,0,0.109267752,0,0.470140994,0.501532674,0.522050619,0.585154474,0.491686612
0,0,0,0.338044572,0,0.695743799,0.558961034,0.467802584,0.75543189,0.568493903
0,0,0,0.544852225,0,0.287195146,0.585154474,0.643998861,0.795613706,0.501532674
0,0.002818922,0,0.678220947,0,0.180981278,0.75543189,0.491686612,0.470140994,0.558961034
0.028168545,0.097517573,0.064778894,0.757915152,0.006130837,0.270533502,0.795613706,0.568493903,0.695743799,0.585154474
0.160302325,0.274908586,0.24802122,0.791492929,0.140814396,0.15253976,0.470140994,0.501532674,0.287195146,0.75543189
0.362082816,0.421797906,0.453188661,0.782322524,0.385471322,0.258310646,0.695743799,0.558961034,0.180981278,0.795613706
0.530113946,0.509333356,0.591517346,0.728302747,0.569509923,0.239578649,0.287195146,0.585154474,0.270533502,0.470140994
0.648287274,0.559454539,0.678417539,0.62888002,0.684429851,0.367282093,0.180981278,0.75543189,0.15253976,0.695743799
0.725233531,0.584622242,0.722725413,0.473381589,0.751421627,0.713304579,0.270533502,0.795613706,0.258310646,0.287195146
0.756899066,0.574000643,0.726041432,0.250336495,0.768361416,0.965839982,0.15253976,0.470140994,0.239578649,0.180981278
0.74096579,0.51615533,0.68809343,0.060944371,0.738304208,0.98267597,0.258310646,0.695743799,0.367282093,0.270533502
0.67887097,0.407322889,0.597813196,1.38311E-06,0.665766586,0.967140913,0.239578649,0.287195146,0.713304579,0.15253976
0.570235264,0.260508761,0.456730347,0,0.553962919,0.94022572,0.367282093,0.180981278,0.965839982,0.258310646
0.416920384,0.102553694,0.26401039,0,0.390631997,1,0.713304579,0.270533502,0.98267597,0.239578649
0.221637744,0.014300045,0.077175757,0,0.177615609,1,0.965839982,0.15253976,0.967140913,0.367282093
0.057293657,0,1.34011E-05,0,0.030836673,0.999328613,0.98267597,0.258310646,0.94022572,0.713304579
3.41114E-05,0,0,0,0,1,0.967140913,0.239578649,1,0.965839982
0,0,0,0,0,1,0.94022572,0.367282093,1,0.98267597
0,0,0,0,0,1,1,0.713304579,0.999328613,0.967140913
0,0,0,0,0,1,1,0.965839982,1,0.94022572
0,0,0,0,0,1,0.999328613,0.98267597,1,1
0,0,0,0,0,1,1,0.967140913,1,1
0,0,0,0.025073524,0,1,1,0.94022572,1,0.999328613
0,0,0,0.167213774,0,1,1,1,1,1
0,0,0,0.390428629,0,1,1,1,1,1
0,0,0,0.568145263,0,1,1,0.999328613,1,1
0,0.037532443,0.003868023,0.68711925,0,0.996403456,1,1,1,1
0.028168545,0.140088176,0.101290592,0.758916818,0.041892604,0.998555899,1,1,1,1
0.160302325,0.26583767,0.294546236,0.783747726,0.197856604,0.999556422,1,1,1,1
0.362082816,0.377160786,0.469067997,0.762441927,0.408958317,1,1,1,0.996403456,1
0.530113946,0.447654768,0.578649811,0.596198017,0.567525801,1,1,1,0.998555899,1
0.648287274,0.48532939,0.644331343,0.450350691,0.67165112,1,0.996403456,1,0.999556422,1
0.725233531,0.506184212,0.685036796,0.250833166,0.73352516,1,0.998555899,1,1,1
0.756899066,0.498039613,0.683616935,0.068891904,0.745181335,1,0.999556422,1,1,0.996403456
0.74096579,0.446905322,0.634604094,0.000116228,0.702036772,1,1,1,1,0.998555899
0.67887097,0.35310421,0.539979251,0,0.612361932,0.973407686,1,1,1,0.999556422
0.570235264,0.230271213,0.40483065,0,0.487108263,1,1,0.996403456,1,1
0.416920384,0.103127727,0.236368341,0,0.326528888,0.997388422,1,0.998555899,1,1
0.221637744,0.022464273,0.074067777,0,0.143563538,1,1,0.999556422,0.973407686,1
0.057293657,0,0.000948928,0,0.025041943,1,1,1,1,1
3.41114E-05,0,0,0,0,1,0.973407686,1,0.997388422,1
0,0,0,0,0,1,1,1,1,1
0,0,0,0,0,1,0.997388422,1,1,0.973407686
0,0,0,0,0,1,1,1,1,1
0,0,0,4.61733E-05,0,1,1,1,1,0.997388422
0,0,0,0.051132897,0,0.996692479,1,0.973407686,1,1
0,0,0,0.201223075,0,0.986106217,1,1,1,1
0,0,0,0.390759057,0,0.830490291,1,0.997388422,1,1
0,0,0,0.542294478,0,0.984547555,1,1,0.996692479,1
0,1.48304E-05,0,0.648332113,0,0.995860219,1,1,0.986106217,1
0,0.041901765,0.031332117,0.716780582,0,0.998548567,0.996692479,1,0.830490291,1
0.028168545,0.137421175,0.139127236,0.738765045,0.047171215,1,0.986106217,1,0.984547555,1
0.160302325,0.242002969,0.297028066,0.712781336,0.187775675,1,0.830490291,1,0.995860219,0.996692479
0.362082816,0.338567293,0.445079902,0.645864238,0.367188644,0.987661898,0.984547555,1,0.998548567,0.986106217
0.530113946,0.401563541,0.543373462,0.546613672,0.510468614,0.929287195,0.995860219,1,1,0.830490291
0.648287274,0.436941314,0.603885151,0.412264722,0.608344035,0.636888027,0.998548567,0.996692479,1,0.984547555
0.725233531,0.462796942,0.640312384,0.237827855,0.666862404,0.740845442,1,0.986106217,0.987661898,0.995860219
0.756899066,0.459183438,0.637826805,0.072066607,0.676640003,0.817976415,1,0.830490291,0.929287195,0.998548567
0.74096579,0.413408086,0.591346389,0.001617507,0.63468312,0.960086107,0.987661898,0.984547555,0.636888027,1
0.67887097,0.329442766,0.502125418,0,0.547155048,0.71339941,0.929287195,0.995860219,0.740845442,1
0.570235264,0.222679736,0.380468501,0,0.426888148,0.355768859,0.636888027,0.998548567,0.817976415,0.987661898
0.416920384,0.114757868,0.228503579,0,0.281131836,0.474314272,0.740845442,1,0.960086107,0.929287195
0.221637744,0.032010288,0.078080236,0,0.125623376,0.432657957,0.817976415,1,0.71339941,0.636888027
0.057293657,0.000034643,0.005393065,0,0.024670557,0.329274833,0.960086107,0.987661898,0.355768859,0.740845442
3.41114E-05,0,0,0,0,0.20771575,0.71339941,0.929287195,0.474314272,0.817976415
0,0,0,0,0,0.460252374,0.355768859,0.636888027,0.432657957,0.960086107
0,0,0,0,0,0.473238468,0.474314272,0.740845442,0.329274833,0.71339941
0,0,0,0,0,0.408804983,0.432657957,0.817976415,0.20771575,0.355768859
0,0,0,9.70967E-05,0,0.201744765,0.329274833,0.960086107,0.460252374,0.474314272
0,0,0,0.036548051,0,0.037803769,0.20771575,0.71339941,0.473238468,0.432657957
0,0,0,0.143809314,0,0.00342655,0.460252374,0.355768859,0.408804983,0.329274833
0,0,0,0.289325059,0,0,0.473238468,0.474314272,0.201744765,0.20771575
0,0,0,0.404995217,0,0.010366648,0.408804983,0.432657957,0.037803769,0.460252374
0,7.14015E-05,0,0.485059818,0,0.112903237,0.201744765,0.329274833,0.00342655,0.473238468
0,0.031869727,0.025743095,0.540685957,0,0.130460471,0.037803769,0.20771575,0,0.408804983
0.028168545,0.10870986,0.110508646,0.551912019,0.02963198,0.232340381,0.00342655,0.460252374,0.010366648,0.201744765
0.160302325,0.206185735,0.245873715,0.52513961,0.135438419,0.177164316,0,0.473238468,0.112903237,0.037803769
0.362082816,0.305360592,0.384765591,0.46760344,0.287872523,0.128224477,0.010366648,0.408804983,0.130460471,0.00342655
0.530113946,0.37405333,0.478454849,0.384929871,0.413572375,0.311851412,0.112903237,0.201744765,0.232340381,0
0.648287274,0.412433023,0.533131936,0.28015749,0.496553231,0.422870398,0.130460471,0.037803769,0.177164316,0.010366648
0.725233531,0.434805188,0.560503147,0.154844094,0.54165551,0.781858802,0.232340381,0.00342655,0.128224477,0.112903237
0.756899066,0.429373165,0.550105804,0.046888747,0.541526563,0.893890321,0.177164316,0,0.311851412,0.130460471
0.74096579,0.392086579,0.504116346,0.002993463,0.503830855,0.873706818,0.128224477,0.010366648,0.422870398,0.232340381
0.67887097,0.319812186,0.424875087,0,0.432579925,0.58424437,0.311851412,0.112903237,0.781858802,0.177164316
0.570235264,0.221984813,0.322115372,0,0.332956098,0.594130218,0.422870398,0.130460471,0.893890321,0.128224477
0.416920384,0.12148518,0.198185993,0,0.21481898,0.521914363,0.781858802,0.232340381,0.873706818,0.311851412
0.221637744,0.037536667,0.076320581,0,0.099509431,0.791925788,0.893890321,0.177164316,0.58424437,0.422870398
0.057293657,0.001276633,0.011554049,0,0.023984818,0.934484065,0.873706818,0.128224477,0.594130218,0.781858802
3.41114E-05,0,0,0,5.33106E-06,0.993899047,0.58424437,0.311851412,0.521914363,0.893890321
0,0,0,0,0,0.998444855,0.594130218,0.422870398,0.791925788,0.873706818
0,0,0,0,0,0.999046147,0.521914363,0.781858802,0.934484065,0.58424437
0,0,0,0,0,1,0.791925788,0.893890321,0.993899047,0.594130218
0,0,0,6.97174E-07,0,1,0.934484065,0.873706818,0.998444855,0.521914363
0,0,0,0.013549298,0,1,0.993899047,0.58424437,0.999046147,0.791925788
0,0,0,0.070179459,0,1,0.998444855,0.594130218,1,0.934484065
0,0,0,0.1649287,0,0.827690244,0.999046147,0.521914363,1,0.993899047
0,0,0,0.24537725,0,1,1,0.791925788,1,0.998444855
0,0,0,0.303188768,0,0.998596668,1,0.934484065,1,0.999046147
0,0.018367976,0.008699189,0.349695235,0,1,1,0.993899047,0.827690244,1
0.028168545,0.073878282,0.057796778,0.369299561,0.019176917,1,1,0.998444855,1,1
0.160302325,0.162886631,0.158517318,0.356433124,0.097453136,1,0.827690244,0.999046147,0.998596668,1
0.362082816,0.264600588,0.276008548,0.315890947,0.226656626,1,1,1,1,1
0.530113946,0.345009389,0.359633278,0.25738533,0.344153534,1,0.998596668,1,1,0.827690244
0.648287274,0.395807962,0.406551005,0.181499574,0.423652467,1,1,1,1,1
0.725233531,0.421341656,0.431033394,0.094245247,0.467690279,1,1,1,1,0.998596668
0.756899066,0.413537762,0.426120426,0.026673526,0.470649699,1,1,0.827690244,1,1
0.74096579,0.372044019,0.392856392,0.001714032,0.436196213,1,1,1,1,1
0.67887097,0.301515608,0.327540149,0,0.37098972,1,1,0.998596668,1,1
0.570235264,0.211032957,0.243267778,0,0.283949661,1,1,1,1,1
0.416920384,0.114473305,0.149093864,0,0.181293397,1,1,1,1,1
0.221637744,0.03487298,0.060032846,0,0.082196902,1,1,1,1,1
0.057293657,0.001742103,0.010929424,0,0.019225853,1,1,1,1,1
3.41114E-05,0,0,0,4.95409E-06,0.99656862,1,1,1,1
0,0,0,0,0,1,1,1,1,1
0,0,0,0,0,1,1,1,1,1
0,0,0,0,0,0.999269187,1,1,0.99656862,1
0,0,0,0,0,0.975154102,1,1,1,1
0,0,0,0.009289247,0,0.970688224,0.99656862,1,1,1
0,0,0,0.072100959,0,0.969700456,1,1,0.999269187,1
0,0,0,0.190405276,0,0.031813394,1,1,0.975154102,0.99656862
0,0,0,0.277139654,0,0.725517869,0.999269187,1,0.970688224,1
0,0,0,0.331102721,0,0.668382466,0.975154102,1,0.969700456,1
0,0.021596612,0.001614276,0.378329198,0,0.53322202,0.970688224,0.99656862,0.031813394,0.999269187
0.028168545,0.096107401,0.054766203,0.400660292,0.0177531,0.941174865,0.969700456,1,0.725517869,0.975154102
0.160302325,0.208913968,0.182334557,0.392230459,0.099663088,0.904115558,0.031813394,1,0.668382466,0.970688224
0.362082816,0.322561179,0.32461304,0.350881023,0.239711236,0.719636738,0.725517869,0.999269187,0.53322202,0.969700456
0.530113946,0.412043789,0.422807408,0.284926348,0.360126451,0.29992196,0.668382466,0.975154102,0.941174865,0.031813394
0.648287274,0.468468826,0.475910669,0.199204372,0.435836919,0.255118966,0.53322202,0.970688224,0.904115558,0.725517869
0.725233531,0.49205162,0.504584821,0.107543947,0.478373291,0.505675673,0.941174865,0.969700456,0.719636738,0.668382466
0.756899066,0.484090573,0.497714406,0.031123546,0.484508526,0.899923265,0.904115558,0.031813394,0.29992196,0.53322202
0.74096579,0.436573502,0.453280358,0.000395911,0.449445168,0.988318086,0.719636738,0.725517869,0.255118966,0.941174865
0.67887097,0.351093142,0.376573745,0,0.378401934,0.305529714,0.29992196,0.668382466,0.505675673,0.904115558
0.570235264,0.241245504,0.274951864,0,0.285959871,0.445487559,0.255118966,0.53322202,0.899923265,0.719636738
0.416920384,0.123367517,0.158785041,0,0.176977658,0.304045409,0.505675673,0.941174865,0.988318086,0.29992196
0.221637744,0.033417793,0.053587996,0,0.074270379,0.617810786,0.899923265,0.904115558,0.305529714,0.255118966
0.057293657,0.000154151,0.004798177,0,0.014648873,0.652051687,0.988318086,0.719636738,0.445487559,0.505675673
3.41114E-05,0,0,0,0,0.569944978,0.305529714,0.29992196,0.304045409,0.899923265
0,0,0,0,0,0.623258889,0.445487559,0.255118966,0.617810786,0.988318086
0,0,0,0,0,0.694188416,0.304045409,0.505675673,0.652051687,0.305529714
0,0,0,0,0,0.647399664,0.617810786,0.899923265,0.569944978,0.445487559
0,0,0,0,0,0.381773531,0.652051687,0.988318086,0.623258889,0.304045409
